Name,Symbol,Date,Open,High,Low,Close,Volume ETH
Etherium,ETH,22/09/2020,340.31,346.91,335.34,344.21,842731.1288
Etherium,ETH,23/09/2020,344.18,344.65,313.29,320.72,940904.4976
Etherium,ETH,24/09/2020,320.72,353.1,316.67,348.97,1071705.097
Etherium,ETH,25/09/2020,348.97,358,337.58,351.92,860643.7792
Etherium,ETH,26/09/2020,351.93,356.4,345.88,353.92,530879.2076
Etherium,ETH,27/09/2020,353.95,362.14,347.24,357.49,569568.5504
Etherium,ETH,28/09/2020,357.58,368.2,351.7,353.96,757758.4304
Etherium,ETH,29/09/2020,353.91,360.63,350.45,359.79,585143.1689
Etherium,ETH,30/09/2020,359.78,361.5,351.56,359.83,498943.2323
Etherium,ETH,01/10/2020,359.83,370.45,345.51,352.85,758349.3196
Etherium,ETH,02/10/2020,352.83,354.55,334.24,345.6,733571.8421
Etherium,ETH,03/10/2020,345.6,351,343.7,345.95,303595.719
Etherium,ETH,04/10/2020,345.94,354.45,343.81,352.37,343932.9171
Etherium,ETH,05/10/2020,352.34,356.1,348.54,353.62,376740.3069
Etherium,ETH,06/10/2020,353.63,355.1,336.8,340.75,640063.2695
Etherium,ETH,07/10/2020,340.8,342.85,332.18,341.58,541928.8638
Etherium,ETH,08/10/2020,341.58,353.32,334.21,350.95,631794.8756
Etherium,ETH,09/10/2020,350.94,368.33,347.32,365.02,650478.1934
Etherium,ETH,10/10/2020,365.01,378.4,364.71,370.52,591005.3213
Etherium,ETH,11/10/2020,370.51,377.6,368.87,374.16,373318.2378
Etherium,ETH,12/10/2020,374.17,394.8,365.58,386.51,844422.6544
Etherium,ETH,13/10/2020,386.51,387.75,374.51,381.04,645141.9139
Etherium,ETH,14/10/2020,381.05,387.41,373.13,378.69,569557.8294
Etherium,ETH,15/10/2020,378.69,381.79,369.85,377.64,634038.0945
Etherium,ETH,16/10/2020,377.63,379.83,361.18,365.5,654029.364
Etherium,ETH,17/10/2020,365.5,370.46,363.36,368.32,285578.2454
Etherium,ETH,18/10/2020,368.31,378.64,367.1,378.11,323468.471
Etherium,ETH,19/10/2020,378.12,384.32,372.5,379.3,577252.9027
Etherium,ETH,20/10/2020,379.3,380.73,365.27,368.52,617309.8168
Etherium,ETH,21/10/2020,368.53,401.49,367.74,390.38,1221663.638
Etherium,ETH,22/10/2020,390.31,420.73,390.21,413.98,1095897.207
Etherium,ETH,23/10/2020,413.94,419.33,401.3,409.11,727832.3224
Etherium,ETH,24/10/2020,409.19,416.66,407,412.14,419236.8711
Etherium,ETH,25/10/2020,412.14,417.4,402.5,405.86,415586.9761
Etherium,ETH,26/10/2020,405.85,411.11,382.3,392.52,895142.6727
Etherium,ETH,27/10/2020,392.52,410.25,389.9,403.45,754244.3755
Etherium,ETH,28/10/2020,403.41,409.2,380.52,388.23,855275.4688
Etherium,ETH,29/10/2020,388.22,393.72,380.52,387.13,573096.0142
Etherium,ETH,30/10/2020,387.12,391.97,373.29,382.49,771750.7475
Etherium,ETH,31/10/2020,382.59,394.88,379.9,386.46,467453.8105
Etherium,ETH,01/11/2020,386.44,398.29,384.61,396.67,438952.9557
Etherium,ETH,02/11/2020,396.68,404.5,377.92,383.02,779968.5796
Etherium,ETH,03/11/2020,383.01,390,370.23,387.88,752954.3711
Etherium,ETH,04/11/2020,387.88,408.39,376.47,402.49,1157064.351
Etherium,ETH,05/11/2020,402.5,420.4,396.14,416.69,1475139.773
Etherium,ETH,06/11/2020,416.73,458.27,414.76,455.91,1682440.96
Etherium,ETH,07/11/2020,455.91,468.28,424.14,435.21,1653416.596
Etherium,ETH,08/11/2020,435.2,460.1,431.99,454.3,840908.4684
Etherium,ETH,09/11/2020,454.29,459.1,433.09,444.32,1099213.246
Etherium,ETH,10/11/2020,444.32,455,438.7,450.34,866872.4111
Etherium,ETH,11/11/2020,450.34,476.25,449.28,463.09,1205782.843
Etherium,ETH,12/11/2020,463.09,470,451.2,462.39,990776.6291
Etherium,ETH,13/11/2020,462.48,478.01,457.12,476.43,976665.0975
Etherium,ETH,14/11/2020,476.42,477.47,452,460.89,735252.7854
Etherium,ETH,15/11/2020,460.9,462.89,440.19,448.08,665217.5667
Etherium,ETH,16/11/2020,448.07,466,445.45,460.55,812060.4464
Etherium,ETH,17/11/2020,460.51,484.88,459.8,482.15,1151573.375
Etherium,ETH,18/11/2020,482.11,495.31,456.6,478.41,1477696.291
Etherium,ETH,19/11/2020,478.43,480.75,464.86,471.25,817418.5269
Etherium,ETH,20/11/2020,471.26,514.4,470.65,510.12,1516361.907
Etherium,ETH,21/11/2020,510.12,553.32,502.82,552.35,1548851.291
Etherium,ETH,22/11/2020,552.42,580.88,511.28,560.03,1850317.936
Etherium,ETH,23/11/2020,560.03,610.85,550.12,608.58,2076008.848
Etherium,ETH,24/11/2020,608.58,623,585,604.97,1606450.492
Etherium,ETH,25/11/2020,604.98,606,553.83,569.5,1219440.027
Etherium,ETH,26/11/2020,569.38,577.14,481,519.83,2683460.742
Etherium,ETH,27/11/2020,519.83,530.62,493.72,518.68,1088064.281
Etherium,ETH,28/11/2020,518.59,547.94,506.59,537.52,900508.6143
Etherium,ETH,29/11/2020,537.5,576.9,530.32,576.3,855276.4666
Etherium,ETH,30/11/2020,576.32,616.85,570.07,616.66,1501989.454
Etherium,ETH,01/12/2020,616.65,635.7,560,585.26,2163875.814
Etherium,ETH,02/12/2020,585.26,604.93,575,596.89,1069538.656
Etherium,ETH,03/12/2020,596.88,623.44,585.82,615.85,935687.9172
Etherium,ETH,04/12/2020,615.84,620,565.82,567.24,1052452.787
Etherium,ETH,05/12/2020,567.24,597.11,560.88,596.8,701567.9556
Etherium,ETH,06/12/2020,596.82,607.5,583,601.54,602496.9634
Etherium,ETH,07/12/2020,601.59,603.15,584.22,591.28,498329.3759
Etherium,ETH,08/12/2020,591.27,595,549.22,554.94,804443.0072
Etherium,ETH,09/12/2020,554.92,578.08,530.43,573.09,997192.1674
Etherium,ETH,10/12/2020,573.2,575.7,548.11,558.99,608414.5147
Etherium,ETH,11/12/2020,558.99,560.8,535.5,544.43,768921.7832
Etherium,ETH,12/12/2020,544.46,574,543.1,568.04,573913.9531
Etherium,ETH,13/12/2020,568.09,595,563.22,590.7,657794.4616
Etherium,ETH,14/12/2020,590.81,591.48,575.6,586.29,493012.0271
Etherium,ETH,15/12/2020,586.29,597.2,578.58,588.64,569270.5201
Etherium,ETH,16/12/2020,588.78,640,580.71,637.18,1185588.051
Etherium,ETH,17/12/2020,637.18,676.25,625.76,642.7,2006130.02
Etherium,ETH,18/12/2020,642.71,664.61,629.4,653.85,1000012.98
Etherium,ETH,19/12/2020,653.76,669.95,645.42,658.03,858803.8846
Etherium,ETH,20/12/2020,658.05,661.39,621.01,638.18,823958.2284
Etherium,ETH,21/12/2020,638.1,648,595.9,607.58,843251.1657
Etherium,ETH,22/12/2020,607.68,637.73,588,636.45,918851.2565
Etherium,ETH,23/12/2020,636.41,638.44,551.28,585.56,1208807.365
Etherium,ETH,24/12/2020,585.48,615.02,565.43,612.31,886335.8633
Etherium,ETH,25/12/2020,612.31,634.24,604.28,626.82,798009.6292
Etherium,ETH,26/12/2020,626.78,652.91,615.26,637.44,958585.5065
Etherium,ETH,27/12/2020,637.44,717.13,625,685.11,1859968.15
Etherium,ETH,28/12/2020,685.1,748.09,681.04,730.41,1627154.393
Etherium,ETH,29/12/2020,730.4,740.78,689.2,732,1106876.359
Etherium,ETH,30/12/2020,732,758.74,716.62,752.17,1008574.099
Etherium,ETH,31/12/2020,752.17,755.74,722,736.42,863375.5798
Etherium,ETH,01/01/2021,736.42,749,714.29,728.91,675114.0933
Etherium,ETH,02/01/2021,728.91,787.69,714.91,774.56,1352618.577
Etherium,ETH,03/01/2021,774.44,1011.07,768.71,978.28,2813603.886
Etherium,ETH,04/01/2021,978.33,1162.97,890,1041.43,4245010.94
Etherium,ETH,05/01/2021,1041.45,1134.6,974.45,1099.56,2706995.675
Etherium,ETH,06/01/2021,1100.16,1213,1057.26,1208.42,2390136.593
Etherium,ETH,07/01/2021,1208.75,1289,1131,1224.87,1972922.821
Etherium,ETH,08/01/2021,1224.86,1273.75,1065,1216.93,2131172.923
Etherium,ETH,09/01/2021,1216.72,1304.37,1171.36,1276,1448871.115
Etherium,ETH,10/01/2021,1276,1348.33,1170,1254.25,1951179.35
Etherium,ETH,11/01/2021,1254.24,1260,915,1087.01,4068784.657
Etherium,ETH,12/01/2021,1087,1150.02,1006.33,1050.16,2302645.341
Etherium,ETH,13/01/2021,1050.36,1137.65,987.48,1129.89,1564202.391
Etherium,ETH,14/01/2021,1129.79,1247.55,1086.7,1231.62,1555737.386
Etherium,ETH,15/01/2021,1231.89,1256.98,1069.42,1168.53,1944038.837
Etherium,ETH,16/01/2021,1168.48,1298,1151.77,1227.83,1575384.438
Etherium,ETH,17/01/2021,1227.83,1269.02,1165,1232.45,1317285.006
Etherium,ETH,18/01/2021,1232.5,1260.75,1182.58,1258.45,998050.1107
Etherium,ETH,19/01/2021,1258.52,1438.3,1251.49,1365.36,2278852.558
Etherium,ETH,20/01/2021,1365.36,1407.93,1235.42,1376.99,2219137.621
Etherium,ETH,21/01/2021,1376.72,1390,1086,1110.96,2254164.804
Etherium,ETH,22/01/2021,1111.98,1273.79,1042.31,1232.62,2020593.217
Etherium,ETH,23/01/2021,1232.61,1272.44,1195.9,1233.6,1009545.083
Etherium,ETH,24/01/2021,1233.46,1398.83,1220,1392.51,1510879.538
Etherium,ETH,25/01/2021,1392.19,1475,1293.69,1317.88,1885441.313
Etherium,ETH,26/01/2021,1317.6,1378.49,1244.56,1365.97,1682923.658
Etherium,ETH,27/01/2021,1366.54,1373.9,1207,1239.03,2009772.084
Etherium,ETH,28/01/2021,1238.93,1360,1217.23,1329.69,1365269.72
Etherium,ETH,29/01/2021,1329.44,1436.9,1285.35,1379.5,2253963.187
Etherium,ETH,30/01/2021,1379.56,1406,1326.41,1378.05,1040042.236
Etherium,ETH,31/01/2021,1378.04,1380.74,1281.12,1312.55,958704.8557
Etherium,ETH,01/02/2021,1312.45,1377.99,1269.99,1374.17,1096397.919
Etherium,ETH,02/02/2021,1374.09,1547.9,1360.28,1511.87,1944227.999
Etherium,ETH,03/02/2021,1511.93,1669.35,1508.39,1664.49,1535869.888
Etherium,ETH,04/02/2021,1664.67,1695.2,1554.44,1595.67,1646502.33
Etherium,ETH,05/02/2021,1595.53,1760.49,1591,1719.19,1194123.299
Etherium,ETH,06/02/2021,1718.95,1743.67,1642.94,1676.35,1149808.331
Etherium,ETH,07/02/2021,1676.35,1693,1490.46,1611.62,1281734.868
Etherium,ETH,08/02/2021,1611.46,1775.57,1563.89,1750.15,1339777.095
Etherium,ETH,09/02/2021,1749.68,1821.88,1708.49,1769.13,1185071.896
Etherium,ETH,10/02/2021,1769.14,1837.86,1680,1740.78,1219932.255
Etherium,ETH,11/02/2021,1740.76,1819,1703.44,1785.62,735079.827
Etherium,ETH,12/02/2021,1785.83,1864.88,1739.88,1840.26,909600.2065
Etherium,ETH,13/02/2021,1840.24,1871.72,1765,1814.96,767589.0729
Etherium,ETH,14/02/2021,1815.25,1850,1784.11,1800.42,675261.7787
Etherium,ETH,15/02/2021,1800.03,1835.72,1655.67,1779.25,1053474.579
Etherium,ETH,16/02/2021,1779.33,1827.28,1724,1781.99,817493.4751
Etherium,ETH,17/02/2021,1781.99,1855,1733.01,1849.88,795711.6331
Etherium,ETH,18/02/2021,1849.7,1950.5,1849.69,1939.61,937227.1019
Etherium,ETH,19/02/2021,1938.91,1972.82,1891,1955,793404.4115
Etherium,ETH,20/02/2021,1955.46,2042.34,1803.14,1913,1261315.813
Etherium,ETH,21/02/2021,1912.9,1976.31,1883.01,1933.53,756568.1974
Etherium,ETH,22/02/2021,1933.54,1936.29,1551,1777.58,1807244.981
Etherium,ETH,23/02/2021,1777.42,1782.39,1355,1577.89,2547837.821
Etherium,ETH,24/02/2021,1577.79,1712.7,1500.2,1623.39,1384388.817
Etherium,ETH,25/02/2021,1623.16,1671.59,1459.16,1481.75,1032670.794
Etherium,ETH,26/02/2021,1482.08,1562.25,1400,1444.59,1355973.294
Etherium,ETH,27/02/2021,1444.56,1529,1425,1458.13,927423.0475
Etherium,ETH,28/02/2021,1458.27,1468.75,1293.18,1419.18,1410207.563
Etherium,ETH,01/03/2021,1418.67,1572,1409.91,1569.86,1094695.178
Etherium,ETH,02/03/2021,1570,1602.9,1455.52,1486.78,1061142.387
Etherium,ETH,03/03/2021,1486.79,1656.94,1475.47,1567.69,1054846.315
Etherium,ETH,04/03/2021,1567.68,1624.87,1506.36,1539.23,946365.6709
Etherium,ETH,05/03/2021,1539.22,1548.96,1441.66,1528.31,910786.2898
Etherium,ETH,06/03/2021,1528.08,1671.58,1513.03,1650.35,1013300.939
Etherium,ETH,07/03/2021,1650.68,1734.16,1630.35,1726.16,848470.7814
Etherium,ETH,08/03/2021,1726.46,1843.59,1664.96,1833.18,1149711.4
Etherium,ETH,09/03/2021,1833.22,1870.77,1798.2,1870.51,857229.4786
Etherium,ETH,10/03/2021,1870.5,1877.69,1757,1795.12,937230.6283
Etherium,ETH,11/03/2021,1795.28,1846.7,1725,1825.78,909011.4961
Etherium,ETH,12/03/2021,1825.78,1841.88,1719.72,1766.1,869564.6361
Etherium,ETH,13/03/2021,1766.13,1944.3,1727.75,1922.35,926283.2264
Etherium,ETH,14/03/2021,1922.35,1933.1,1836,1848.1,637963.6363
Etherium,ETH,15/03/2021,1848.1,1891.76,1730,1793.48,1025326.797
Etherium,ETH,16/03/2021,1793.99,1819.5,1711.68,1805.12,764993.4015
Etherium,ETH,17/03/2021,1805.01,1838.88,1741.18,1823.58,658349.4484
Etherium,ETH,18/03/2021,1823.58,1850,1759.04,1776.08,603721.6106
Etherium,ETH,19/03/2021,1775.92,1840.61,1733.47,1809.1,500258.4288
Etherium,ETH,20/03/2021,1809.01,1868.83,1800.86,1806.1,451556.1064
Etherium,ETH,21/03/2021,1806.57,1817.16,1747,1782.98,465953.9875
Etherium,ETH,22/03/2021,1783.23,1807.51,1655.15,1680.97,582727.4908
Etherium,ETH,23/03/2021,1681.17,1721.17,1650,1668.08,577213.9959
Etherium,ETH,24/03/2021,1668.2,1740.86,1536.92,1581.84,753834.5239
Etherium,ETH,25/03/2021,1581.88,1622,1549.4,1585.74,701697.0026
Etherium,ETH,26/03/2021,1585.83,1699.93,1585.79,1698.84,515470.9291
Etherium,ETH,27/03/2021,1698.84,1732.67,1666.41,1712.63,443845.4996
Etherium,ETH,28/03/2021,1712.52,1725.66,1661.4,1687.01,348895.5131
Etherium,ETH,29/03/2021,1687.16,1841,1677.85,1816.74,647724.4639
Etherium,ETH,30/03/2021,1816.76,1859.13,1786.3,1840.46,568842.0053
Etherium,ETH,31/03/2021,1840.41,1947.29,1768.15,1919.37,746995.8591
Etherium,ETH,01/04/2021,1919.37,1984.77,1885.02,1968.05,741585.0727
Etherium,ETH,02/04/2021,1968.05,2146,1948.48,2133.69,846197.9322
Etherium,ETH,03/04/2021,2133.69,2138.12,1996.3,2008.52,770176.3219
Etherium,ETH,04/04/2021,2008.59,2091.83,1975.24,2075.69,514345.7655
Etherium,ETH,05/04/2021,2075.7,2130.64,2002.15,2107.38,684923.6149
Etherium,ETH,06/04/2021,2107.43,2151,2044.65,2112.21,673386.0558
Etherium,ETH,07/04/2021,2112.22,2129.01,1930.01,1963.47,892984.9042
Etherium,ETH,08/04/2021,1963.46,2084.61,1947.35,2080.46,501355.998
Etherium,ETH,09/04/2021,2080.39,2100,2047.57,2066.87,426387.4379
Etherium,ETH,10/04/2021,2067.19,2200,2058,2133.49,655458.2089
Etherium,ETH,11/04/2021,2133.49,2165.02,2113.4,2151.36,392265.5077
Etherium,ETH,12/04/2021,2151.42,2203.46,2102,2137.69,579093.3569
Etherium,ETH,13/04/2021,2137.86,2318,2135.53,2299.19,782608.6209
Etherium,ETH,14/04/2021,2299.19,2447.29,2281.33,2432.6,972931.6087
Etherium,ETH,15/04/2021,2432.59,2543.47,2400,2514.04,681950.9665
Etherium,ETH,16/04/2021,2514.04,2548.29,2300,2422.67,999163.7521
Etherium,ETH,17/04/2021,2422.38,2495,2310,2317.6,624232.2557
Etherium,ETH,18/04/2021,2317.65,2340,1946.8,2235.64,1475383.692
Etherium,ETH,19/04/2021,2235.65,2300,2080,2161.12,820592.2656
Etherium,ETH,20/04/2021,2161.12,2346.62,2055,2330.03,992240.809
Etherium,ETH,21/04/2021,2330.26,2469.54,2235.16,2357.06,1177885.862
Etherium,ETH,22/04/2021,2357.06,2644.47,2303.44,2397.94,2220753.097
Etherium,ETH,23/04/2021,2397.94,2442.89,2107,2367.39,2532242.442
Etherium,ETH,24/04/2021,2367.39,2368.74,2154.8,2213.35,997688.9462
Etherium,ETH,25/04/2021,2214.08,2356.64,2168,2320.49,857517.3822
Etherium,ETH,26/04/2021,2320.44,2542.8,2303.64,2532.6,1076469.014
Etherium,ETH,27/04/2021,2532.06,2680,2480.29,2666.13,771728.4645
Etherium,ETH,28/04/2021,2666.13,2760,2559.44,2748.24,999383.1852
Etherium,ETH,29/04/2021,2748.23,2798,2668,2757.04,863890.0107
Etherium,ETH,30/04/2021,2757.04,2798.3,2723.09,2772.42,695339.2048
Etherium,ETH,01/05/2021,2772.42,2954.28,2743.41,2944.77,690260.0774
Etherium,ETH,02/05/2021,2944.83,2985,2852.26,2949.56,571982.5445
Etherium,ETH,03/05/2021,2949.33,3454,2949.32,3431.04,1329088.063
Etherium,ETH,04/05/2021,3431.04,3527,3160,3239.01,1826039.386
Etherium,ETH,05/05/2021,3239.01,3549.34,3200.23,3524.26,1174816.736
Etherium,ETH,06/05/2021,3524.33,3605.4,3376.47,3489.73,920592.5771
Etherium,ETH,07/05/2021,3489.74,3587,3353.23,3479.53,760544.6478
Etherium,ETH,08/05/2021,3479.79,3958.33,3449.27,3910.26,1130467.549
Etherium,ETH,09/05/2021,3910.26,3983.65,3726.08,3923.95,1000401.008
Etherium,ETH,10/05/2021,3923.95,4208,3650,3945.88,1505897.926
Etherium,ETH,11/05/2021,3946.63,4180.22,3771.64,4173.45,1095927.104
Etherium,ETH,12/05/2021,4173.46,4372.72,3701.58,3823.21,1601842.74
Etherium,ETH,13/05/2021,3810.15,4034.77,3500,3717.91,2068708.174
Etherium,ETH,14/05/2021,3717.92,4173.28,3691.35,4075.01,1153390.426
Etherium,ETH,15/05/2021,4075.02,4134.05,3632,3646.68,1039174.881
Etherium,ETH,16/05/2021,3646.24,3879,3343.06,3582.1,1324065.659
Etherium,ETH,17/05/2021,3581.81,3587.06,3102,3282.51,1904012.44
Etherium,ETH,18/05/2021,3282.25,3565.71,3240,3375.07,1287110.841
Etherium,ETH,19/05/2021,3375.08,3441.73,1888,2438.92,4309836.319
Etherium,ETH,20/05/2021,2438.92,2990.05,2155,2768.62,2942777.93
Etherium,ETH,21/05/2021,2767.87,2938.54,2101,2430.98,2727031.935
Etherium,ETH,22/05/2021,2430.98,2485,2145,2294.87,1684318.012
Etherium,ETH,23/05/2021,2295.45,2381.57,1728.74,2096.39,2914548.731
Etherium,ETH,24/05/2021,2096.63,2675,2079.94,2648.43,2186632.922
Etherium,ETH,25/05/2021,2647.92,2750,2378.54,2705.11,2115349.504
Etherium,ETH,26/05/2021,2705.1,2910,2643,2884.94,1583799.593
Etherium,ETH,27/05/2021,2884.82,2889.74,2633.68,2742.23,1099029.912
Etherium,ETH,28/05/2021,2742.23,2762.45,2327.38,2412.1,1554584.614
Etherium,ETH,29/05/2021,2412.34,2574.27,2204.1,2278.74,1379427.189
Etherium,ETH,30/05/2021,2278.74,2476.42,2180.53,2385.98,1151113.199
Etherium,ETH,31/05/2021,2385.82,2720,2271.44,2706.15,1307958.041
Etherium,ETH,01/06/2021,2706.15,2740,2523.74,2634.57,1179577.108
Etherium,ETH,02/06/2021,2634.31,2802.99,2550,2706.22,970070.5356
Etherium,ETH,03/06/2021,2706.21,2891.95,2662.4,2857.25,1024290.894
Etherium,ETH,04/06/2021,2857.25,2860,2552,2689.51,1188314.112
Etherium,ETH,05/06/2021,2689.54,2816.87,2552.23,2627.73,961824.1241
Etherium,ETH,06/06/2021,2627.63,2745,2614,2711.92,673792.6937
Etherium,ETH,07/06/2021,2711.92,2847.55,2570,2592.05,1152128.079
Etherium,ETH,08/06/2021,2592.05,2620.99,2304.91,2507.23,1693747.428
Etherium,ETH,09/06/2021,2507.43,2626.63,2405.28,2610.18,1276718.24
Etherium,ETH,10/06/2021,2610.2,2624.46,2425.11,2471.09,741237.4993
Etherium,ETH,11/06/2021,2471.01,2497.99,2321.37,2354.01,587364.2736
Etherium,ETH,12/06/2021,2354.09,2454.53,2256.22,2370.74,767439.4984
Etherium,ETH,13/06/2021,2370.64,2548.41,2308.41,2509.33,715948.7599
Etherium,ETH,14/06/2021,2509.33,2609.17,2461,2580.77,684183.5562
Etherium,ETH,15/06/2021,2580.58,2640,2507.7,2543.54,599826.6493
Etherium,ETH,16/06/2021,2543.55,2556.19,2351.18,2367.89,624741.7836
Etherium,ETH,17/06/2021,2368.02,2460.5,2306,2373.28,560667.5857
Etherium,ETH,18/06/2021,2373.28,2378,2139,2234.09,778905.202
Etherium,ETH,19/06/2021,2234.09,2278.82,2161.67,2164.67,496872.25
Etherium,ETH,20/06/2021,2165.34,2280.01,2040.68,2243.47,743883.6474
Etherium,ETH,21/06/2021,2243.49,2260.16,1865.54,1885.49,1629819.666
Etherium,ETH,22/06/2021,1885.27,1998,1700.48,1879.28,1695338.081
Etherium,ETH,23/06/2021,1879.29,2045,1821.95,1968.14,918612.3049
Etherium,ETH,24/06/2021,1967.95,2036.61,1884.79,1989.52,701231.6748
Etherium,ETH,25/06/2021,1989.53,2019.99,1791.22,1808.82,858808.5477
Etherium,ETH,26/06/2021,1808.97,1852.8,1717.32,1829.64,832315.149
Etherium,ETH,27/06/2021,1829.84,1984.5,1804.26,1982.28,696055.7931
Etherium,ETH,28/06/2021,1982.27,2145,1960.52,2084.41,1044244.683
Etherium,ETH,29/06/2021,2084.42,2245,2073.57,2165.33,831257.2328
Etherium,ETH,30/06/2021,2165.46,2287.78,2087.99,2275.68,910583.6032
Etherium,ETH,01/07/2021,2275.68,2275.93,2073.12,2106.41,787865.2514
Etherium,ETH,02/07/2021,2106.41,2160,2018.5,2154.13,672282.3748
Etherium,ETH,03/07/2021,2153.95,2240,2112.01,2226.99,569264.801
Etherium,ETH,04/07/2021,2226.99,2389.93,2189.58,2322.69,590656.2507
Etherium,ETH,05/07/2021,2322.69,2324.64,2157.32,2196.53,781806.3161
Etherium,ETH,06/07/2021,2196.85,2350,2193,2322.5,785330.1715
Etherium,ETH,07/07/2021,2322.51,2409,2291.9,2316.57,666501.3557
Etherium,ETH,08/07/2021,2316.25,2325.6,2084.79,2116.33,880265.0412
Etherium,ETH,09/07/2021,2116.32,2189.4,2046.51,2146.99,738611.363
Etherium,ETH,10/07/2021,2146.99,2194.82,2074.16,2110.69,499071.859
Etherium,ETH,11/07/2021,2110.68,2174,2081.02,2140.45,342294.403
Etherium,ETH,12/07/2021,2140.54,2167.83,2006.68,2031.58,540630.1074
Etherium,ETH,13/07/2021,2031.57,2047.35,1918,1940.15,647388.2497
Etherium,ETH,14/07/2021,1940.44,2019.18,1865,1994.58,690505.6094
Etherium,ETH,15/07/2021,1994.41,2042.88,1881,1919.51,645271.3256
Etherium,ETH,16/07/2021,1919.54,1965,1850,1876.26,577068.8972
Etherium,ETH,17/07/2021,1876.47,1919.19,1844.45,1899.59,430300.5158
Etherium,ETH,18/07/2021,1899.5,1993.79,1877.1,1891.64,534837.6365
Etherium,ETH,19/07/2021,1891.65,1919,1805,1818.73,547419.9377
Etherium,ETH,20/07/2021,1818.73,1841.34,1706,1786.03,786257.272
Etherium,ETH,21/07/2021,1786.03,2035.23,1747.55,1995.5,1115949.82
Etherium,ETH,22/07/2021,1995.5,2046,1947.62,2024.56,768854.3659
Etherium,ETH,23/07/2021,2024.27,2130.9,1993.22,2124.25,708160.9132
Etherium,ETH,24/07/2021,2124.26,2199.5,2105.58,2184.75,633075.1859
Etherium,ETH,25/07/2021,2184.9,2197.41,2105.93,2189.79,535630.27
Etherium,ETH,26/07/2021,2189.82,2433.65,2171.57,2228.08,1393738.163
Etherium,ETH,27/07/2021,2227.81,2319.26,2150.5,2299.49,906359.2348
Etherium,ETH,28/07/2021,2299.47,2345,2243.15,2300.9,718202.5773
Etherium,ETH,29/07/2021,2300.9,2400,2266.12,2382.92,499364.835
Etherium,ETH,30/07/2021,2382.93,2471.7,2315.92,2461.81,762577.288
Etherium,ETH,31/07/2021,2461.77,2553.86,2420.68,2531.05,507601.0503
Etherium,ETH,01/08/2021,2531.1,2697.61,2511.24,2555.69,853495.9408
Etherium,ETH,02/08/2021,2555.5,2666,2507,2606.93,726701.8495
Etherium,ETH,03/08/2021,2606.92,2632.44,2442.32,2509.04,792960.8438
Etherium,ETH,04/08/2021,2508.51,2772.71,2457.68,2724.78,954590.7536
Etherium,ETH,05/08/2021,2724.55,2843.98,2529.91,2826.99,1307720.207
Etherium,ETH,06/08/2021,2827.01,2946.75,2720.06,2891.58,825399.4864
Etherium,ETH,07/08/2021,2891.54,3171,2865.5,3160.31,1205277.101
Etherium,ETH,08/08/2021,3160.48,3189.99,2949.03,3011.85,966349.7058
Etherium,ETH,09/08/2021,3011.84,3186,2893.23,3160.52,1129584.616
Etherium,ETH,10/08/2021,3160.51,3233,3051.22,3141.66,880675.7444
Etherium,ETH,11/08/2021,3141.14,3274,3120.27,3160.5,732546.6043
Etherium,ETH,12/08/2021,3160.4,3239,2979.29,3045.96,737628.4581
Etherium,ETH,13/08/2021,3046.11,3327.83,3033.8,3322.32,579333.4032
Etherium,ETH,14/08/2021,3322.33,3330.98,3200,3263.16,486102.5379
Etherium,ETH,15/08/2021,3263.16,3320,3111.13,3307.09,565579.6777
Etherium,ETH,16/08/2021,3307.35,3335,3135.22,3146.53,635667.0542
Etherium,ETH,17/08/2021,3147.18,3290,2991.89,3011.72,804996.0697
Etherium,ETH,18/08/2021,3011.73,3125.81,2950,3014.55,625103.2557
Etherium,ETH,19/08/2021,3014.18,3188,2958.33,3184.12,634769.9217
Etherium,ETH,20/08/2021,3184.11,3300,3177.16,3284.82,558127.4554
Etherium,ETH,21/08/2021,3284.81,3309.16,3207,3223.43,421156.0908
Etherium,ETH,22/08/2021,3223.36,3272,3126.42,3238,406479.0765
Etherium,ETH,23/08/2021,3238,3377.89,3230.02,3321.28,602103.4461
Etherium,ETH,24/08/2021,3321.28,3357.85,3147.31,3170.62,540480.0785
Etherium,ETH,25/08/2021,3170.63,3248,3080,3226.87,483697.6944
Etherium,ETH,26/08/2021,3226.88,3250,3053.3,3093.2,442298.4737
Etherium,ETH,27/08/2021,3093.06,3280,3060.18,3273.45,451027.8071
Etherium,ETH,28/08/2021,3273.89,3287,3210.31,3244.48,262360.3492
Etherium,ETH,29/08/2021,3244.75,3285,3152.34,3223.47,335806.7827
Etherium,ETH,30/08/2021,3223.47,3347.95,3143,3229.64,625347.2754
Etherium,ETH,31/08/2021,3229.14,3476,3188.77,3429.2,863071.1309
Etherium,ETH,01/09/2021,3429.19,3842,3382.22,3826.82,845759.9587
Etherium,ETH,02/09/2021,3826.82,3836.8,3717.04,3785.82,525165.7996
Etherium,ETH,03/09/2021,3785.82,4027.88,3705.05,3938.11,655903.7574
Etherium,ETH,04/09/2021,3938.11,3970,3832.5,3885.52,364478.1193
Etherium,ETH,05/09/2021,3885.61,3980,3830,3950.29,365759.8597
Etherium,ETH,06/09/2021,3950.28,3970,3864.3,3926.77,397768.5783
Etherium,ETH,07/09/2021,3926.67,3947.15,3005,3434.57,1203536.002
Etherium,ETH,08/09/2021,3434.84,3560,3215.16,3499,780611.7657
Etherium,ETH,09/09/2021,3499.01,3567.06,3390.4,3424.93,628553.8831
Etherium,ETH,10/09/2021,3424.94,3514.11,3150,3208.86,633026.2659
Etherium,ETH,11/09/2021,3208.85,3348.37,3200,3267.21,413524.1761
Etherium,ETH,12/09/2021,3267.1,3474.16,3231.1,3404.21,408858.9595
Etherium,ETH,13/09/2021,3404.3,3430.3,3108.49,3285.35,647855.7199
Etherium,ETH,14/09/2021,3285.09,3437.05,3269.95,3434.37,373634.9026
Etherium,ETH,15/09/2021,3434.37,3616.16,3357.78,3613.55,428507.5278
Etherium,ETH,16/09/2021,3613.55,3676.28,3481.14,3567.98,467985.4919
Etherium,ETH,17/09/2021,3567.97,3594.17,3350.07,3399.81,398888.3705
Etherium,ETH,18/09/2021,3399.89,3541.96,3368.88,3435.64,315162.7627
Etherium,ETH,19/09/2021,3435.64,3456.53,3277.74,3328.62,312948.0013
Etherium,ETH,20/09/2021,3328.57,3347.82,2913.39,2977.28,917939.5785
Etherium,ETH,21/09/2021,2977.32,3105.83,2652,2765.9,971519.8894
Etherium,ETH,22/09/2021,2766.72,3088.88,2737.54,3076.92,677457.6483
Etherium,ETH,23/09/2021,3076.92,3174.5,3033.85,3152.5,459293.8858
Etherium,ETH,24/09/2021,3152.41,3158.52,2733,2928.53,932090.8856
Etherium,ETH,25/09/2021,2928.22,2967.52,2801.57,2921.73,491974.0226
Etherium,ETH,26/09/2021,2921.84,3115.51,2738.17,3059.37,703594.478
Etherium,ETH,27/09/2021,3059.36,3164.94,2922.71,2925.59,510130.7319
Etherium,ETH,28/09/2021,2924.76,2970.82,2789,2804.91,511325.4643
Etherium,ETH,29/09/2021,2805.15,2950,2782,2850.45,411305.0893
Etherium,ETH,30/09/2021,2850.45,3048.42,2837.19,3000.61,506896.7612
Etherium,ETH,01/10/2021,3000.62,3330,2969.07,3309.91,648714.6151
Etherium,ETH,02/10/2021,3309.91,3469,3257,3387.76,422551.1811
Etherium,ETH,03/10/2021,3387.77,3488,3342.51,3417.73,360586.8905
Etherium,ETH,04/10/2021,3417.73,3437.19,3270,3386.31,485204.642
Etherium,ETH,05/10/2021,3386.31,3545,3363.78,3515.27,393900.8818
Etherium,ETH,06/10/2021,3515.48,3632.11,3342,3574.89,618265.5402
Etherium,ETH,07/10/2021,3574.88,3653.98,3470.8,3587.47,486102.3591
Etherium,ETH,08/10/2021,3587.47,3695,3532,3563.13,403597.1437
Etherium,ETH,09/10/2021,3563.13,3635,3538.07,3574.82,361906.7514
Etherium,ETH,10/10/2021,3574.83,3604,3405,3414.22,580223.6302
Etherium,ETH,11/10/2021,3414.22,3623.8,3371,3542.12,493521.882
Etherium,ETH,12/10/2021,3542.12,3547.11,3403.21,3491.46,409377.1918
Etherium,ETH,13/10/2021,3491.43,3613,3412.7,3607.42,393463.1222
Etherium,ETH,14/10/2021,3607.41,3824,3586.04,3790.82,481894.1473
Etherium,ETH,15/10/2021,3790.82,3907.77,3734.1,3868.99,504321.732
Etherium,ETH,16/10/2021,3868.38,3971,3803.56,3829.96,373727.8549
Etherium,ETH,17/10/2021,3829.96,3919.19,3640,3846.85,368898.9831
Etherium,ETH,18/10/2021,3847,3893.14,3676,3744.96,401819.9734
Etherium,ETH,19/10/2021,3744.96,3886.89,3732,3877.03,341268.3723
Etherium,ETH,20/10/2021,3876.98,4169,3828.05,4161.15,537383.0973
Etherium,ETH,21/10/2021,4161.37,4375,4013.13,4052.99,798566.5581
Etherium,ETH,22/10/2021,4053,4167.41,3888,3972.2,463222.5428
Etherium,ETH,23/10/2021,3972.19,4172,3937.51,4167.12,326576.9601
Etherium,ETH,24/10/2021,4167.13,4186.57,3961.5,4082.33,350115.8386
Etherium,ETH,25/10/2021,4082.33,4236,4067.71,4220.37,347438.6534
Etherium,ETH,26/10/2021,4220.36,4297,4090.21,4131.52,414498.1599
Etherium,ETH,27/10/2021,4131.52,4307,3909,3922,704604.25
Etherium,ETH,28/10/2021,3921.99,4295,3890.17,4286.02,626378.5055
Etherium,ETH,29/10/2021,4286.01,4460.47,4265.97,4418.89,559231.0769
Etherium,ETH,30/10/2021,4418.89,4434.06,4232.2,4322.68,340223.069
Etherium,ETH,31/10/2021,4322.68,4399.14,4164.35,4287.21,412856.2893
Etherium,ETH,01/11/2021,4287.48,4386.58,4146.3,4319.43,417620.7073
Etherium,ETH,02/11/2021,4319.43,4599.6,4284.43,4589.89,468184.793
Etherium,ETH,03/11/2021,4589.68,4665.87,4455,4603.35,448658.3513
Etherium,ETH,04/11/2021,4603.35,4606.65,4420.08,4532.32,368218.257
Etherium,ETH,05/11/2021,4532.31,4570.05,4438.8,4474.24,305651.7244
Etherium,ETH,06/11/2021,4474.24,4530,4326.17,4518,322154.0973
Etherium,ETH,07/11/2021,4518,4637.98,4502.37,4612.59,243596.5952
Etherium,ETH,08/11/2021,4612.59,4822.97,4612,4807.98,391102.3181
Etherium,ETH,09/11/2021,4807.98,4838.28,4713.89,4732.33,311267.58
Etherium,ETH,10/11/2021,4732.33,4868,4461.93,4628.78,553596.9916
Etherium,ETH,11/11/2021,4628.68,4779,4576.47,4719,303688.9765
Etherium,ETH,12/11/2021,4719,4809.71,4507.85,4665.46,461580.0415
Etherium,ETH,13/11/2021,4665.47,4707.6,4584.08,4644.28,220720.6611
Etherium,ETH,14/11/2021,4644.27,4696.05,4514.12,4626.5,245309.0674
Etherium,ETH,15/11/2021,4626.5,4772.01,4540,4563.78,375421.6601
Etherium,ETH,16/11/2021,4563.77,4563.77,4103,4209.76,735857.063
Etherium,ETH,17/11/2021,4209.59,4299.91,4063.48,4287.8,472852.1842
Etherium,ETH,18/11/2021,4288.07,4344.81,3956.44,3996.9,576945.1837
Etherium,ETH,19/11/2021,3996.9,4308.97,3973.01,4294.76,420045.0897
Etherium,ETH,20/11/2021,4294.75,4435.88,4199.86,4412.17,365584.578
Etherium,ETH,21/11/2021,4412.17,4451,4242.41,4258.31,340206.3203
Etherium,ETH,22/11/2021,4259.7,4320,4022.74,4085.97,518501.3338
Etherium,ETH,23/11/2021,4086.28,4385.59,4059.62,4339.44,502811.7902
Etherium,ETH,24/11/2021,4339.45,4373.94,4167.65,4269.36,448727.0306
Etherium,ETH,25/11/2021,4270.1,4550,4248.27,4524.85,445868.2434
Etherium,ETH,26/11/2021,4524.48,4551,3913,4041.2,720245.1612
Etherium,ETH,27/11/2021,4041.2,4183.66,4028.34,4095.29,275326.5202
Etherium,ETH,28/11/2021,4095.29,4298.51,3964,4294.78,346471.3551
Etherium,ETH,29/11/2021,4294.77,4458.92,4276.89,4444.53,406881.2284
Etherium,ETH,30/11/2021,4444.54,4753,4346.36,4630.26,743024.4662
Etherium,ETH,01/12/2021,4630.25,4778.75,4523.99,4582.95,508198.3105
Etherium,ETH,02/12/2021,4582.95,4634.83,4433,4511.21,451861.9545
Etherium,ETH,03/12/2021,4511.35,4654.88,4032.5,4215.73,677974.8659
Etherium,ETH,04/12/2021,4215.01,4238.59,3503.68,4117.25,1111773.145
Etherium,ETH,05/12/2021,4117.25,4248.19,4031.39,4196.44,536325.4413
Etherium,ETH,06/12/2021,4196.44,4376.15,3921,4347.59,726742.9638
Etherium,ETH,07/12/2021,4347.57,4425,4255.92,4306.4,420749.751
Etherium,ETH,08/12/2021,4306.4,4450.49,4222.95,4436.91,429403.9351
Etherium,ETH,09/12/2021,4436.91,4488,4076.16,4105.64,462173.711
Etherium,ETH,10/12/2021,4105.64,4231.08,3887.37,3897.94,563236.5671
Etherium,ETH,11/12/2021,3898.31,4097.08,3828.22,4089.37,427853.4343
Etherium,ETH,12/12/2021,4089.68,4173.63,3986.25,4130,260535.5157
Etherium,ETH,13/12/2021,4130,4142.75,3671.45,3781.93,533467.2307
Etherium,ETH,14/12/2021,3781.92,3882.74,3685,3858.99,395145.7462
Etherium,ETH,15/12/2021,3858.99,4092.22,3643.73,4019.08,542068.0573
Etherium,ETH,16/12/2021,4019.54,4113.43,3942.11,3958.11,368780.031
Etherium,ETH,17/12/2021,3959.11,3994.1,3700,3875.42,463370.9225
Etherium,ETH,18/12/2021,3875.43,3996.93,3767.01,3959.93,339593.2543
Etherium,ETH,19/12/2021,3959.93,4032.43,3884,3924.14,306006.323
Etherium,ETH,20/12/2021,3924.14,3983.37,3753,3944.73,366916.4771
Etherium,ETH,21/12/2021,3944.72,4063,3913.21,4014.15,340826.3553
Etherium,ETH,22/12/2021,4014.41,4074.87,3933.4,3979.51,303191.8076
Etherium,ETH,23/12/2021,3979.51,4150,3893.23,4111.41,380207.8166
Etherium,ETH,24/12/2021,4111.41,4134.84,4017.17,4046.36,230741.8072
Etherium,ETH,25/12/2021,4046.35,4137.91,4018.62,4094.83,208126.8805
Etherium,ETH,26/12/2021,4094.36,4105,4000,4063.56,189309.255
Etherium,ETH,27/12/2021,4063.57,4127.46,4031,4037.23,222202.1383
Etherium,ETH,28/12/2021,4037.22,4037.23,3759.36,3792.75,358064.7163
Etherium,ETH,29/12/2021,3792.75,3827.78,3604.2,3630.19,302753.6375
Etherium,ETH,30/12/2021,3630.18,3769.1,3585,3709.27,249263.7305
Etherium,ETH,31/12/2021,3709.27,3815,3622.29,3676.23,268014.2942
Etherium,ETH,01/01/2022,3676.22,3776.45,3673.46,3765.54,154143.8968
Etherium,ETH,02/01/2022,3765.54,3857.44,3717.3,3828.27,154791.4263
Etherium,ETH,03/01/2022,3828.11,3853.09,3680,3765.89,236245.8586
Etherium,ETH,04/01/2022,3765.89,3900.73,3713.11,3785.11,288258.5549
Etherium,ETH,05/01/2022,3785.1,3848,3415,3540.63,397942.0363
Etherium,ETH,06/01/2022,3539.82,3550.43,3300,3406.81,496745.7413
Etherium,ETH,07/01/2022,3406.81,3416.76,3064.42,3199.24,669631.7262
Etherium,ETH,08/01/2022,3198.68,3250,3000,3080.95,400692.1061
Etherium,ETH,09/01/2022,3080.98,3211.72,3057.35,3151.97,275874.1643
Etherium,ETH,10/01/2022,3151.97,3185,2928.83,3082.68,529818.3866
Etherium,ETH,11/01/2022,3082.87,3263.54,3051.8,3239.72,362446.7087
Etherium,ETH,12/01/2022,3239.73,3411.43,3206.2,3371.26,370465.8015
Etherium,ETH,13/01/2022,3371.6,3410,3233.43,3240.61,336234.8799
Etherium,ETH,14/01/2022,3240.61,3342.79,3188,3307.42,285326.3505
Etherium,ETH,15/01/2022,3307.42,3371.64,3261,3326.04,203100.3778
Etherium,ETH,16/01/2022,3326.51,3393.6,3269.62,3346.88,210782.2277
Etherium,ETH,17/01/2022,3346.89,3357.57,3141.1,3209.67,284063.6548
Etherium,ETH,18/01/2022,3209.68,3243.87,3082,3159.85,299134.2728
Etherium,ETH,19/01/2022,3159.85,3174.87,3000,3084.02,332996.5703
Etherium,ETH,20/01/2022,3084.02,3273.37,2987.15,3001.48,357596.7062
Etherium,ETH,21/01/2022,3001.48,3034.12,2403,2568.15,1022021.7
Etherium,ETH,22/01/2022,2567.47,2626,2300,2412.18,1081357.549
Etherium,ETH,23/01/2022,2412.18,2556.78,2370.8,2539.01,580497.7613
Etherium,ETH,24/01/2022,2539,2539.75,2159,2439.29,1123134.704
Etherium,ETH,25/01/2022,2439.56,2506.55,2348.96,2458.83,510152.954
Etherium,ETH,26/01/2022,2459.04,2722,2402.03,2462.99,806441.6229
Etherium,ETH,27/01/2022,2463,2521,2316.43,2424.25,599481.7159
Etherium,ETH,28/01/2022,2424.02,2558.98,2357.88,2544.99,485149.8065
Etherium,ETH,29/01/2022,2544.99,2636.66,2520.01,2601.43,376666.8246
Etherium,ETH,30/01/2022,2601.43,2640,2542.5,2601.68,290770.0859
Etherium,ETH,31/01/2022,2601.67,2706.77,2476.07,2686.94,444584.851
Etherium,ETH,01/02/2022,2686.94,2813,2673.52,2787.23,390034.2736
Etherium,ETH,02/02/2022,2787.48,2810.88,2612.72,2680.67,447852.1228
Etherium,ETH,03/02/2022,2680.25,2726.64,2576.05,2695.46,405043.3931
Etherium,ETH,04/02/2022,2695.21,2995,2671.4,2994.99,664002.9328
Etherium,ETH,05/02/2022,2994.99,3060.47,2958.01,3012.65,356803.3071
Etherium,ETH,06/02/2022,3012.64,3074.56,2950.21,3054.99,249394.5966
Etherium,ETH,07/02/2022,3055,3186,2991.8,3139.77,455070.2529
Etherium,ETH,08/02/2022,3139.77,3232.87,3025.21,3116.69,514773.5837
Etherium,ETH,09/02/2022,3116.69,3269.7,3055,3243.94,370267.8913
Etherium,ETH,10/02/2022,3243.6,3283.66,3056.74,3072.49,578212.8383
Etherium,ETH,11/02/2022,3072.36,3138.62,2879,2927.54,462025.8751
Etherium,ETH,12/02/2022,2927.54,2985.98,2858.3,2918.88,336250.3131
Etherium,ETH,13/02/2022,2918.58,2954.4,2836.7,2871.13,242751.3547
Etherium,ETH,14/02/2022,2871.14,2964.97,2829.01,2929.75,381778.238
Etherium,ETH,15/02/2022,2929.75,3196.19,2912.06,3183.52,448971.754
Etherium,ETH,16/02/2022,3183.53,3186.77,3044.03,3122.3,319997.6244
Etherium,ETH,17/02/2022,3122.31,3160,2851.55,2891.87,488693.2624
Etherium,ETH,18/02/2022,2891.88,2943.97,2750,2779.48,502977.4069
Etherium,ETH,19/02/2022,2779.3,2830.96,2694.45,2763.63,293838.0025
Etherium,ETH,20/02/2022,2763.63,2764.64,2576,2621.99,386384.904
Etherium,ETH,21/02/2022,2621.99,2759.51,2558,2568.02,761838.9858
Etherium,ETH,22/02/2022,2568.03,2665.74,2500,2636.29,692639.4942
Etherium,ETH,23/02/2022,2636.28,2753.55,2575.83,2579.71,504470.1412
Etherium,ETH,24/02/2022,2579.7,2740,2300,2596.2,1395732.775
Etherium,ETH,25/02/2022,2596.26,2834.97,2571.72,2768.49,679394.1762
Etherium,ETH,26/02/2022,2768.05,2878,2727.5,2779.47,418485.2529
Etherium,ETH,27/02/2022,2779.47,2836.33,2557.98,2616.79,650198.7785
Etherium,ETH,28/02/2022,2616.79,2951.6,2568.62,2920.95,733794.4488
Etherium,ETH,01/03/2022,2920.83,3037.94,2854.09,2976.33,673901.6976
Etherium,ETH,02/03/2022,2976.33,3043.91,2914.21,2947.3,614623.7461
Etherium,ETH,03/03/2022,2947.31,2970.97,2785,2833.99,446192.2353
Etherium,ETH,04/03/2022,2834,2836.17,2573,2622.1,556178.7588
Etherium,ETH,05/03/2022,2622.11,2685.12,2589.38,2665.15,268730.3036
Etherium,ETH,06/03/2022,2665.16,2676.29,2535,2551.29,336487.9099
Etherium,ETH,07/03/2022,2551.3,2649,2445,2491.12,620171.6787
Etherium,ETH,08/03/2022,2491.12,2624,2480.15,2575.97,561659.7421
Etherium,ETH,09/03/2022,2575.98,2775.85,2567.7,2726.98,562771.7403
Etherium,ETH,10/03/2022,2726.98,2733.25,2550.27,2606.7,559029.9377
Etherium,ETH,11/03/2022,2606.69,2676.78,2522.57,2556.86,494583.6568
Etherium,ETH,12/03/2022,2556.86,2616.79,2553.39,2568.8,219236.5711
Etherium,ETH,13/03/2022,2568.8,2603.32,2493,2515.65,316942.1601
Etherium,ETH,14/03/2022,2515.66,2609.6,2498.67,2589.41,386630.1912
Etherium,ETH,15/03/2022,2589.42,2669,2507,2617.73,461202.3014
Etherium,ETH,16/03/2022,2617.74,2788,2603.38,2773.81,666224.7217
Etherium,ETH,17/03/2022,2773.8,2836,2746.42,2811.92,379312.541
Etherium,ETH,18/03/2022,2811.91,2984,2765.59,2938.92,556535.7966
Etherium,ETH,19/03/2022,2938.84,2987.7,2890.86,2950.84,325971.5398
Etherium,ETH,20/03/2022,2950.85,2964.17,2817.21,2861.38,377608.8214
Etherium,ETH,21/03/2022,2861.39,2960.57,2829.81,2890.03,450223.9073
Etherium,ETH,22/03/2022,2890.03,3052.85,2886.43,2969.64,564868.9839
Etherium,ETH,23/03/2022,2969.64,3045.2,2920.65,3036,453962.7298
Etherium,ETH,24/03/2022,3035.99,3129.11,2999.11,3110.76,577171.5239
Etherium,ETH,25/03/2022,3110.75,3193.28,3076,3102.14,489099.5572
Etherium,ETH,26/03/2022,3102.13,3153.2,3084.9,3145,207134.847
Etherium,ETH,27/03/2022,3145.01,3299.37,3126.02,3295.65,335467.4145
Etherium,ETH,28/03/2022,3295.65,3431.15,3275.01,3332.92,527237.1133
Etherium,ETH,29/03/2022,3332.91,3481.87,3329.68,3400.51,465899.8226
Etherium,ETH,30/03/2022,3400.51,3446.9,3331.84,3385.79,356082.5231
Etherium,ETH,31/03/2022,3385.8,3444.83,3261.35,3281.51,455091.2395
Etherium,ETH,01/04/2022,3281.51,3481.29,3210.68,3455.21,532169.2392
Etherium,ETH,02/04/2022,3455.2,3532.2,3433.14,3443.77,499893.29
Etherium,ETH,03/04/2022,3443.77,3580.34,3412.11,3521.91,381581.7683
Etherium,ETH,04/04/2022,3521.9,3547,3405.97,3519.5,449984.1586
Etherium,ETH,05/04/2022,3519.5,3555,3400,3406.99,397782.7437
Etherium,ETH,06/04/2022,3407,3407.5,3162.39,3168.51,736273.1047
Etherium,ETH,07/04/2022,3168.52,3268.98,3143.15,3227.19,458179.3272
Etherium,ETH,08/04/2022,3227.2,3314.02,3173.52,3192.39,502422.5048
Etherium,ETH,09/04/2022,3192.39,3268.4,3181.28,3258.57,212444.2566
Etherium,ETH,10/04/2022,3258.57,3307.22,3193,3203.04,232303.2326
Etherium,ETH,11/04/2022,3203.04,3213.63,2950,2979.74,693394.2912
Etherium,ETH,12/04/2022,2979.75,3085,2950,3027.66,579522.9505
Etherium,ETH,13/04/2022,3027.65,3128.97,2996.86,3118.28,419101.494
Etherium,ETH,14/04/2022,3118.28,3145,2976.3,3021.98,408382.5572
Etherium,ETH,15/04/2022,3021.98,3060.92,2993.13,3040.56,249626.2981
Etherium,ETH,16/04/2022,3040.57,3086.1,3010.03,3059.3,176352.4165
Etherium,ETH,17/04/2022,3059.3,3083,2981.7,2988.06,243772.074
Etherium,ETH,18/04/2022,2988.07,3069.6,2883.22,3055.56,510251.6536
Etherium,ETH,19/04/2022,3055.56,3131,3030.34,3101.77,359375.0038
Etherium,ETH,20/04/2022,3101.74,3166.5,3036.45,3076.04,415000.0685
Etherium,ETH,21/04/2022,3076.03,3180,2942.31,2983.58,562699.697
Etherium,ETH,22/04/2022,2983.57,3034.32,2930.35,2962.39,452433.082
Etherium,ETH,23/04/2022,2962.39,2978.03,2913.89,2933.03,187576.7324
Etherium,ETH,24/04/2022,2933.04,2967.06,2912.09,2921,218957.0222
Etherium,ETH,25/04/2022,2920.99,3025.65,2797.01,3006.62,619198.3616
Etherium,ETH,26/04/2022,3006.63,3039.54,2767,2809.67,531184.3504
Etherium,ETH,27/04/2022,2809.68,2919.87,2794.46,2888.96,488951.2416
Etherium,ETH,28/04/2022,2888.95,2980,2853.83,2936.93,537392.9978
Etherium,ETH,29/04/2022,2936.92,2946.46,2776.63,2817.13,525978.147
Etherium,ETH,30/04/2022,2817.13,2841.63,2709.26,2726.66,367757.2469
Etherium,ETH,01/05/2022,2726.67,2849.9,2716.13,2824.81,442544.8792
Etherium,ETH,02/05/2022,2824.81,2894.22,2778.78,2856.54,521706.8567
Etherium,ETH,03/05/2022,2856.54,2861.47,2755.19,2781.7,371331.1796
Etherium,ETH,04/05/2022,2781.7,2965.85,2771.74,2940.64,548738.0668
Etherium,ETH,05/05/2022,2940.65,2954.65,2683,2747.97,734845.3194
Etherium,ETH,06/05/2022,2747.96,2758.18,2632.95,2692.85,711449.3234
Etherium,ETH,07/05/2022,2692.86,2704.36,2584.75,2635.34,371271.4532
Etherium,ETH,08/05/2022,2635.35,2642,2484,2519.71,757615.3415
Etherium,ETH,09/05/2022,2519.71,2530.78,2225,2228.55,1574924.979
Etherium,ETH,10/05/2022,2229,2457.34,2200,2342.05,1550626.139
Etherium,ETH,11/05/2022,2342.04,2451.37,2005,2084.99,2022864.838
Etherium,ETH,12/05/2022,2084.99,2195,1800,1960.22,2305192.908
Etherium,ETH,13/05/2022,1960.22,2147.54,1940.23,2009.69,1134042.339
Etherium,ETH,14/05/2022,2009.69,2070.06,1951.21,2056.48,563788.3078
Etherium,ETH,15/05/2022,2056.47,2167,2000.68,2145.29,514398.2587
Etherium,ETH,16/05/2022,2145.29,2145.29,1979.12,2023.66,822070.8531
Etherium,ETH,17/05/2022,2023.66,2122.42,2008,2090.72,568249.0448
Etherium,ETH,18/05/2022,2090.72,2110.72,1908,1915.11,631577.2341
Etherium,ETH,19/05/2022,1915.11,2040.39,1903.18,2019.55,741476.9794
Etherium,ETH,20/05/2022,2019.55,2064,1923,1959.08,576981.5371
Etherium,ETH,21/05/2022,1959.08,1990.86,1937.36,1975.07,238869.7632
Etherium,ETH,22/05/2022,1975.06,2056.41,1966.33,2043.19,355735.1927
Etherium,ETH,23/05/2022,2043.19,2088.5,1957.12,1973.32,636085.0224
Etherium,ETH,24/05/2022,1973.33,1993.83,1913.02,1979.41,534096.972
Etherium,ETH,25/05/2022,1979.4,2022.34,1934.61,1942.63,524786.3091
Etherium,ETH,26/05/2022,1942.64,1966.01,1735,1792.23,1168740.575
Etherium,ETH,27/05/2022,1792.24,1822.26,1703,1727.27,1296693.285
Etherium,ETH,28/05/2022,1727.26,1808.98,1722.26,1792.22,558271.1818
Etherium,ETH,29/05/2022,1792.21,1827.4,1759.96,1813.64,432430.611
Etherium,ETH,30/05/2022,1813.64,2013,1803.18,1998.78,814922.8359
Etherium,ETH,31/05/2022,1998.78,2016.45,1925,1941.9,751103.4226
Etherium,ETH,01/06/2022,1941.9,1972.58,1763.75,1817.95,1037841.271
Etherium,ETH,02/06/2022,1817.96,1853.05,1782.42,1834.08,788784.4017
Etherium,ETH,03/06/2022,1834.09,1843.91,1737,1775.12,741282.5346
Etherium,ETH,04/06/2022,1775.13,1816,1748.43,1804.58,388279.4579
Etherium,ETH,05/06/2022,1804.58,1830.17,1773.05,1806.23,371974.5061
Etherium,ETH,06/06/2022,1806.22,1920,1804.35,1859.84,804250.3567
Etherium,ETH,07/06/2022,1859.84,1874.98,1725.13,1813.33,1397598.229
Etherium,ETH,08/06/2022,1813.33,1838.77,1765.28,1791.88,941510.1373
Etherium,ETH,09/06/2022,1791.88,1833,1777.33,1788.81,535310.9618
Etherium,ETH,10/06/2022,1788.8,1804.32,1655.93,1662.91,955035.7924
Etherium,ETH,11/06/2022,1662.91,1682.21,1496.74,1532.89,1220325.254
Etherium,ETH,12/06/2022,1532.89,1547,1423,1434.84,1563225.37
Etherium,ETH,13/06/2022,1434.84,1455,1165.45,1209.82,3626351.665
Etherium,ETH,14/06/2022,1209.35,1268.45,1075.8,1208.9,2716493.801
Etherium,ETH,15/06/2022,1208.9,1250,1014.4,1237.52,3114823.136
Etherium,ETH,16/06/2022,1237.53,1257.85,1051.55,1068.5,1447386.83
Etherium,ETH,17/06/2022,1068.5,1118,1051.11,1086.94,1220677.949
Etherium,ETH,18/06/2022,1086.93,1097.58,881.56,995.13,2308983.519
Etherium,ETH,19/06/2022,995.12,1158.62,936.15,1128.53,2018599.45
Etherium,ETH,20/06/2022,1128.53,1170,1053,1128.24,1721772.913
Etherium,ETH,21/06/2022,1128.24,1194,1109.23,1125.85,1306095.376
Etherium,ETH,22/06/2022,1125.86,1127.33,1043.65,1050.19,1306959.859
Etherium,ETH,23/06/2022,1050.19,1155,1045.3,1144.72,1278257.09
Etherium,ETH,24/06/2022,1144.71,1245.43,1132,1225.02,1337137.483
Etherium,ETH,25/06/2022,1225.02,1256.77,1180,1242.36,861986.6177
Etherium,ETH,26/06/2022,1242.31,1280,1194.6,1197.79,884184.273
Etherium,ETH,27/06/2022,1197.79,1238.93,1172.49,1192.51,868734.2061
Etherium,ETH,28/06/2022,1192.51,1237.99,1136.32,1144.05,1104065.221
Etherium,ETH,29/06/2022,1144.05,1156.8,1087.42,1100.21,1295517.796
Etherium,ETH,30/06/2022,1100.21,1106.62,998,1071.01,1420670.366
Etherium,ETH,01/07/2022,1071.02,1117,1033.44,1059.73,1562255.144
Etherium,ETH,02/07/2022,1059.73,1078.88,1028.29,1067.01,714812.0804
Etherium,ETH,03/07/2022,1067.01,1088.34,1040.78,1074.26,644746.3337
Etherium,ETH,04/07/2022,1074.26,1160.9,1045.37,1151,1150108.986
Etherium,ETH,05/07/2022,1151.01,1174.9,1076.34,1132.5,1398961.45
Etherium,ETH,06/07/2022,1132.51,1205,1111.44,1186.57,1211768.076
Etherium,ETH,07/07/2022,1186.57,1254.29,1163.18,1237.49,1001316.079
Etherium,ETH,08/07/2022,1237.49,1276.46,1193.15,1214.04,1189518.363
Etherium,ETH,09/07/2022,1214.03,1235.4,1204.67,1217.02,576337.1809
Etherium,ETH,10/07/2022,1217.02,1219.95,1153,1168.36,1018038.651
Etherium,ETH,11/07/2022,1168.37,1171.29,1091.71,1096.4,1201652.305
Etherium,ETH,12/07/2022,1096.37,1098.26,1033.46,1038.58,1261349.632
Etherium,ETH,13/07/2022,1038.58,1119.18,1006.32,1115,2035605.83
Etherium,ETH,14/07/2022,1115.01,1214.65,1072.11,1193.42,1605101.926
Etherium,ETH,15/07/2022,1193.42,1287.82,1181.05,1231.25,1466037.258
Etherium,ETH,16/07/2022,1231.25,1422.91,1191.23,1355.85,1493809.923
Etherium,ETH,17/07/2022,1355.84,1387,1319.04,1338.65,1246202.88
Etherium,ETH,18/07/2022,1338.65,1597.47,1336.07,1581.04,2029918.765
Etherium,ETH,19/07/2022,1581.03,1631,1493.11,1542.32,1846048.682
Etherium,ETH,20/07/2022,1542.33,1620.4,1484.23,1521.58,1351177.425
Etherium,ETH,21/07/2022,1521.63,1605.98,1463.56,1575.45,1247327.496
Etherium,ETH,22/07/2022,1575.45,1650.05,1516.11,1535.27,1170723.087
Etherium,ETH,23/07/2022,1535.27,1596.51,1488,1548.67,851284.7339
Etherium,ETH,24/07/2022,1548.66,1664.34,1545.67,1597.7,1009935.9
Etherium,ETH,25/07/2022,1597.7,1609.55,1435.58,1440.79,1418390.981
Etherium,ETH,26/07/2022,1440.79,1454.11,1356.17,1449.12,1199643.741
Etherium,ETH,27/07/2022,1449.12,1644.44,1420.83,1635.74,1513426.041
Etherium,ETH,28/07/2022,1635.74,1784.79,1593.27,1724.52,1578145.076
Etherium,ETH,29/07/2022,1724.52,1765.99,1655.02,1721.68,1205266.57
Etherium,ETH,30/07/2022,1721.68,1744.85,1673.01,1697,735132.5286
Etherium,ETH,31/07/2022,1697,1754.69,1666,1678.12,696326.8079
Etherium,ETH,01/08/2022,1678.12,1704.68,1606.12,1630.28,801566.5648
Etherium,ETH,02/08/2022,1630.28,1678,1559.28,1630.91,1081964.51
Etherium,ETH,03/08/2022,1630.91,1685.03,1589.71,1618.16,777724.7413
Etherium,ETH,04/08/2022,1618.16,1662.79,1580.39,1607.96,735552.181
Etherium,ETH,05/08/2022,1607.97,1742.07,1605.64,1736.81,1005846.471
Etherium,ETH,06/08/2022,1736.81,1749.93,1685.26,1690.6,523314.6444
Etherium,ETH,07/08/2022,1690.6,1729.79,1668,1700.19,439904.764
Etherium,ETH,08/08/2022,1700.2,1818,1693.87,1777.05,781620.5443
Etherium,ETH,09/08/2022,1777.05,1790.83,1667.93,1702.76,818171.1019
Etherium,ETH,10/08/2022,1702.76,1885,1656.78,1853.57,1317767.513
Etherium,ETH,11/08/2022,1853.58,1942,1850.32,1880.19,1105261.901
Etherium,ETH,12/08/2022,1880.19,1964.71,1853.06,1958.28,717628.1015
Etherium,ETH,13/08/2022,1958.28,2020,1946.5,1983.55,695876.0293
Etherium,ETH,14/08/2022,1983.55,2030,1906,1935.31,569583.4852
Etherium,ETH,15/08/2022,1935.32,2012.47,1872.31,1899.06,949162.3305
Etherium,ETH,16/08/2022,1899.05,1915,1853,1876.67,622729.1499
Etherium,ETH,17/08/2022,1876.67,1959.43,1818.74,1834.25,951824.8975
Etherium,ETH,18/08/2022,1834.24,1882.37,1821.25,1846.39,606254.024
Etherium,ETH,19/08/2022,1846.39,1848,1602.37,1609.01,1419826.952
Etherium,ETH,20/08/2022,1609,1657.08,1523.67,1576.04,914615.9226
Etherium,ETH,21/08/2022,1576.03,1646.52,1562.34,1618.13,780662.6062
Etherium,ETH,22/08/2022,1618.13,1629.72,1529.92,1624.66,941192.8954
Etherium,ETH,23/08/2022,1624.65,1676.07,1563.76,1665.41,940246.932
Etherium,ETH,24/08/2022,1665.4,1694.13,1604.92,1656.56,744667.6078
Etherium,ETH,25/08/2022,1656.56,1722,1653.68,1695.11,603090.713
Etherium,ETH,26/08/2022,1695.11,1706.45,1486.85,1508.18,1149912.829
Etherium,ETH,27/08/2022,1508.18,1518.42,1447.52,1491.06,756136.6768
Etherium,ETH,28/08/2022,1491.06,1511,1424,1426.76,544846.4486
Etherium,ETH,29/08/2022,1426.76,1559.99,1422.08,1551.8,826252.0831
Etherium,ETH,30/08/2022,1551.79,1606.13,1473.61,1524.59,1003075.017
Etherium,ETH,31/08/2022,1524.59,1619.78,1524.59,1554.1,949227.6775
Etherium,ETH,01/09/2022,1554.11,1599,1512.77,1586.16,728710.482
Etherium,ETH,02/09/2022,1586.17,1650,1546.41,1575.35,919009.6598
Etherium,ETH,03/09/2022,1575.35,1582.71,1534.28,1557.46,321397.2189
Etherium,ETH,04/09/2022,1557.45,1583.66,1540.66,1579.28,296591.1166
Etherium,ETH,05/09/2022,1579.29,1631.99,1556.56,1617.8,503492.937
Etherium,ETH,06/09/2022,1617.8,1687.4,1555,1559.01,1010722.858
Etherium,ETH,07/09/2022,1559.01,1657.5,1490.66,1630,850991.4243
Etherium,ETH,08/09/2022,1630,1663.56,1595.06,1635.37,645124.0085
Etherium,ETH,09/09/2022,1635.37,1746.13,1630.51,1718.23,837458.2126
Etherium,ETH,10/09/2022,1718.24,1789,1706.03,1774.12,411046.2466
Etherium,ETH,11/09/2022,1774.12,1789,1720.1,1766.11,409287.7263
Etherium,ETH,12/09/2022,1766.12,1783,1693,1716.37,630774.6032
Etherium,ETH,13/09/2022,1716.37,1760.51,1560.54,1574.4,1134549.726
Etherium,ETH,14/09/2022,1574.4,1647.01,1552.38,1638.39,764562.5393
Etherium,ETH,15/09/2022,1638.4,1655.2,1458,1472.75,1335499.805
Etherium,ETH,16/09/2022,1472.76,1483.35,1405.52,1433.9,693597.2425
Etherium,ETH,17/09/2022,1433.9,1476.13,1409.12,1468.83,421391.3743
Etherium,ETH,18/09/2022,1468.82,1469.63,1325.55,1334.51,804113.468
Etherium,ETH,19/09/2022,1334.51,1393.35,1280,1375.98,974855.198
Etherium,ETH,20/09/2022,1375.98,1384.78,1312.71,1322.93,658027.1465
Etherium,ETH,21/09/2022,1322.94,1408.9,1220,1245.78,1192266.738
Etherium,ETH,22/09/2022,1245.79,1350.08,1237.32,1326.46,904282.2725
Etherium,ETH,23/09/2022,1326.47,1360,1262.15,1327.25,974052.3644
Etherium,ETH,24/09/2022,1327.24,1349.33,1306.52,1317.13,517557.3497
Etherium,ETH,25/09/2022,1317.13,1337,1269.27,1294.63,515533.8409
Etherium,ETH,26/09/2022,1294.62,1340.42,1277.85,1336.17,799166.4333
Etherium,ETH,27/09/2022,1336.17,1400,1303.75,1328.02,860584.8944
Etherium,ETH,28/09/2022,1328.01,1355.7,1253.2,1337.2,919314.9131
Etherium,ETH,29/09/2022,1337.2,1352.02,1288.52,1335.7,770591.6895
Etherium,ETH,30/09/2022,1335.69,1373.19,1313.35,1328.72,740753.611
Etherium,ETH,01/10/2022,1328.71,1333.69,1302.68,1311.79,252081.9056
Etherium,ETH,02/10/2022,1311.79,1317.93,1270,1276.72,371740.0407
Etherium,ETH,03/10/2022,1276.72,1329.9,1263.04,1323.09,483775.2435
Etherium,ETH,04/10/2022,1323.1,1369.55,1318.66,1361.49,476207.6702
Etherium,ETH,05/10/2022,1361.5,1364.77,1316.29,1352.2,483508.7782
Etherium,ETH,06/10/2022,1352.2,1383.99,1345.01,1352.06,573975.324
Etherium,ETH,07/10/2022,1352.07,1361.75,1317.26,1331.1,491999.8776
Etherium,ETH,08/10/2022,1331.1,1337.35,1303.51,1315.48,203391.6612
Etherium,ETH,09/10/2022,1315.48,1329,1307.26,1323.13,186201.9185
Etherium,ETH,10/10/2022,1323.13,1338,1288,1290.03,393663.0114
Etherium,ETH,11/10/2022,1290.03,1298,1267.01,1280.11,429430.3941
Etherium,ETH,12/10/2022,1280.11,1306.87,1275.25,1294.44,369712.5759
Etherium,ETH,13/10/2022,1294.44,1301.58,1190,1287.08,945618.3163
Etherium,ETH,14/10/2022,1287.08,1343.12,1283.39,1296.27,669742.8093
Etherium,ETH,15/10/2022,1296.26,1301.69,1263.64,1274.92,287100.9529
Etherium,ETH,16/10/2022,1274.93,1315.35,1274.67,1305.95,293321.3632
Etherium,ETH,17/10/2022,1305.96,1338.57,1295.64,1331.4,459848.4941
Etherium,ETH,18/10/2022,1331.39,1341.73,1286.72,1310.71,572728.9189
Etherium,ETH,19/10/2022,1310.71,1313.5,1280.31,1285.09,368637.5105
Etherium,ETH,20/10/2022,1285.09,1310.87,1270.36,1282.57,428531.6103
Etherium,ETH,21/10/2022,1282.57,1306.97,1252.65,1299.75,468076.7986
Etherium,ETH,22/10/2022,1299.76,1320.2,1294.32,1313.61,221776.7007
Etherium,ETH,23/10/2022,1313.62,1371.55,1299.44,1364.2,432269.46
Etherium,ETH,24/10/2022,1364.19,1370.6,1324.17,1343.61,611830.797
Etherium,ETH,25/10/2022,1343.61,1525.16,1334.94,1459.74,1127932.901
Etherium,ETH,26/10/2022,1459.74,1594.99,1457.44,1566.1,1236044.702
Etherium,ETH,27/10/2022,1566.11,1578.58,1503.2,1514.05,869454.4851
Etherium,ETH,28/10/2022,1514.04,1574.9,1479.82,1554.41,858954.4425
Etherium,ETH,29/10/2022,1554.4,1663.06,1547.66,1619.55,914161.0846
Etherium,ETH,30/10/2022,1619.55,1640.06,1576.56,1590.44,476036.4243
Etherium,ETH,31/10/2022,1590.45,1635.8,1545.43,1572.69,810334.2414
Etherium,ETH,01/11/2022,1572.69,1612.92,1563.69,1578.48,527539.2965
Etherium,ETH,02/11/2022,1578.47,1621.68,1502.32,1518.34,981395.3648
Etherium,ETH,03/11/2022,1518.33,1559.01,1515.17,1531.01,560202.8813
Etherium,ETH,04/11/2022,1531.01,1680,1528.4,1644.78,935531.4781
Etherium,ETH,05/11/2022,1644.78,1666.97,1621.42,1626.98,351385.5362
Etherium,ETH,06/11/2022,1626.98,1639.02,1564.39,1568.29,414863.9525
Etherium,ETH,07/11/2022,1568.25,1608.04,1545.03,1568.1,642409.4494
Etherium,ETH,08/11/2022,1568.09,1579.98,1233,1334.77,2339916.509
Etherium,ETH,09/11/2022,1334.78,1337.16,1073.53,1102.73,2494797.936
Etherium,ETH,10/11/2022,1102.73,1350,1085.93,1299.28,1975955.677
Etherium,ETH,11/11/2022,1299.28,1310,1201.26,1289.28,1308087.15
Etherium,ETH,12/11/2022,1289.35,1292.16,1238.7,1257.25,547772.9172
Etherium,ETH,13/11/2022,1257.25,1274.23,1200.66,1221.49,547410.5304
Etherium,ETH,14/11/2022,1221.5,1291.2,1171.13,1243.28,934742.0059
Etherium,ETH,15/11/2022,1243.29,1291,1234.01,1253.23,632825.568
Etherium,ETH,16/11/2022,1253.22,1268.67,1187.06,1216.17,673339.7215
Etherium,ETH,17/11/2022,1216.16,1228.22,1181.05,1200.43,530537.3488
Etherium,ETH,18/11/2022,1200.42,1234,1199.18,1212.58,360218.5337
Etherium,ETH,19/11/2022,1212.58,1235,1197.67,1217.67,209789.5888
Etherium,ETH,20/11/2022,1217.67,1227.07,1132.65,1142.21,531108.7607
Etherium,ETH,21/11/2022,1142.21,1146.99,1079.76,1107.34,922647.9454
Etherium,ETH,22/11/2022,1107.34,1146.13,1075,1139.6,748884.5791
Etherium,ETH,23/11/2022,1139.59,1190,1127.75,1184.52,636927.1594
Etherium,ETH,24/11/2022,1184.52,1217.71,1180.6,1203.73,486080.6123
Etherium,ETH,25/11/2022,1203.72,1207.77,1171.2,1199.3,391430.1658
Etherium,ETH,26/11/2022,1199.29,1235.66,1196.2,1205.6,379840.8116
Etherium,ETH,27/11/2022,1205.61,1223.33,1188.65,1193.88,286386.7986
Etherium,ETH,28/11/2022,1193.88,1199.25,1151.02,1167.77,478795.6093
Etherium,ETH,29/11/2022,1167.77,1228.37,1158.27,1216.49,512143.5861
Etherium,ETH,30/11/2022,1216.49,1309.77,1212.5,1294.46,815679.2717
Etherium,ETH,01/12/2022,1294.46,1299.9,1262.77,1276.41,430018.7391
Etherium,ETH,02/12/2022,1276.4,1297.18,1265.24,1295.59,371559.585
Etherium,ETH,03/12/2022,1295.58,1309,1236.26,1240.51,347148.2588
Etherium,ETH,04/12/2022,1240.5,1287.19,1240.1,1279.41,324129.5466
Etherium,ETH,05/12/2022,1279.4,1305.11,1246.61,1259.41,391628.5166
Etherium,ETH,06/12/2022,1259.41,1274.76,1241.56,1271.32,301631.839
Etherium,ETH,07/12/2022,1271.31,1278.69,1218.01,1231.18,398559.5166
Etherium,ETH,08/12/2022,1231.18,1292.58,1222.01,1280.18,406653.5447
Etherium,ETH,09/12/2022,1280.18,1296.64,1250,1263.1,406008.0032
Etherium,ETH,10/12/2022,1263.11,1283.61,1259.6,1266.35,182278.6396
Etherium,ETH,11/12/2022,1266.35,1284.75,1255.85,1263.01,180494.902
Etherium,ETH,12/12/2022,1263,1278.9,1240.03,1275.4,363750.5481
Etherium,ETH,13/12/2022,1275.41,1349,1255.1,1320.69,659393.8825
Etherium,ETH,14/12/2022,1320.69,1352.72,1301,1307.44,554465.5717
Etherium,ETH,15/12/2022,1307.45,1311.14,1259.27,1266.54,390051.2447
Etherium,ETH,16/12/2022,1266.53,1280.06,1155.32,1166.83,751422.2779
Etherium,ETH,17/12/2022,1166.82,1190.03,1161.92,1187.16,328881.6281
Etherium,ETH,18/12/2022,1187.16,1199.54,1170.32,1183.06,252260.144
Etherium,ETH,19/12/2022,1183.06,1195,1150.51,1167.82,296832.7228
Etherium,ETH,20/12/2022,1167.82,1230.47,1163.12,1216.94,465184.1943
Etherium,ETH,21/12/2022,1216.95,1223.39,1203.02,1213.78,245723.8377
Etherium,ETH,22/12/2022,1213.78,1237.99,1182.54,1217.71,336761.6598
Etherium,ETH,23/12/2022,1217.72,1231.99,1210,1219.99,278604.2882
Etherium,ETH,24/12/2022,1219.98,1227.99,1214.69,1220.41,123701.5301
Etherium,ETH,25/12/2022,1220.42,1225,1193.18,1218.51,231652.0612
Etherium,ETH,26/12/2022,1218.52,1231.09,1211.67,1228.11,162723.0857
Etherium,ETH,27/12/2022,1228.12,1233.73,1200.58,1211.55,262437.6398
Etherium,ETH,28/12/2022,1211.55,1215.78,1181.06,1190.15,367828.8914
Etherium,ETH,29/12/2022,1190.15,1206.57,1186.77,1200.49,249130.4869
Etherium,ETH,30/12/2022,1200.48,1202.15,1181.08,1199.99,266014.2115
Etherium,ETH,31/12/2022,1199.98,1208.46,1191.66,1196.13,139379.2811
Etherium,ETH,01/01/2023,1196.13,1204.67,1190.57,1200.34,117762.0685
Etherium,ETH,02/01/2023,1200.33,1224.29,1193,1214,252794.14
Etherium,ETH,03/01/2023,1213.99,1219.89,1204.93,1214.55,205519.4944
Etherium,ETH,04/01/2023,1214.56,1272.6,1212.71,1256.9,457799.6648
Etherium,ETH,05/01/2023,1256.91,1259.95,1242.81,1251.24,272805.33
Etherium,ETH,06/01/2023,1251.25,1276.7,1236,1269.14,342344.2023
Etherium,ETH,07/01/2023,1269.13,1271.09,1261.3,1264.07,129474.2884
Etherium,ETH,08/01/2023,1264.06,1296,1257.77,1290.16,213636.7848
Etherium,ETH,09/01/2023,1290.15,1344.91,1285.44,1320.39,581727.6968
Etherium,ETH,10/01/2023,1320.4,1347.69,1316.8,1335.62,459660.2307
Etherium,ETH,11/01/2023,1335.63,1398,1321.04,1389.39,472465.9556
Etherium,ETH,12/01/2023,1389.4,1438,1361.92,1415.92,877712.4492
Etherium,ETH,13/01/2023,1415.91,1464,1401.03,1451.2,499377.8649
Etherium,ETH,14/01/2023,1451.21,1599.98,1449.14,1549.9,940691.7774
Etherium,ETH,15/01/2023,1549.91,1566.66,1516.03,1552.52,387832.7138
Etherium,ETH,16/01/2023,1552.52,1604.5,1521.31,1576.94,574622.8953
Etherium,ETH,17/01/2023,1576.94,1609,1541.15,1565.57,506771.7219
Etherium,ETH,18/01/2023,1565.56,1610,1501.39,1511.43,752534.8857
Etherium,ETH,19/01/2023,1511.44,1564.43,1509.15,1551.09,308679.4645
Etherium,ETH,20/01/2023,1551.09,1669.9,1542.02,1658.52,440570.9974
Etherium,ETH,21/01/2023,1658.53,1679.26,1616.21,1626.66,494248.6009
Etherium,ETH,22/01/2023,1626.65,1663.89,1604,1627.44,431729.6909
Etherium,ETH,23/01/2023,1627.43,1648.09,1585.29,1626.29,407267.1156
Etherium,ETH,24/01/2023,1626.28,1641.46,1535,1555.97,462275.3243
Etherium,ETH,25/01/2023,1555.97,1641,1518,1611.94,646474.9166
Etherium,ETH,26/01/2023,1611.95,1632.84,1577.43,1601.09,532777.8466
Etherium,ETH,27/01/2023,1601.08,1621,1552.54,1597.62,512093.3875
Etherium,ETH,28/01/2023,1597.61,1606.83,1555.99,1572.1,313675.6574
Etherium,ETH,29/01/2023,1572.1,1660,1566.33,1644.72,551767.9134
Etherium,ETH,30/01/2023,1644.73,1647.53,1535,1566.2,595055.3281
Etherium,ETH,31/01/2023,1566.21,1605.18,1561.63,1585.33,348856.6751
Etherium,ETH,01/02/2023,1585.32,1647.77,1555.18,1641.68,474617.1709
Etherium,ETH,02/02/2023,1641.67,1714.68,1626.85,1643.12,629188.8874
Etherium,ETH,03/02/2023,1643.12,1676,1625.93,1663.52,464815.032
Etherium,ETH,04/02/2023,1663.52,1695.29,1645.43,1666.38,308227.1295
Etherium,ETH,05/02/2023,1666.39,1673.81,1609.3,1629.02,413579.6748
Etherium,ETH,06/02/2023,1629.01,1658.56,1605.01,1614.29,384119.4197
Etherium,ETH,07/02/2023,1614.28,1678.37,1613.14,1671.03,451922.4
Etherium,ETH,08/02/2023,1671.03,1697.91,1630.47,1650.43,417966.2539
Etherium,ETH,09/02/2023,1650.42,1656.17,1524.4,1545.35,658011.6964
Etherium,ETH,10/02/2023,1545.35,1555.01,1490,1513.06,484654.2199
Etherium,ETH,11/02/2023,1513.05,1543,1505,1538.51,289691.5708
Etherium,ETH,12/02/2023,1538.5,1548.02,1493.08,1514.83,286758.374
Etherium,ETH,13/02/2023,1514.82,1526.1,1461.93,1505.24,643152.3904
Etherium,ETH,14/02/2023,1505.25,1569,1482.66,1555.71,668964.3768
Etherium,ETH,15/02/2023,1555.7,1680,1542.55,1674.92,581207.8586
Etherium,ETH,16/02/2023,1674.92,1742.97,1633.72,1637.84,832723.6731
Etherium,ETH,17/02/2023,1637.83,1722,1630.51,1693.87,579934.663
Etherium,ETH,18/02/2023,1693.81,1713.13,1679.77,1691.62,267305.7813
Etherium,ETH,19/02/2023,1691.62,1726.59,1666.14,1679.75,401023.0477
Etherium,ETH,20/02/2023,1679.74,1719.89,1650.56,1703.27,451314.8335
Etherium,ETH,21/02/2023,1703.27,1716.66,1636.3,1659.76,520354.4688
Etherium,ETH,22/02/2023,1659.77,1666.95,1595.07,1643.14,528875.4809
Etherium,ETH,23/02/2023,1643.15,1679,1628.75,1650.53,501305.9717
Etherium,ETH,24/02/2023,1650.52,1664.66,1575.64,1607.8,512515.4982
Etherium,ETH,25/02/2023,1607.8,1608.98,1557.33,1594.58,290188.0391
Etherium,ETH,26/02/2023,1594.58,1651.26,1587.76,1641.36,308607.9941
Etherium,ETH,27/02/2023,1641.37,1665.22,1608,1633.45,431861.4129
Etherium,ETH,28/02/2023,1633.45,1647.52,1596.66,1605.23,393523.1647
Etherium,ETH,01/03/2023,1605.24,1669.72,1595,1665.22,474456.8235
Etherium,ETH,02/03/2023,1665.23,1677.86,1619.18,1647.86,423023.8082
Etherium,ETH,03/03/2023,1647.86,1649.25,1544.39,1569.45,742816.5976
Etherium,ETH,04/03/2023,1569.45,1577.53,1549.12,1566.73,237640.2606
Etherium,ETH,05/03/2023,1566.74,1588.77,1553.05,1564.58,299240.7415
Etherium,ETH,06/03/2023,1564.57,1583.49,1554.44,1565.84,307709.3011
Etherium,ETH,07/03/2023,1565.84,1584.49,1536.14,1561.96,437947.9032
Etherium,ETH,08/03/2023,1561.95,1570.89,1523.61,1532.38,460101.7658
Etherium,ETH,09/03/2023,1532.38,1546.45,1408,1437.32,718485.1364
Etherium,ETH,10/03/2023,1437.32,1439.43,1368.39,1426.44,960262.4509
Etherium,ETH,11/03/2023,1426.43,1478.07,1408.4,1471.97,1374859.62
Etherium,ETH,12/03/2023,1471.93,1594.19,1448.3,1580.33,1002355.093
Etherium,ETH,13/03/2023,1580.33,1693.49,1565,1673.45,1228063.605
Etherium,ETH,14/03/2023,1673.44,1780.02,1655.24,1699.4,1283321.236
Etherium,ETH,15/03/2023,1699.41,1716.9,1611,1649.96,963142.4833
Etherium,ETH,16/03/2023,1649.95,1691.42,1632.18,1673.73,627985.6119
Etherium,ETH,17/03/2023,1673.73,1800,1662.65,1789.27,907528.2825
Etherium,ETH,18/03/2023,1789.26,1841,1747.47,1758.84,711614.731
Etherium,ETH,19/03/2023,1758.84,1841.36,1757.92,1780.68,541131.8908
Etherium,ETH,20/03/2023,1780.67,1803.05,1722,1732.78,682848.1248
Etherium,ETH,21/03/2023,1732.77,1835,1717.01,1801.23,742348.4999
Etherium,ETH,22/03/2023,1801.23,1819.98,1710.12,1734.33,891287.6009
Etherium,ETH,23/03/2023,1734.34,1857.16,1729.35,1813.79,732061.103
Etherium,ETH,24/03/2023,1813.78,1818.99,1726.4,1749.57,564770.1417
Etherium,ETH,25/03/2023,1749.57,1763.23,1713.09,1741.88,355679.3743
Etherium,ETH,26/03/2023,1741.88,1801,1739.31,1773.88,354933.2372
Etherium,ETH,27/03/2023,1773.88,1780.48,1686.13,1715.22,570563.5023
Etherium,ETH,28/03/2023,1715.21,1795.73,1701.13,1772.99,536511.3973
Etherium,ETH,29/03/2023,1773,1827.99,1772.48,1793.07,536865.5972
Etherium,ETH,30/03/2023,1793.06,1829.69,1763,1793.61,579690.0394
Etherium,ETH,31/03/2023,1793.6,1847.28,1777.91,1821.52,554525.4762
Etherium,ETH,01/04/2023,1821.52,1842.83,1807.81,1820.79,272904.9674
Etherium,ETH,02/04/2023,1820.8,1824.81,1771.7,1794.51,322122.9385
Etherium,ETH,03/04/2023,1794.51,1839.99,1762.77,1810.51,628503.6619
Etherium,ETH,04/04/2023,1810.51,1891.91,1802.01,1870.37,622208.6411
Etherium,ETH,05/04/2023,1870.38,1942.98,1864.58,1908.69,548595.5155
Etherium,ETH,06/04/2023,1908.68,1909.91,1853.7,1872.41,396241.4352
Etherium,ETH,07/04/2023,1872.41,1882.61,1841.46,1863.72,284256.4873
Etherium,ETH,08/04/2023,1863.73,1879.38,1847,1848.82,197905.5407
Etherium,ETH,09/04/2023,1848.82,1873.99,1824.01,1858.92,287131.3079
Etherium,ETH,10/04/2023,1858.91,1918.79,1846.4,1910.2,434739.7984
Etherium,ETH,11/04/2023,1910.21,1937.37,1881.11,1889.86,405203.4892
Etherium,ETH,12/04/2023,1889.86,1933,1852.65,1917.39,630844.4186
Etherium,ETH,13/04/2023,1917.4,2023,1899.55,2012.01,676164.5188
Etherium,ETH,14/04/2023,2012,2128.76,2009.22,2099.99,896307.3934
Etherium,ETH,15/04/2023,2099.99,2111.85,2071.13,2090.6,321823.7851
Etherium,ETH,16/04/2023,2090.61,2141.54,2072.72,2118.67,319880.4393
Etherium,ETH,17/04/2023,2118.66,2120.51,2056.25,2074,426972.7071
Etherium,ETH,18/04/2023,2073.99,2125,2051,2103.5,414244.6135
Etherium,ETH,19/04/2023,2103.51,2104.6,1923.03,1933.73,775389.0602
Etherium,ETH,20/04/2023,1933.74,1982.99,1914.43,1942.98,625336.2495
Etherium,ETH,21/04/2023,1942.98,1957.27,1825,1848.78,688876.6186
Etherium,ETH,22/04/2023,1848.77,1887.31,1841.64,1874.16,331007.5879
Etherium,ETH,23/04/2023,1874.17,1882.01,1836.37,1862,344514.3444
Etherium,ETH,24/04/2023,1862.01,1890,1806,1841.84,447864.0517
Etherium,ETH,25/04/2023,1841.84,1877.86,1801.66,1866.1,457870.6047
Etherium,ETH,26/04/2023,1866.1,1964.72,1785,1866.01,897709.7298
Etherium,ETH,27/04/2023,1866.01,1940.96,1861.19,1908.68,727472.9466
Etherium,ETH,28/04/2023,1908.68,1923.88,1873.94,1890.94,387630.7791
Etherium,ETH,29/04/2023,1890.93,1918,1883.05,1907.8,182046.1406
Etherium,ETH,30/04/2023,1907.79,1939,1866.16,1870.09,355336.4888
Etherium,ETH,01/05/2023,1870.08,1886.49,1806.12,1830.73,445519.1779
Etherium,ETH,02/05/2023,1830.73,1881.87,1822.94,1870.08,373753.2027
Etherium,ETH,03/05/2023,1870.09,1916.52,1842.64,1905.12,465185.2501
Etherium,ETH,04/05/2023,1905.12,1918.26,1866.71,1877.07,354528.6144
Etherium,ETH,05/05/2023,1877.07,1998.36,1875.65,1993.3,546608.875
Etherium,ETH,06/05/2023,1993.3,2019,1860,1896.33,608106.9915
Etherium,ETH,07/05/2023,1896.33,1933.33,1867.59,1870.4,413268.8357
Etherium,ETH,08/05/2023,1870.41,1883.97,1810.73,1847.56,625316.6168
Etherium,ETH,09/05/2023,1847.55,1861.88,1830.99,1846.52,304396.186
Etherium,ETH,10/05/2023,1846.53,1887.47,1790.51,1840.84,639933.3855
Etherium,ETH,11/05/2023,1840.83,1842.02,1772.68,1794.3,522096.0725
Etherium,ETH,12/05/2023,1794.31,1818.63,1740,1807.45,565539.8309
Etherium,ETH,13/05/2023,1807.45,1817.03,1785.23,1795.11,212895.4373
Etherium,ETH,14/05/2023,1795.12,1824,1789.82,1799.21,218101.0977
Etherium,ETH,15/05/2023,1799.2,1846.7,1785.05,1816.2,388171.9261
Etherium,ETH,16/05/2023,1816.21,1832.64,1796.2,1824.21,311238.6786
Etherium,ETH,17/05/2023,1824.21,1837.5,1783.68,1822.12,352097.9913
Etherium,ETH,18/05/2023,1822.12,1831.92,1771.12,1800.56,293755.311
Etherium,ETH,19/05/2023,1800.56,1829.54,1796.81,1812.32,243116.4676
Etherium,ETH,20/05/2023,1812.31,1828.87,1807.06,1819.42,127754.4349
Etherium,ETH,21/05/2023,1819.42,1828.98,1797.21,1804.91,161517.8053
Etherium,ETH,22/05/2023,1804.91,1828.27,1792.01,1817.35,237498.9423
Etherium,ETH,23/05/2023,1817.36,1872.5,1815.24,1854.05,396869.6097
Etherium,ETH,24/05/2023,1854.06,1854.09,1777.6,1799.89,420846.1445
Etherium,ETH,25/05/2023,1799.89,1818.81,1761.41,1805.6,350633.0089
Etherium,ETH,26/05/2023,1805.61,1838.2,1796.99,1827.79,275690.6854
Etherium,ETH,27/05/2023,1827.8,1836.12,1812.18,1829.89,138824.9406
Etherium,ETH,28/05/2023,1829.89,1918.65,1823.6,1908.64,378392.4371
Etherium,ETH,29/05/2023,1908.64,1927.62,1873.65,1892.6,313593.4942
Etherium,ETH,30/05/2023,1892.6,1917,1881.19,1900.59,272665.8402
Etherium,ETH,31/05/2023,1900.58,1907.13,1846.95,1873.63,319255.5681
Etherium,ETH,01/06/2023,1873.63,1889.2,1840,1861.78,270496.6097
Etherium,ETH,02/06/2023,1861.78,1910,1847.51,1906.68,313004.0658
Etherium,ETH,03/06/2023,1906.69,1907.92,1881.6,1892.06,148818.2427
Etherium,ETH,04/06/2023,1892.05,1914.63,1884.22,1890.01,172683.0119
Etherium,ETH,05/06/2023,1890,1890.63,1778,1810.5,555361.2683
Etherium,ETH,06/06/2023,1810.49,1898.29,1797.18,1884.64,491407.2174
Etherium,ETH,07/06/2023,1884.65,1897.8,1821.18,1832.13,429196.7064
Etherium,ETH,08/06/2023,1832.12,1861.28,1828.31,1845.64,189270.4853
Etherium,ETH,09/06/2023,1845.65,1855,1827,1840.37,198324.3252
Etherium,ETH,10/06/2023,1840.37,1844.99,1715.03,1751.53,652324.6695
Etherium,ETH,11/06/2023,1751.52,1778.25,1738.72,1752.76,219956.2434
Etherium,ETH,12/06/2023,1752.77,1759.33,1720,1742.57,302132.4819
Etherium,ETH,13/06/2023,1742.57,1770.13,1724.22,1740.12,284268.0018
Etherium,ETH,14/06/2023,1740.12,1750.03,1630.43,1650.95,415847.327
Etherium,ETH,15/06/2023,1650.95,1680.91,1626.01,1666.96,370774.7696
Etherium,ETH,16/06/2023,1666.96,1729.5,1649.86,1717.92,311734.5904
Etherium,ETH,17/06/2023,1717.91,1770,1714.26,1727.76,210914.9216
Etherium,ETH,18/06/2023,1727.75,1747.84,1712,1720.95,156535.0128
Etherium,ETH,19/06/2023,1720.95,1752.19,1698,1737.11,245162.7589
Etherium,ETH,20/06/2023,1737.1,1796.99,1714.72,1791.99,328855.6846
Etherium,ETH,21/06/2023,1791.99,1901,1787.38,1889.11,613755.8869
Etherium,ETH,22/06/2023,1889.1,1933.17,1865.98,1872.01,416714.5719
Etherium,ETH,23/06/2023,1872,1936.42,1861.01,1892.63,401147.9324
Etherium,ETH,24/06/2023,1892.63,1906,1864.77,1874.96,226910.2941
Etherium,ETH,25/06/2023,1874.95,1930,1868.83,1898.8,338757.6158
Etherium,ETH,26/06/2023,1898.8,1909.1,1837.18,1858.97,458743.861
Etherium,ETH,27/06/2023,1858.97,1912.53,1855.19,1889.58,366634.5707
Etherium,ETH,28/06/2023,1889.58,1890.19,1816.56,1828.02,337836.5792
Etherium,ETH,29/06/2023,1828.03,1880,1827.84,1851.99,241844.8281
Etherium,ETH,30/06/2023,1851.99,1948.6,1825.01,1933.79,716538.1035
Etherium,ETH,01/07/2023,1933.8,1944.56,1909.44,1924.5,178373.3688
Etherium,ETH,02/07/2023,1924.5,1959.2,1885.75,1937.48,255852.7832
Etherium,ETH,03/07/2023,1937.49,1976.16,1933.55,1955.54,322102.4295
Etherium,ETH,04/07/2023,1955.55,1967.08,1931.58,1936.2,205525.0984
Etherium,ETH,05/07/2023,1936.19,1942.5,1894.51,1910.36,267633.4783
Etherium,ETH,06/07/2023,1910.35,1958,1846,1846.17,456362.741
Etherium,ETH,07/07/2023,1846.17,1878,1826,1870.91,232944.3466
Etherium,ETH,08/07/2023,1870.92,1876,1842.8,1865.24,125819.8273
Etherium,ETH,09/07/2023,1865.24,1879.36,1856.15,1862.8,135046.3743
Etherium,ETH,10/07/2023,1862.81,1905.5,1846.63,1880.4,247868.1494
Etherium,ETH,11/07/2023,1880.41,1891.99,1862.38,1878.3,177771.6117
Etherium,ETH,12/07/2023,1878.31,1902,1864.37,1871.82,264406.8673
Etherium,ETH,13/07/2023,1871.82,2012.63,1862.59,2004.49,548861.4207
Etherium,ETH,14/07/2023,2004.49,2029.11,1898.39,1937.83,498724.0359
Etherium,ETH,15/07/2023,1937.82,1946.37,1926.23,1931.41,135181.7663
Etherium,ETH,16/07/2023,1931.41,1943.55,1914,1922.11,148667.1051
Etherium,ETH,17/07/2023,1922.12,1936.18,1873.26,1911.2,277159.0349
Etherium,ETH,18/07/2023,1911.21,1917.19,1875.73,1897.21,215780.5006
Etherium,ETH,19/07/2023,1897.21,1922.04,1882.17,1888.63,218045.0005
Etherium,ETH,20/07/2023,1888.64,1929.05,1878,1891.59,292907.5164
Etherium,ETH,21/07/2023,1891.59,1905.74,1884.64,1891.73,165554.0428
Etherium,ETH,22/07/2023,1891.73,1897.35,1851.18,1866.52,131901.6487
Etherium,ETH,23/07/2023,1866.52,1905.25,1857.82,1888.73,153501.0178
Etherium,ETH,24/07/2023,1888.74,1890.86,1833.19,1850,276504.5547
Etherium,ETH,25/07/2023,1850,1868.71,1845.45,1857.66,152251.21
Etherium,ETH,26/07/2023,1857.66,1888,1848.35,1872,272090.5333
Etherium,ETH,27/07/2023,1871.99,1886.11,1854.84,1861.28,163766.4259
Etherium,ETH,28/07/2023,1861.29,1883.39,1856.52,1874.19,138695.7147
Etherium,ETH,29/07/2023,1874.2,1886.58,1869.54,1880.46,72867.0269
Etherium,ETH,30/07/2023,1880.45,1885.3,1848.17,1861.79,158657.5902
Etherium,ETH,31/07/2023,1861.79,1877.4,1851.02,1856.14,168204.4534
Etherium,ETH,01/08/2023,1856.13,1875.62,1813.8,1873.47,358476.0966
Etherium,ETH,02/08/2023,1873.48,1879.74,1821.21,1839.9,254213.0553
Etherium,ETH,03/08/2023,1839.9,1859.12,1826,1835.81,171148.052
Etherium,ETH,04/08/2023,1835.81,1851.31,1815.74,1830.23,187699.4552
Etherium,ETH,05/08/2023,1830.24,1839,1827.5,1836.48,93657.3255
Etherium,ETH,06/08/2023,1836.48,1838.58,1825.86,1830.28,90403.9915
Etherium,ETH,07/08/2023,1830.28,1847,1802,1829.1,224092.9059
Etherium,ETH,08/08/2023,1829.1,1876.51,1826.33,1856.3,236336.03
Etherium,ETH,09/08/2023,1856.3,1871.99,1846.28,1855.35,191926.8343
Etherium,ETH,10/08/2023,1855.36,1865.95,1845.38,1852.47,127321.4553
Etherium,ETH,11/08/2023,1852.47,1857.26,1838.05,1848.84,113209.3103
Etherium,ETH,12/08/2023,1848.84,1854.01,1846.08,1849.93,63292.6476
Etherium,ETH,13/08/2023,1849.94,1862,1834.51,1840.73,120674.1364
Etherium,ETH,14/08/2023,1840.73,1856.5,1835,1845.5,150196.1203
Etherium,ETH,15/08/2023,1845.5,1847.36,1814,1828.98,186081.6989
Etherium,ETH,16/08/2023,1828.98,1831.52,1798.17,1807.81,205430.7368
Etherium,ETH,17/08/2023,1807.81,1809.99,1550,1681.49,812138.2159
Etherium,ETH,18/08/2023,1681.49,1699.4,1641.02,1661.59,538083.1018
Etherium,ETH,19/08/2023,1661.6,1696.72,1654.31,1669.67,231919.0485
Etherium,ETH,20/08/2023,1669.68,1694.75,1662.03,1685.24,195623.5263
Etherium,ETH,21/08/2023,1685.23,1688.59,1649.4,1667.55,250835.1518
Etherium,ETH,22/08/2023,1667.56,1669.38,1580,1634.99,402012.045
Etherium,ETH,23/08/2023,1635,1702.11,1629.05,1679.61,374761.1088
Etherium,ETH,24/08/2023,1679.61,1683.37,1635.28,1661.16,231539.7805
Etherium,ETH,25/08/2023,1661.16,1677.22,1635.51,1653.8,236261.6898
Etherium,ETH,26/08/2023,1653.79,1655.59,1644,1647.04,79175.425
Etherium,ETH,27/08/2023,1647.03,1660.24,1646.32,1658.33,87789.9196
Etherium,ETH,28/08/2023,1658.33,1664.34,1621.75,1653.08,214351.0143
Etherium,ETH,29/08/2023,1653.08,1745.84,1640,1729.42,494371.0823
Etherium,ETH,30/08/2023,1729.41,1730.93,1694.34,1705.23,202841.4402
Etherium,ETH,31/08/2023,1705.23,1729,1630,1645.76,330518.2668
Etherium,ETH,01/09/2023,1645.77,1654.53,1602.33,1629.12,302406.1686
Etherium,ETH,02/09/2023,1629.13,1645,1628.03,1637.03,102145.9476
Etherium,ETH,03/09/2023,1637.02,1647.5,1625.14,1635.84,116767.2862
Etherium,ETH,04/09/2023,1635.84,1644.82,1616.32,1630.51,168010.9056
Etherium,ETH,05/09/2023,1630.52,1648.02,1609.69,1634.45,204365.4907
Etherium,ETH,06/09/2023,1634.46,1670,1609.2,1633.15,219541.0193
Etherium,ETH,07/09/2023,1633.15,1660,1623.4,1648.11,228558.2782
Etherium,ETH,08/09/2023,1648.11,1658.93,1616.21,1636.44,221570.0458
Etherium,ETH,09/09/2023,1636.43,1637.52,1629.74,1635.54,58519.6229
Etherium,ETH,10/09/2023,1635.53,1635.7,1600,1617.42,207957.8428
Etherium,ETH,11/09/2023,1617.42,1619,1531.01,1551.85,417424.8189
Etherium,ETH,12/09/2023,1551.84,1626,1549.67,1592.97,329739.9685
Etherium,ETH,13/09/2023,1592.97,1619.3,1581.88,1607.62,223409.2889
Etherium,ETH,14/09/2023,1607.61,1644.29,1607.05,1626.47,275301.1505
Etherium,ETH,15/09/2023,1626.48,1654.08,1611.42,1641.29,181340.024
Etherium,ETH,16/09/2023,1641.3,1653.17,1631.31,1634.4,99555.4671
Etherium,ETH,17/09/2023,1634.4,1635,1612,1622.48,120227.4117
Etherium,ETH,18/09/2023,1622.48,1669.5,1603.88,1636.66,279041.6978
Etherium,ETH,19/09/2023,1636.66,1661.04,1626.32,1643.12,184282.4258
Etherium,ETH,20/09/2023,1643.13,1649.34,1604.51,1622.26,232844.2347
Etherium,ETH,21/09/2023,1622.27,1625.3,1567.77,1583.94,240627.544
Etherium,ETH,22/09/2023,1583.94,1602.68,1576.58,1593.08,124886.091
Etherium,ETH,23/09/2023,1593.07,1598.24,1587.45,1593.86,64537.1341
Etherium,ETH,24/09/2023,1593.85,1601.12,1570.01,1580.71,137517.8533
Etherium,ETH,25/09/2023,1580.71,1597.5,1563.01,1588.33,176706.9277
Etherium,ETH,26/09/2023,1588.34,1599.78,1580.05,1594.01,125583.0161
Etherium,ETH,27/09/2023,1594.02,1634.1,1583.5,1598.64,274404.4328
Etherium,ETH,28/09/2023,1598.63,1668.21,1598.14,1652.99,331409.7015
Etherium,ETH,29/09/2023,1653,1688,1648.37,1667.45,251975.6728
Etherium,ETH,30/09/2023,1667.45,1694.32,1666.19,1670.89,136924.9141
Etherium,ETH,01/10/2023,1670.89,1751,1668,1733.79,225611.5868
Etherium,ETH,02/10/2023,1733.8,1744,1636.79,1662.4,378575.6898
Etherium,ETH,03/10/2023,1662.41,1670.65,1643,1656.88,198287.1164
Etherium,ETH,04/10/2023,1656.88,1657.66,1625,1646.58,222861.7167
Etherium,ETH,05/10/2023,1646.58,1655.47,1606.73,1611.79,237378.7449
Etherium,ETH,06/10/2023,1611.79,1662,1611.68,1645.03,220507.9286
Etherium,ETH,07/10/2023,1645.03,1647.71,1630.03,1633.57,101241.5732
Etherium,ETH,08/10/2023,1633.56,1641.4,1616.17,1632.84,149424.6635
Etherium,ETH,09/10/2023,1632.85,1636,1546,1580.13,340141.0988
Etherium,ETH,10/10/2023,1580.13,1594.9,1550.55,1567.63,240659.3287
Etherium,ETH,11/10/2023,1567.62,1578.43,1544.26,1566.87,260253.9671
Etherium,ETH,12/10/2023,1566.86,1568.56,1521,1539.61,237221.4977
Etherium,ETH,13/10/2023,1539.61,1575.36,1537.76,1552.16,192205.8736
Etherium,ETH,14/10/2023,1552.16,1561.72,1544.55,1554.94,100314.6754
Etherium,ETH,15/10/2023,1554.94,1567.62,1547.44,1557.77,120311.2738
Etherium,ETH,16/10/2023,1557.78,1639.43,1555.06,1599.42,418510.8644
Etherium,ETH,17/10/2023,1599.41,1600.53,1551.08,1565.01,234817.0699
Etherium,ETH,18/10/2023,1565.01,1585.42,1555.88,1563.44,177750.2253
Etherium,ETH,19/10/2023,1563.45,1574.45,1541.61,1566.57,216217.6675
Etherium,ETH,20/10/2023,1566.57,1630.4,1561.19,1603.89,315995.792
Etherium,ETH,21/10/2023,1603.88,1644.53,1592.36,1628.94,176419.4092
Etherium,ETH,22/10/2023,1628.94,1667.8,1621.1,1663.7,228650.9225
Etherium,ETH,23/10/2023,1663.69,1800,1657.07,1765.46,610931.9663
Etherium,ETH,24/10/2023,1765.47,1854.38,1756.21,1784.98,674055.1375
Etherium,ETH,25/10/2023,1784.98,1817.69,1760,1787.15,354410.8294
Etherium,ETH,26/10/2023,1787.15,1865.54,1762.21,1803.38,431169.0453
Etherium,ETH,27/10/2023,1803.39,1803.91,1744.66,1779.4,274532.6921
Etherium,ETH,28/10/2023,1779.41,1803.23,1770,1776.2,122919.7382
Etherium,ETH,29/10/2023,1776.21,1811.3,1762.66,1795.14,144110.6508
Etherium,ETH,30/10/2023,1795.14,1829.84,1777.77,1809.04,277686.192
Etherium,ETH,31/10/2023,1809.03,1819.41,1780.99,1814.67,258074.5796
Etherium,ETH,01/11/2023,1814.67,1857.66,1783.19,1846.99,471921.6184
Etherium,ETH,02/11/2023,1846.99,1875,1785.01,1800.8,368738.2193
Etherium,ETH,03/11/2023,1800.79,1834.58,1777.11,1832.71,315000.2678
Etherium,ETH,04/11/2023,1832.7,1869.9,1824.03,1855.54,171538.0364
Etherium,ETH,05/11/2023,1855.54,1912.67,1846.11,1891.71,383106.7628
Etherium,ETH,06/11/2023,1891.71,1914.23,1868.48,1900.95,328746.2394
Etherium,ETH,07/11/2023,1900.95,1906.99,1850.32,1885.27,332419.4406
Etherium,ETH,08/11/2023,1885.26,1904.69,1872.51,1888.12,247881.0997
Etherium,ETH,09/11/2023,1888.11,2132,1882.07,2121.32,1100330.324
Etherium,ETH,10/11/2023,2121.33,2136.99,2064.61,2077.72,555573.6495
Etherium,ETH,11/11/2023,2077.72,2089.6,2030.3,2053.17,370966.0372
Etherium,ETH,12/11/2023,2053.16,2066.5,2012.1,2044.68,281907.559
Etherium,ETH,13/11/2023,2044.69,2118,2028.49,2053.65,529143.5815
Etherium,ETH,14/11/2023,2053.65,2064.96,1936.6,1979.39,481909.733
Etherium,ETH,15/11/2023,1979.4,2062.4,1967.01,2058.48,421870.8032
Etherium,ETH,16/11/2023,2058.49,2090.4,1939.1,1961.77,545286.1297
Etherium,ETH,17/11/2023,1961.77,1991.5,1904,1960.82,401100.5069
Etherium,ETH,18/11/2023,1960.82,1971.22,1916,1962.6,279368.2208
Etherium,ETH,19/11/2023,1962.59,2015.75,1942.89,2011.47,251132.6192
Etherium,ETH,20/11/2023,2011.47,2066.4,1990,2021.4,421717.679
Etherium,ETH,21/11/2023,2021.41,2034.6,1931.43,1933.01,490163.9863
Etherium,ETH,22/11/2023,1933.01,2092.46,1928.41,2063.21,466120.5109
Etherium,ETH,23/11/2023,2063.22,2088.94,2040.35,2062.2,250960.6958
Etherium,ETH,24/11/2023,2062.21,2133.02,2059.37,2080.84,426932.5402
Etherium,ETH,25/11/2023,2080.84,2090.54,2065.3,2083.09,138847.393
Etherium,ETH,26/11/2023,2083.1,2094.99,2036.42,2062.33,241262.9136
Etherium,ETH,27/11/2023,2062.34,2071.24,1985.78,2027.5,326073.2298
Etherium,ETH,28/11/2023,2027.5,2075,1995.15,2048.14,283775.9279
Etherium,ETH,29/11/2023,2048.14,2075.7,2019.31,2028.81,254843.7319
Etherium,ETH,30/11/2023,2028.8,2054.75,2020.85,2051.96,243680.0921
Etherium,ETH,01/12/2023,2051.95,2110.87,2045.04,2087.24,372645.586
Etherium,ETH,02/12/2023,2087.24,2186.6,2086.25,2164.74,320979.9768
Etherium,ETH,03/12/2023,2164.75,2217.27,2149,2192.95,257879.1136
Etherium,ETH,04/12/2023,2192.96,2274.28,2191,2243.37,565307.7134
Etherium,ETH,05/12/2023,2243.36,2309.72,2188.33,2293.33,529829.7214
Etherium,ETH,06/12/2023,2293.33,2312.23,2220,2232.7,408338.9056
Etherium,ETH,07/12/2023,2232.7,2382.8,2222,2355.73,485190.0609
Etherium,ETH,08/12/2023,2355.74,2392,2336.34,2358.72,378569.8126
Etherium,ETH,09/12/2023,2358.71,2403,2328.01,2340.49,287771.0664
Etherium,ETH,10/12/2023,2340.48,2377.47,2320,2352.39,200037.2102
Etherium,ETH,11/12/2023,2352.39,2355,2156.62,2225.12,640414.9166
Etherium,ETH,12/12/2023,2225.11,2244.12,2166,2203.46,361588.9087
Etherium,ETH,13/12/2023,2203.47,2284.02,2144.32,2260.16,418916.6154
Etherium,ETH,14/12/2023,2260.16,2332.11,2228.2,2315.32,409508.0931
Etherium,ETH,15/12/2023,2315.32,2317.81,2200,2220.5,333552.6328
Etherium,ETH,16/12/2023,2220.51,2263.4,2210,2228.96,199285.923
Etherium,ETH,17/12/2023,2228.96,2248.68,2191.5,2196.52,225925.7675
Etherium,ETH,18/12/2023,2196.53,2224,2116.6,2219.43,364103.1181
Etherium,ETH,19/12/2023,2219.44,2255,2135.55,2177.91,383551.4049
Etherium,ETH,20/12/2023,2177.9,2266,2156,2202.17,416841.6272
Etherium,ETH,21/12/2023,2202.17,2279.31,2182.98,2239.61,453069.7252
Etherium,ETH,22/12/2023,2239.6,2343.15,2230.59,2324.54,591357.488
Etherium,ETH,23/12/2023,2324.54,2330.65,2265,2308.2,255626.9352
Etherium,ETH,24/12/2023,2308.2,2326.19,2245,2264.05,307951.076
Etherium,ETH,25/12/2023,2264.04,2304.8,2253.1,2271.35,286277.1616
Etherium,ETH,26/12/2023,2271.36,2274.99,2178.45,2230.88,410413.1591
Etherium,ETH,27/12/2023,2230.88,2392.44,2211.88,2378.35,541537.3574
Etherium,ETH,28/12/2023,2378.35,2445.8,2335,2344.15,580459.982
Etherium,ETH,29/12/2023,2344.15,2385.41,2255.34,2299.2,450201.2069
Etherium,ETH,30/12/2023,2299.2,2322.84,2268,2291.68,210539.1327
Etherium,ETH,31/12/2023,2291.68,2321.34,2258.88,2281.87,222175.8779
Etherium,ETH,01/01/2024,2281.87,2352.37,2265.24,2352.04,216702.6914
Etherium,ETH,02/01/2024,2352.05,2431.3,2341,2355.34,458041.6642
Etherium,ETH,03/01/2024,2355.35,2385.45,2100,2209.72,798729.4869
Etherium,ETH,04/01/2024,2209.72,2294.69,2201.91,2267.11,448844.055
Etherium,ETH,05/01/2024,2267.11,2277.21,2206.17,2268.78,405568.0006
Etherium,ETH,06/01/2024,2268.78,2270,2216.4,2240.78,194067.8656
Etherium,ETH,07/01/2024,2240.77,2258.01,2203.46,2221.42,207138.6927
Etherium,ETH,08/01/2024,2221.42,2358.2,2166.38,2330.44,539407.5547
Etherium,ETH,09/01/2024,2330.43,2371.72,2226.78,2344.29,551454.9931
Etherium,ETH,10/01/2024,2344.3,2643.1,2339.59,2584.38,1038388.666
Etherium,ETH,11/01/2024,2584.37,2689.39,2566.01,2618.01,838712.2577
Etherium,ETH,12/01/2024,2618.01,2717.32,2458,2522.54,887457.7627
Etherium,ETH,13/01/2024,2522.55,2590,2497.5,2578.19,422061.232
Etherium,ETH,14/01/2024,2578.18,2578.69,2470,2472.87,306207.7463
Etherium,ETH,15/01/2024,2472.87,2553.82,2470.92,2511.78,315247.8819
Etherium,ETH,16/01/2024,2511.79,2614.43,2500.05,2587.4,381077.6247
Etherium,ETH,17/01/2024,2587.41,2592.97,2506.75,2530.19,366281.3477
Etherium,ETH,18/01/2024,2530.2,2550,2428.56,2470.81,452090.1074
Etherium,ETH,19/01/2024,2470.81,2504.2,2415.2,2492,424209.0029
Etherium,ETH,20/01/2024,2491.99,2492,2454.2,2472.01,136620.9577
Etherium,ETH,21/01/2024,2472.02,2482.18,2452.13,2457.05,122572.1687
Etherium,ETH,22/01/2024,2457.06,2466.1,2303.59,2314.2,526337.6492
Etherium,ETH,23/01/2024,2314.19,2352.23,2168.07,2242.6,700105.3314
Etherium,ETH,24/01/2024,2242.6,2264.6,2196.12,2235.02,359851.1496
Etherium,ETH,25/01/2024,2235.02,2242.89,2171.3,2218.64,330426.6061
Etherium,ETH,26/01/2024,2218.64,2282.36,2195.84,2267.68,363566.4255
Etherium,ETH,27/01/2024,2267.67,2282.94,2251.4,2267.94,145109.3836
Etherium,ETH,28/01/2024,2267.94,2308.24,2239.89,2256.9,209326.9087
Etherium,ETH,29/01/2024,2256.9,2322.34,2233.8,2317.6,305528.0776
Etherium,ETH,30/01/2024,2317.61,2391.98,2297,2343.01,372879.5791
Etherium,ETH,31/01/2024,2343,2351.6,2263.57,2283.14,397116.1859
Etherium,ETH,01/02/2024,2283.15,2311.72,2240,2304.28,310997.4538
Etherium,ETH,02/02/2024,2304.28,2324.74,2281.94,2309.06,238230.511
Etherium,ETH,03/02/2024,2309.07,2329.98,2292.75,2296.49,133232.845
Etherium,ETH,04/02/2024,2296.5,2311,2266,2289.79,171232.0444
Etherium,ETH,05/02/2024,2289.79,2338.41,2269.11,2301.83,236610.412
Etherium,ETH,06/02/2024,2301.84,2392.4,2299,2372.64,368942.7498
Etherium,ETH,07/02/2024,2372.63,2444.44,2354,2425.1,342791.7013
Etherium,ETH,08/02/2024,2425.09,2463.15,2411.01,2419.55,338040.0539
Etherium,ETH,09/02/2024,2419.56,2525,2419.16,2486.56,492384.385
Etherium,ETH,10/02/2024,2486.56,2516.45,2471.57,2500.24,185099.59
Etherium,ETH,11/02/2024,2500.24,2539.63,2493.45,2507.21,219975.1471
Etherium,ETH,12/02/2024,2507.22,2665.58,2472,2659.99,449501.776
