Name,Date,Symbol,Open,High,Low,Close,Volume ADA
Cardano,22/09/2020,ADA,0.07989,0.08335,0.07906,0.08146,312840807.6
Cardano,23/09/2020,ADA,0.08148,0.0828,0.07545,0.07663,288788652.5
Cardano,24/09/2020,ADA,0.07663,0.08376,0.07549,0.08254,416112902.6
Cardano,25/09/2020,ADA,0.08254,0.09867,0.08233,0.09693,761770099.4
Cardano,26/09/2020,ADA,0.09691,0.09997,0.09226,0.09547,350666632.3
Cardano,27/09/2020,ADA,0.09541,0.10273,0.09419,0.1013,425402605.4
Cardano,28/09/2020,ADA,0.10132,0.10671,0.09957,0.1003,444510434.1
Cardano,29/09/2020,ADA,0.10026,0.1036,0.09735,0.1011,324750297.3
Cardano,30/09/2020,ADA,0.1011,0.10175,0.09662,0.10136,284886992.4
Cardano,01/10/2020,ADA,0.10136,0.10465,0.09458,0.09804,336851341.1
Cardano,02/10/2020,ADA,0.09803,0.1004,0.08967,0.09286,399944267.6
Cardano,03/10/2020,ADA,0.09285,0.09532,0.09208,0.09328,157830982.1
Cardano,04/10/2020,ADA,0.09332,0.09804,0.09205,0.09686,171939943.5
Cardano,05/10/2020,ADA,0.09684,0.09948,0.09585,0.09738,181150337.1
Cardano,06/10/2020,ADA,0.0974,0.09864,0.09122,0.09289,279075645.9
Cardano,07/10/2020,ADA,0.09287,0.09449,0.08934,0.09374,156895883.2
Cardano,08/10/2020,ADA,0.09372,0.09731,0.08975,0.09632,252697885.8
Cardano,09/10/2020,ADA,0.09632,0.10255,0.09485,0.10129,310310117.3
Cardano,10/10/2020,ADA,0.10133,0.11151,0.10133,0.10493,507111063.7
Cardano,11/10/2020,ADA,0.10488,0.10899,0.10415,0.10648,313077154.2
Cardano,12/10/2020,ADA,0.10652,0.11369,0.10216,0.10945,436930732
Cardano,13/10/2020,ADA,0.10951,0.11428,0.10751,0.10925,399840888.7
Cardano,14/10/2020,ADA,0.10927,0.11238,0.10519,0.10703,336699622.6
Cardano,15/10/2020,ADA,0.10703,0.10782,0.10441,0.10666,221158995.5
Cardano,16/10/2020,ADA,0.10664,0.10733,0.10218,0.10414,224603403.3
Cardano,17/10/2020,ADA,0.10415,0.10739,0.10316,0.10598,159726089.3
Cardano,18/10/2020,ADA,0.10589,0.10761,0.10501,0.10735,110005980.3
Cardano,19/10/2020,ADA,0.10737,0.1111,0.10598,0.10859,229437127
Cardano,20/10/2020,ADA,0.10856,0.10883,0.10058,0.10238,336559707.3
Cardano,21/10/2020,ADA,0.10237,0.10858,0.10128,0.10589,266714219.2
Cardano,22/10/2020,ADA,0.10585,0.11279,0.10507,0.11077,253146949.9
Cardano,23/10/2020,ADA,0.11075,0.11228,0.10515,0.10805,229349167.1
Cardano,24/10/2020,ADA,0.10801,0.1099,0.10726,0.10797,148170659.6
Cardano,25/10/2020,ADA,0.10795,0.10879,0.10603,0.10639,112506426.2
Cardano,26/10/2020,ADA,0.1064,0.1076,0.09892,0.10306,225727480.6
Cardano,27/10/2020,ADA,0.103,0.10568,0.10178,0.10256,184291093.8
Cardano,28/10/2020,ADA,0.10254,0.10331,0.09501,0.09869,282164120.8
Cardano,29/10/2020,ADA,0.09872,0.10082,0.09484,0.09531,257269193.8
Cardano,30/10/2020,ADA,0.09527,0.09569,0.08915,0.0933,278450826
Cardano,31/10/2020,ADA,0.09326,0.09555,0.09196,0.093,165418867.7
Cardano,01/11/2020,ADA,0.09296,0.09868,0.09241,0.09827,138991316.1
Cardano,02/11/2020,ADA,0.09827,0.10004,0.09151,0.09221,250365831.6
Cardano,03/11/2020,ADA,0.09222,0.09417,0.08793,0.09357,244514002.7
Cardano,04/11/2020,ADA,0.0936,0.09628,0.09155,0.0955,256317711.9
Cardano,05/11/2020,ADA,0.09553,0.0981,0.09207,0.09752,332802061.7
Cardano,06/11/2020,ADA,0.09749,0.11,0.09706,0.1091,451716971.6
Cardano,07/11/2020,ADA,0.10912,0.11387,0.09861,0.10128,647454529.2
Cardano,08/11/2020,ADA,0.10131,0.10832,0.0997,0.10655,270595831
Cardano,09/11/2020,ADA,0.10652,0.10799,0.10114,0.10561,310077984.4
Cardano,10/11/2020,ADA,0.10555,0.10915,0.10355,0.1059,303777358.8
Cardano,11/11/2020,ADA,0.1059,0.1089,0.10541,0.10599,251231387.1
Cardano,12/11/2020,ADA,0.10597,0.10667,0.10254,0.1046,223674122.1
Cardano,13/11/2020,ADA,0.10462,0.10798,0.10401,0.10629,237407048.5
Cardano,14/11/2020,ADA,0.10633,0.1073,0.10142,0.10411,228682972
Cardano,15/11/2020,ADA,0.10411,0.10527,0.0985,0.10046,201375366.6
Cardano,16/11/2020,ADA,0.10045,0.10499,0.0995,0.10387,215990529.7
Cardano,17/11/2020,ADA,0.10387,0.11246,0.10354,0.10947,422358548.5
Cardano,18/11/2020,ADA,0.10944,0.11161,0.10171,0.10658,434138632.2
Cardano,19/11/2020,ADA,0.10662,0.10816,0.10435,0.1059,237807123
Cardano,20/11/2020,ADA,0.1059,0.119,0.10549,0.11828,437634200.7
Cardano,21/11/2020,ADA,0.11826,0.13472,0.11605,0.13334,1071722949
Cardano,22/11/2020,ADA,0.13335,0.15352,0.12,0.14599,1960688778
Cardano,23/11/2020,ADA,0.14593,0.15925,0.141,0.15445,1389843990
Cardano,24/11/2020,ADA,0.15451,0.183,0.15,0.16721,1689043010
Cardano,25/11/2020,ADA,0.16722,0.17549,0.14702,0.15473,1078036853
Cardano,26/11/2020,ADA,0.15474,0.16085,0.1123,0.13843,1645992626
Cardano,27/11/2020,ADA,0.13835,0.14559,0.1307,0.14178,714401286.7
Cardano,28/11/2020,ADA,0.14178,0.17233,0.13878,0.16489,1087688654
Cardano,29/11/2020,ADA,0.16487,0.17136,0.15712,0.16663,764061575.3
Cardano,30/11/2020,ADA,0.16666,0.17399,0.16011,0.17204,810673450.8
Cardano,01/12/2020,ADA,0.17207,0.17456,0.14132,0.15562,1039771812
Cardano,02/12/2020,ADA,0.15554,0.15997,0.15065,0.15845,435020305.6
Cardano,03/12/2020,ADA,0.15841,0.16842,0.15532,0.16398,413504395.2
Cardano,04/12/2020,ADA,0.16395,0.16464,0.146,0.14781,466897814.7
Cardano,05/12/2020,ADA,0.14779,0.16198,0.14608,0.15993,350995852.1
Cardano,06/12/2020,ADA,0.15996,0.16288,0.15301,0.15873,290105225.6
Cardano,07/12/2020,ADA,0.15875,0.15906,0.15132,0.15401,213173504.2
Cardano,08/12/2020,ADA,0.15401,0.1552,0.13756,0.1412,431926292.3
Cardano,09/12/2020,ADA,0.14117,0.15025,0.12924,0.14796,538859167.1
Cardano,10/12/2020,ADA,0.14796,0.14865,0.13906,0.14188,282799496.3
Cardano,11/12/2020,ADA,0.14188,0.14291,0.13473,0.13926,299140983.7
Cardano,12/12/2020,ADA,0.13927,0.14736,0.13876,0.14438,236440057.4
Cardano,13/12/2020,ADA,0.14439,0.15669,0.1429,0.15406,327839004.5
Cardano,14/12/2020,ADA,0.15404,0.1588,0.14953,0.15877,267003605
Cardano,15/12/2020,ADA,0.15877,0.16,0.15261,0.15381,272831838.6
Cardano,16/12/2020,ADA,0.15385,0.16844,0.14903,0.16814,496276026.7
Cardano,17/12/2020,ADA,0.16806,0.17628,0.16052,0.16336,770340713.9
Cardano,18/12/2020,ADA,0.16339,0.16942,0.15821,0.16502,404588707
Cardano,19/12/2020,ADA,0.16502,0.17082,0.16286,0.16433,342041141.9
Cardano,20/12/2020,ADA,0.16421,0.169,0.156,0.16201,336692485.2
Cardano,21/12/2020,ADA,0.16196,0.16714,0.1468,0.15278,430322921
Cardano,22/12/2020,ADA,0.15279,0.16124,0.14879,0.15646,472974503.2
Cardano,23/12/2020,ADA,0.15645,0.15786,0.1263,0.13635,818577125.1
Cardano,24/12/2020,ADA,0.13631,0.15477,0.13132,0.15304,738995663.2
Cardano,25/12/2020,ADA,0.15305,0.167,0.15006,0.15761,589176673.8
Cardano,26/12/2020,ADA,0.15763,0.16242,0.1488,0.15839,563232604.1
Cardano,27/12/2020,ADA,0.15839,0.16642,0.14936,0.15467,798134617.2
Cardano,28/12/2020,ADA,0.15467,0.18057,0.1528,0.17627,881547663.5
Cardano,29/12/2020,ADA,0.1763,0.19725,0.17304,0.19067,1475500720
Cardano,30/12/2020,ADA,0.19069,0.19389,0.17511,0.18389,670221026.8
Cardano,31/12/2020,ADA,0.18389,0.1864,0.17443,0.18134,447672619.8
Cardano,01/01/2021,ADA,0.18134,0.18473,0.17,0.17509,462201570.9
Cardano,02/01/2021,ADA,0.17505,0.18457,0.16793,0.17742,660303281.2
Cardano,03/01/2021,ADA,0.1774,0.2096,0.17255,0.20615,1201451449
Cardano,04/01/2021,ADA,0.20625,0.23992,0.19203,0.22528,1463415576
Cardano,05/01/2021,ADA,0.22518,0.26429,0.20696,0.25873,1478887679
Cardano,06/01/2021,ADA,0.25889,0.34772,0.25347,0.33309,2059110043
Cardano,07/01/2021,ADA,0.33311,0.3553,0.2785,0.29928,1411321699
Cardano,08/01/2021,ADA,0.29917,0.32165,0.26175,0.30389,1284205249
Cardano,09/01/2021,ADA,0.30392,0.33851,0.29583,0.33062,820267450.7
Cardano,10/01/2021,ADA,0.33062,0.3412,0.27948,0.30153,908667596
Cardano,11/01/2021,ADA,0.30154,0.30397,0.2288,0.2757,1530569582
Cardano,12/01/2021,ADA,0.27563,0.31442,0.2628,0.28888,1059013245
Cardano,13/01/2021,ADA,0.28875,0.31587,0.27,0.3123,715473111.9
Cardano,14/01/2021,ADA,0.31246,0.32455,0.29646,0.31201,656502674
Cardano,15/01/2021,ADA,0.31203,0.33225,0.27739,0.30188,853517402.8
Cardano,16/01/2021,ADA,0.30189,0.36696,0.30186,0.35071,1219589043
Cardano,17/01/2021,ADA,0.35057,0.3974,0.34076,0.38081,1422650839
Cardano,18/01/2021,ADA,0.38077,0.39724,0.36413,0.37123,636785470.4
Cardano,19/01/2021,ADA,0.37132,0.39001,0.362,0.3672,606641543
Cardano,20/01/2021,ADA,0.3672,0.3769,0.33033,0.37532,656351514.5
Cardano,21/01/2021,ADA,0.37548,0.37945,0.3,0.30785,785029729.8
Cardano,22/01/2021,ADA,0.30786,0.3598,0.28,0.34867,898752288
Cardano,23/01/2021,ADA,0.34842,0.35763,0.33541,0.34583,418300948.7
Cardano,24/01/2021,ADA,0.34575,0.36926,0.33613,0.35345,458536220.6
Cardano,25/01/2021,ADA,0.35346,0.36415,0.34034,0.34308,407390809.5
Cardano,26/01/2021,ADA,0.34284,0.35111,0.32404,0.3433,354428194
Cardano,27/01/2021,ADA,0.34342,0.34396,0.30404,0.31144,422544056.1
Cardano,28/01/2021,ADA,0.31142,0.35575,0.30431,0.34409,487709261.2
Cardano,29/01/2021,ADA,0.34409,0.36836,0.3305,0.34752,666472809.5
Cardano,30/01/2021,ADA,0.34764,0.37694,0.337,0.364,510716622.4
Cardano,31/01/2021,ADA,0.36395,0.37752,0.338,0.34475,399794774.9
Cardano,01/02/2021,ADA,0.34464,0.42411,0.33214,0.40876,844822325.1
Cardano,02/02/2021,ADA,0.40882,0.4559,0.38868,0.42498,1501769862
Cardano,03/02/2021,ADA,0.425,0.44961,0.41509,0.44189,541252929.4
Cardano,04/02/2021,ADA,0.44213,0.45,0.41003,0.43934,536142412.3
Cardano,05/02/2021,ADA,0.43903,0.56,0.43638,0.53917,1277155737
Cardano,06/02/2021,ADA,0.53874,0.66706,0.51901,0.63444,1255504053
Cardano,07/02/2021,ADA,0.63444,0.70888,0.58,0.66109,1596532268
Cardano,08/02/2021,ADA,0.66109,0.7238,0.63191,0.67638,1008667680
Cardano,09/02/2021,ADA,0.67674,0.71206,0.6624,0.70562,590482327.7
Cardano,10/02/2021,ADA,0.70562,0.95306,0.70555,0.93966,1693219939
Cardano,11/02/2021,ADA,0.94041,0.98,0.86513,0.92796,975100368.2
Cardano,12/02/2021,ADA,0.9281,0.94825,0.866,0.92426,649547803.8
Cardano,13/02/2021,ADA,0.92418,0.95053,0.82,0.91299,586878561.3
Cardano,14/02/2021,ADA,0.91303,0.919,0.80666,0.84364,539495015.4
Cardano,15/02/2021,ADA,0.84288,0.911,0.6856,0.86143,932826536.9
Cardano,16/02/2021,ADA,0.86128,0.90591,0.83334,0.87,526075390.6
Cardano,17/02/2021,ADA,0.8699,0.89745,0.8215,0.89206,460328636.1
Cardano,18/02/2021,ADA,0.89206,0.9578,0.89202,0.91442,580074009.4
Cardano,19/02/2021,ADA,0.91433,0.9456,0.87851,0.92581,547803715.8
Cardano,20/02/2021,ADA,0.92597,1.2,0.91329,1.11568,1480541917
Cardano,21/02/2021,ADA,1.1156,1.15172,1.0675,1.09894,636265765.2
Cardano,22/02/2021,ADA,1.09955,1.146,0.831,1.09703,1333970209
Cardano,23/02/2021,ADA,1.09728,1.142,0.81,0.96197,1625220449
Cardano,24/02/2021,ADA,0.96136,1.077,0.8978,1.04902,946049063.3
Cardano,25/02/2021,ADA,1.04883,1.177,1.012,1.07691,961855836.2
Cardano,26/02/2021,ADA,1.07688,1.298,0.99,1.24303,1805727722
Cardano,27/02/2021,ADA,1.24353,1.488,1.2271,1.31402,1994359639
Cardano,28/02/2021,ADA,1.314,1.3595,1.154,1.31203,1599172340
Cardano,01/03/2021,ADA,1.31279,1.348,1.23131,1.29627,984011920.2
Cardano,02/03/2021,ADA,1.29678,1.29998,1.18,1.2228,753904502.9
Cardano,03/03/2021,ADA,1.22281,1.26636,1.20865,1.21311,454913445.3
Cardano,04/03/2021,ADA,1.21315,1.23052,1.06695,1.11239,748035034.3
Cardano,05/03/2021,ADA,1.11261,1.1972,1.03374,1.15908,830654685.1
Cardano,06/03/2021,ADA,1.15907,1.183,1.08493,1.129,394799528.8
Cardano,07/03/2021,ADA,1.12901,1.145,1.10562,1.13042,324367538.9
Cardano,08/03/2021,ADA,1.13073,1.17835,1.105,1.11848,398514643.5
Cardano,09/03/2021,ADA,1.11836,1.22,1.11083,1.1972,616039069.3
Cardano,10/03/2021,ADA,1.19734,1.208,1.115,1.13261,384497300.9
Cardano,11/03/2021,ADA,1.13226,1.14,1.1075,1.1243,301611714.1
Cardano,12/03/2021,ADA,1.12417,1.128,1.02,1.03207,423021914.4
Cardano,13/03/2021,ADA,1.03207,1.193,0.985,1.1,643811025.4
Cardano,14/03/2021,ADA,1.10016,1.10265,1.0519,1.05243,304362465.7
Cardano,15/03/2021,ADA,1.05241,1.07078,1.00001,1.03103,400978353.1
Cardano,16/03/2021,ADA,1.03071,1.28,1,1.24924,1248716359
Cardano,17/03/2021,ADA,1.24974,1.43,1.20353,1.377,1094860558
Cardano,18/03/2021,ADA,1.3775,1.47299,1.22154,1.22925,1446280469
Cardano,19/03/2021,ADA,1.22966,1.34286,1.18003,1.29474,812311179.7
Cardano,20/03/2021,ADA,1.29499,1.30974,1.19978,1.20046,401638128.1
Cardano,21/03/2021,ADA,1.20048,1.24139,1.16,1.18561,305630409.8
Cardano,22/03/2021,ADA,1.18561,1.20782,1.067,1.1015,384255570.1
Cardano,23/03/2021,ADA,1.1015,1.1739,1.08145,1.11639,371967713.8
Cardano,24/03/2021,ADA,1.11563,1.1639,1.038,1.06902,354915791.2
Cardano,25/03/2021,ADA,1.06879,1.1535,1.04584,1.0956,527623538.8
Cardano,26/03/2021,ADA,1.09596,1.28755,1.09426,1.2142,671982901
Cardano,27/03/2021,ADA,1.21419,1.2389,1.15623,1.17678,270954337.7
Cardano,28/03/2021,ADA,1.17646,1.22,1.1665,1.18983,199736804.6
Cardano,29/03/2021,ADA,1.18983,1.22979,1.178,1.20239,263071765.2
Cardano,30/03/2021,ADA,1.2024,1.23555,1.18909,1.21189,257460678.6
Cardano,31/03/2021,ADA,1.212,1.21273,1.151,1.19191,302818874.6
Cardano,01/04/2021,ADA,1.19172,1.20772,1.17171,1.18377,212963382.6
Cardano,02/04/2021,ADA,1.1833,1.24796,1.18026,1.18998,314062254.4
Cardano,03/04/2021,ADA,1.18998,1.24078,1.15977,1.16238,313837978.9
Cardano,04/04/2021,ADA,1.16245,1.193,1.152,1.18206,204575492.2
Cardano,05/04/2021,ADA,1.18205,1.22647,1.16222,1.2118,318801564.5
Cardano,06/04/2021,ADA,1.21172,1.34359,1.1901,1.252,726926008.5
Cardano,07/04/2021,ADA,1.25217,1.29,1.1588,1.17359,405313990
Cardano,08/04/2021,ADA,1.17356,1.22502,1.16999,1.21926,215242842.9
Cardano,09/04/2021,ADA,1.21896,1.22907,1.19134,1.20201,156767192.2
Cardano,10/04/2021,ADA,1.20201,1.25199,1.19157,1.21747,290774078
Cardano,11/04/2021,ADA,1.21753,1.28989,1.199,1.26355,451246041.8
Cardano,12/04/2021,ADA,1.26376,1.348,1.2633,1.31431,559487897.9
Cardano,13/04/2021,ADA,1.31452,1.4378,1.28138,1.41246,605026285
Cardano,14/04/2021,ADA,1.41246,1.55845,1.348,1.45092,1053166778
Cardano,15/04/2021,ADA,1.4514,1.49539,1.41023,1.4782,413204000.6
Cardano,16/04/2021,ADA,1.47845,1.51915,1.334,1.40989,562141264.2
Cardano,17/04/2021,ADA,1.40989,1.45805,1.35501,1.36802,323840975.1
Cardano,18/04/2021,ADA,1.36861,1.38654,1.07204,1.27693,804838502.1
Cardano,19/04/2021,ADA,1.27655,1.32443,1.17122,1.1945,477279604.9
Cardano,20/04/2021,ADA,1.19451,1.28241,1.12685,1.26689,470266399.2
Cardano,21/04/2021,ADA,1.26665,1.29,1.19704,1.20358,404434984
Cardano,22/04/2021,ADA,1.20312,1.27984,1.1138,1.144,522618869.4
Cardano,23/04/2021,ADA,1.14443,1.16895,0.92,1.15866,989280841.9
Cardano,24/04/2021,ADA,1.15872,1.198,1.0927,1.10287,434215610.4
Cardano,25/04/2021,ADA,1.103,1.14678,1.0183,1.0913,305075283.6
Cardano,26/04/2021,ADA,1.091,1.2509,1.0793,1.2375,473369883.1
Cardano,27/04/2021,ADA,1.2377,1.3333,1.2232,1.3063,392979049.1
Cardano,28/04/2021,ADA,1.3063,1.3488,1.2326,1.3379,388598645.1
Cardano,29/04/2021,ADA,1.3373,1.4117,1.2661,1.3063,578529650.8
Cardano,30/04/2021,ADA,1.3066,1.3709,1.2855,1.3532,308696257.8
Cardano,01/05/2021,ADA,1.353,1.3678,1.3128,1.3516,208656399.4
Cardano,02/05/2021,ADA,1.3516,1.3556,1.2941,1.3267,218990273.6
Cardano,03/05/2021,ADA,1.3267,1.38,1.3208,1.3622,271187623.3
Cardano,04/05/2021,ADA,1.3627,1.3673,1.2557,1.2698,421500877.6
Cardano,05/05/2021,ADA,1.2699,1.497,1.2598,1.4798,579064616.2
Cardano,06/05/2021,ADA,1.4799,1.7,1.4288,1.6491,1342973404
Cardano,07/05/2021,ADA,1.6491,1.7478,1.526,1.653,789059201
Cardano,08/05/2021,ADA,1.6529,1.6543,1.5611,1.6211,393498898
Cardano,09/05/2021,ADA,1.6206,1.833,1.5726,1.7663,883091328.5
Cardano,10/05/2021,ADA,1.7662,1.8243,1.517,1.6423,712304913.9
Cardano,11/05/2021,ADA,1.6418,1.7791,1.5954,1.7632,524326718.1
Cardano,12/05/2021,ADA,1.7633,1.821,1.5462,1.5694,599710080.8
Cardano,13/05/2021,ADA,1.5669,1.9719,1.5,1.9296,1567655289
Cardano,14/05/2021,ADA,1.9289,2.043,1.8112,2.0069,695033071
Cardano,15/05/2021,ADA,2.0073,2.3789,1.9628,2.1744,1376815761
Cardano,16/05/2021,ADA,2.1754,2.47,2.0104,2.3002,1190745904
Cardano,17/05/2021,ADA,2.3002,2.329,1.9159,2.0307,1137971306
Cardano,18/05/2021,ADA,2.0301,2.1492,1.9712,2.0036,612259916.9
Cardano,19/05/2021,ADA,2.0036,2.0317,1.01,1.4663,2261842102
Cardano,20/05/2021,ADA,1.4676,1.9487,1.3218,1.8006,1331716279
Cardano,21/05/2021,ADA,1.8002,1.87,1.32,1.5493,1158826531
Cardano,22/05/2021,ADA,1.5493,1.602,1.3661,1.4629,800713185.5
Cardano,23/05/2021,ADA,1.4636,1.5397,1.051,1.3139,1461270087
Cardano,24/05/2021,ADA,1.3135,1.5974,1.2476,1.55,1034255631
Cardano,25/05/2021,ADA,1.5497,1.6499,1.4354,1.5532,807717267.5
Cardano,26/05/2021,ADA,1.5525,1.832,1.552,1.7791,857080518.1
Cardano,27/05/2021,ADA,1.7788,1.7885,1.6077,1.6552,590119092.6
Cardano,28/05/2021,ADA,1.6552,1.678,1.45,1.5133,817239543.2
Cardano,29/05/2021,ADA,1.5133,1.5624,1.335,1.4029,576104659.3
Cardano,30/05/2021,ADA,1.4035,1.7,1.3457,1.5751,764079031.7
Cardano,31/05/2021,ADA,1.5751,1.75,1.5249,1.7373,600116070.9
Cardano,01/06/2021,ADA,1.7376,1.7796,1.6531,1.7363,530252586.9
Cardano,02/06/2021,ADA,1.7362,1.8042,1.7173,1.7534,431644801.4
Cardano,03/06/2021,ADA,1.7534,1.8897,1.7134,1.8453,417400945
Cardano,04/06/2021,ADA,1.8454,1.848,1.608,1.7077,596433033.1
Cardano,05/06/2021,ADA,1.708,1.7823,1.61,1.6551,369328430.6
Cardano,06/06/2021,ADA,1.6555,1.7077,1.6451,1.6771,191999153.7
Cardano,07/06/2021,ADA,1.6771,1.7414,1.55,1.5659,341267094.7
Cardano,08/06/2021,ADA,1.5659,1.5966,1.4,1.5819,612223591
Cardano,09/06/2021,ADA,1.5818,1.635,1.4827,1.6279,471664344.3
Cardano,10/06/2021,ADA,1.6282,1.6378,1.5064,1.5328,312406121.4
Cardano,11/06/2021,ADA,1.5328,1.5474,1.4192,1.4371,323101330
Cardano,12/06/2021,ADA,1.4368,1.4934,1.3562,1.4789,362965214.5
Cardano,13/06/2021,ADA,1.4789,1.58,1.4001,1.5566,330722303.9
Cardano,14/06/2021,ADA,1.5563,1.595,1.5056,1.5769,280791163.7
Cardano,15/06/2021,ADA,1.5769,1.6109,1.5441,1.5552,216159062.8
Cardano,16/06/2021,ADA,1.555,1.5754,1.474,1.4851,203580536
Cardano,17/06/2021,ADA,1.4851,1.5388,1.4568,1.4826,165078770.8
Cardano,18/06/2021,ADA,1.4825,1.4927,1.374,1.4163,220933715.7
Cardano,19/06/2021,ADA,1.4164,1.4411,1.3834,1.3839,145492869
Cardano,20/06/2021,ADA,1.384,1.46,1.306,1.4263,269372753.5
Cardano,21/06/2021,ADA,1.4262,1.4371,1.1672,1.174,512064783
Cardano,22/06/2021,ADA,1.1738,1.2634,1.0001,1.1567,907361654.3
Cardano,23/06/2021,ADA,1.1563,1.31,1.108,1.2512,490479573.3
Cardano,24/06/2021,ADA,1.2513,1.3998,1.2006,1.3604,427028527.8
Cardano,25/06/2021,ADA,1.3604,1.3971,1.2431,1.2521,548380704.2
Cardano,26/06/2021,ADA,1.252,1.2923,1.1968,1.2521,307404658.4
Cardano,27/06/2021,ADA,1.252,1.3499,1.241,1.338,242097878.3
Cardano,28/06/2021,ADA,1.3379,1.3506,1.3042,1.326,220547816.2
Cardano,29/06/2021,ADA,1.3261,1.42,1.319,1.373,287571860.2
Cardano,30/06/2021,ADA,1.3731,1.3993,1.2825,1.3853,263769140.5
Cardano,01/07/2021,ADA,1.3853,1.3862,1.302,1.3313,196824530.3
Cardano,02/07/2021,ADA,1.3312,1.3959,1.285,1.3946,235621261.5
Cardano,03/07/2021,ADA,1.3947,1.4444,1.3579,1.4045,197443853.8
Cardano,04/07/2021,ADA,1.4045,1.4955,1.3815,1.4615,185325977.3
Cardano,05/07/2021,ADA,1.4615,1.4616,1.3764,1.4039,210256310.9
Cardano,06/07/2021,ADA,1.4039,1.4578,1.3888,1.4157,173402604.3
Cardano,07/07/2021,ADA,1.4156,1.4416,1.4,1.404,125167777
Cardano,08/07/2021,ADA,1.404,1.4065,1.3194,1.327,175680408.7
Cardano,09/07/2021,ADA,1.3268,1.3746,1.2859,1.3504,160293985.2
Cardano,10/07/2021,ADA,1.3504,1.366,1.3158,1.3356,93476664.31
Cardano,11/07/2021,ADA,1.3356,1.3669,1.3231,1.3485,71704260.26
Cardano,12/07/2021,ADA,1.3485,1.3736,1.2916,1.3126,112067630.5
Cardano,13/07/2021,ADA,1.3126,1.3216,1.25,1.265,125015669
Cardano,14/07/2021,ADA,1.2649,1.2894,1.198,1.2635,165466902.3
Cardano,15/07/2021,ADA,1.2634,1.29,1.205,1.2258,133685795.2
Cardano,16/07/2021,ADA,1.2258,1.245,1.1655,1.1708,159173625.7
Cardano,17/07/2021,ADA,1.1705,1.1948,1.1497,1.1721,124485807.1
Cardano,18/07/2021,ADA,1.1721,1.2186,1.1666,1.1813,108584207.6
Cardano,19/07/2021,ADA,1.1814,1.1921,1.1156,1.1225,138646747.2
Cardano,20/07/2021,ADA,1.1226,1.1362,1.0202,1.0539,283618751.2
Cardano,21/07/2021,ADA,1.0541,1.2222,1.0366,1.1711,287296624.8
Cardano,22/07/2021,ADA,1.1711,1.2081,1.1492,1.1856,158912321.8
Cardano,23/07/2021,ADA,1.1857,1.2089,1.1465,1.2077,131335875.1
Cardano,24/07/2021,ADA,1.2075,1.2487,1.1964,1.2327,142716783
Cardano,25/07/2021,ADA,1.2332,1.2388,1.19,1.2284,107934124.5
Cardano,26/07/2021,ADA,1.2283,1.3991,1.2221,1.2551,415073283.9
Cardano,27/07/2021,ADA,1.2549,1.3158,1.2136,1.2799,233094192.3
Cardano,28/07/2021,ADA,1.2797,1.32,1.2573,1.2875,201236980
Cardano,29/07/2021,ADA,1.2875,1.2987,1.256,1.2856,130840990.6
Cardano,30/07/2021,ADA,1.2856,1.3179,1.2467,1.3108,181649929.8
Cardano,31/07/2021,ADA,1.3109,1.3329,1.287,1.3193,122070136.4
Cardano,01/08/2021,ADA,1.3193,1.3879,1.2984,1.3142,200978816.5
Cardano,02/08/2021,ADA,1.3145,1.35,1.2927,1.3083,124737501.4
Cardano,03/08/2021,ADA,1.3082,1.3827,1.2613,1.3696,250226135.5
Cardano,04/08/2021,ADA,1.3697,1.3938,1.323,1.3765,182865692.1
Cardano,05/08/2021,ADA,1.3766,1.3974,1.338,1.3859,160752874.4
Cardano,06/08/2021,ADA,1.3859,1.425,1.3613,1.4025,165384665.4
Cardano,07/08/2021,ADA,1.4027,1.485,1.3945,1.4727,245578409.2
Cardano,08/08/2021,ADA,1.4726,1.4941,1.407,1.4255,201134603.1
Cardano,09/08/2021,ADA,1.4256,1.499,1.3933,1.4745,204393100.9
Cardano,10/08/2021,ADA,1.4745,1.701,1.457,1.678,356506024.5
Cardano,11/08/2021,ADA,1.678,1.895,1.67,1.7934,488863450.2
Cardano,12/08/2021,ADA,1.7934,1.869,1.6792,1.8324,431637639.2
Cardano,13/08/2021,ADA,1.833,2.1495,1.8212,2.1386,589994492
Cardano,14/08/2021,ADA,2.1386,2.25,2.0835,2.1878,599325581.5
Cardano,15/08/2021,ADA,2.1875,2.2499,2.03,2.1667,370249371.2
Cardano,16/08/2021,ADA,2.1667,2.2,2.0463,2.0714,313643255.5
Cardano,17/08/2021,ADA,2.0717,2.1414,1.9059,1.9239,361700269.7
Cardano,18/08/2021,ADA,1.924,2.1643,1.87,2.1043,486614298.9
Cardano,19/08/2021,ADA,2.1045,2.455,2.0462,2.4411,661367610
Cardano,20/08/2021,ADA,2.4411,2.5817,2.3666,2.4557,619099859.3
Cardano,21/08/2021,ADA,2.4557,2.5288,2.3805,2.4341,297136052.2
Cardano,22/08/2021,ADA,2.4347,2.7212,2.4306,2.7049,485497409
Cardano,23/08/2021,ADA,2.705,2.9719,2.6849,2.9152,653707062.9
Cardano,24/08/2021,ADA,2.9152,2.947,2.5872,2.7187,641652294.2
Cardano,25/08/2021,ADA,2.7191,2.797,2.6,2.739,460928567.1
Cardano,26/08/2021,ADA,2.7389,2.785,2.47,2.528,407754722.3
Cardano,27/08/2021,ADA,2.529,2.9473,2.494,2.946,472662823.4
Cardano,28/08/2021,ADA,2.947,2.95,2.772,2.847,243063514.4
Cardano,29/08/2021,ADA,2.847,2.935,2.719,2.851,274365688
Cardano,30/08/2021,ADA,2.85,2.884,2.72,2.734,240691753.9
Cardano,31/08/2021,ADA,2.735,2.881,2.702,2.767,251908426.3
Cardano,01/09/2021,ADA,2.768,2.904,2.72,2.869,196563544.1
Cardano,02/09/2021,ADA,2.87,3.101,2.834,2.96,397432179.5
Cardano,03/09/2021,ADA,2.96,3.03,2.9,2.966,203828698.4
Cardano,04/09/2021,ADA,2.965,2.967,2.8,2.83,192271347
Cardano,05/09/2021,ADA,2.831,2.956,2.813,2.91,169097774.6
Cardano,06/09/2021,ADA,2.911,2.927,2.8,2.833,186970542.2
Cardano,07/09/2021,ADA,2.833,2.875,2,2.514,964890684.8
Cardano,08/09/2021,ADA,2.514,2.564,2.2,2.47,547581870.5
Cardano,09/09/2021,ADA,2.47,2.623,2.39,2.518,411631907.8
Cardano,10/09/2021,ADA,2.518,2.586,2.269,2.383,322102115
Cardano,11/09/2021,ADA,2.384,2.8,2.367,2.638,561119335.1
Cardano,12/09/2021,ADA,2.637,2.789,2.501,2.581,466822310.1
Cardano,13/09/2021,ADA,2.58,2.593,2.309,2.402,378841930.8
Cardano,14/09/2021,ADA,2.401,2.438,2.32,2.396,214309623.2
Cardano,15/09/2021,ADA,2.396,2.582,2.355,2.505,276853578.3
Cardano,16/09/2021,ADA,2.504,2.56,2.381,2.417,196390696.8
Cardano,17/09/2021,ADA,2.417,2.442,2.313,2.35,130098585.4
Cardano,18/09/2021,ADA,2.35,2.439,2.31,2.371,115231963.9
Cardano,19/09/2021,ADA,2.371,2.397,2.259,2.283,127205837
Cardano,20/09/2021,ADA,2.283,2.293,1.97,2.079,458599973
Cardano,21/09/2021,ADA,2.08,2.229,1.9101,1.986,450988801
Cardano,22/09/2021,ADA,1.986,2.268,1.967,2.257,262894741
Cardano,23/09/2021,ADA,2.257,2.346,2.179,2.327,190056984.8
Cardano,24/09/2021,ADA,2.327,2.345,2.063,2.277,382004501.6
Cardano,25/09/2021,ADA,2.277,2.459,2.235,2.3,328389858.7
Cardano,26/09/2021,ADA,2.299,2.301,2.147,2.207,231090029.9
Cardano,27/09/2021,ADA,2.206,2.277,2.128,2.13,150915484.2
Cardano,28/09/2021,ADA,2.129,2.173,2.029,2.037,151911770.2
Cardano,29/09/2021,ADA,2.037,2.15,2.02,2.066,136138441.2
Cardano,30/09/2021,ADA,2.066,2.137,2.051,2.115,124916940.9
Cardano,01/10/2021,ADA,2.115,2.275,2.092,2.256,197157573.9
Cardano,02/10/2021,ADA,2.255,2.322,2.192,2.247,147408004.5
Cardano,03/10/2021,ADA,2.247,2.309,2.221,2.251,136980609.8
Cardano,04/10/2021,ADA,2.251,2.253,2.15,2.191,149496124.6
Cardano,05/10/2021,ADA,2.191,2.258,2.175,2.233,131834376
Cardano,06/10/2021,ADA,2.232,2.251,2.111,2.209,192646609.5
Cardano,07/10/2021,ADA,2.209,2.375,2.15,2.278,254708498.4
Cardano,08/10/2021,ADA,2.278,2.313,2.213,2.237,138317391.4
Cardano,09/10/2021,ADA,2.238,2.3,2.22,2.268,108667313.3
Cardano,10/10/2021,ADA,2.269,2.277,2.16,2.189,110373473.1
Cardano,11/10/2021,ADA,2.189,2.25,2.107,2.171,124908952.1
Cardano,12/10/2021,ADA,2.171,2.173,2.071,2.118,150529530.2
Cardano,13/10/2021,ADA,2.117,2.2,2.078,2.19,133035035.4
Cardano,14/10/2021,ADA,2.189,2.225,2.155,2.172,109132237.4
Cardano,15/10/2021,ADA,2.172,2.243,2.136,2.218,205811006.8
Cardano,16/10/2021,ADA,2.217,2.25,2.169,2.179,103000332.9
Cardano,17/10/2021,ADA,2.178,2.189,2.089,2.158,109914412.1
Cardano,18/10/2021,ADA,2.158,2.176,2.105,2.128,96988762.8
Cardano,19/10/2021,ADA,2.127,2.157,2.093,2.11,94391775.6
Cardano,20/10/2021,ADA,2.11,2.208,2.092,2.19,135969738.8
Cardano,21/10/2021,ADA,2.19,2.298,2.131,2.137,265787667.1
Cardano,22/10/2021,ADA,2.136,2.21,2.125,2.156,130738721.4
Cardano,23/10/2021,ADA,2.157,2.175,2.131,2.166,74106470.8
Cardano,24/10/2021,ADA,2.167,2.169,2.093,2.12,97230595.4
Cardano,25/10/2021,ADA,2.119,2.178,2.114,2.144,105874037.9
Cardano,26/10/2021,ADA,2.145,2.202,2.122,2.137,142897864.5
Cardano,27/10/2021,ADA,2.138,2.156,1.804,1.912,397889032.1
Cardano,28/10/2021,ADA,1.912,2.058,1.905,1.987,253879713.5
Cardano,29/10/2021,ADA,1.987,2.048,1.979,2.015,154761692.9
Cardano,30/10/2021,ADA,2.016,2.019,1.924,1.955,122995185.8
Cardano,31/10/2021,ADA,1.957,2.029,1.918,1.964,146413161.5
Cardano,01/11/2021,ADA,1.965,2.019,1.911,1.949,144061135.4
Cardano,02/11/2021,ADA,1.949,1.996,1.933,1.971,124263204
Cardano,03/11/2021,ADA,1.971,2.144,1.95,2.063,335561983.7
Cardano,04/11/2021,ADA,2.063,2.103,1.933,1.983,174549100.4
Cardano,05/11/2021,ADA,1.983,2.017,1.959,1.982,108180863.7
Cardano,06/11/2021,ADA,1.982,2.04,1.942,2.005,105480654.3
Cardano,07/11/2021,ADA,2.004,2.035,1.974,2.021,82637102.7
Cardano,08/11/2021,ADA,2.02,2.14,2.008,2.125,189974471.1
Cardano,09/11/2021,ADA,2.126,2.378,2.105,2.27,581074544.2
Cardano,10/11/2021,ADA,2.269,2.331,1.932,2.097,479840587.6
Cardano,11/11/2021,ADA,2.097,2.153,2.058,2.079,151168963.6
Cardano,12/11/2021,ADA,2.079,2.099,1.991,2.045,160252178.8
Cardano,13/11/2021,ADA,2.046,2.08,2.021,2.05,82511465.5
Cardano,14/11/2021,ADA,2.05,2.07,2.009,2.04,59859608.6
Cardano,15/11/2021,ADA,2.04,2.095,2.011,2.017,93079577.9
Cardano,16/11/2021,ADA,2.018,2.018,1.759,1.874,268941429.2
Cardano,17/11/2021,ADA,1.874,1.893,1.795,1.876,207985172
Cardano,18/11/2021,ADA,1.877,1.907,1.701,1.786,221759906
Cardano,19/11/2021,ADA,1.786,1.894,1.754,1.863,144849476.6
Cardano,20/11/2021,ADA,1.862,1.956,1.86,1.922,128183408
Cardano,21/11/2021,ADA,1.921,1.924,1.832,1.835,87455485.3
Cardano,22/11/2021,ADA,1.835,1.839,1.757,1.776,144285714
Cardano,23/11/2021,ADA,1.776,1.816,1.738,1.751,144774307.8
Cardano,24/11/2021,ADA,1.751,1.754,1.586,1.666,290146559.1
Cardano,25/11/2021,ADA,1.665,1.749,1.619,1.675,216037163.1
Cardano,26/11/2021,ADA,1.676,1.685,1.495,1.533,337429397.1
Cardano,27/11/2021,ADA,1.532,1.585,1.531,1.543,107756518
Cardano,28/11/2021,ADA,1.543,1.6,1.416,1.594,228010819.2
Cardano,29/11/2021,ADA,1.595,1.636,1.557,1.601,153848484.7
Cardano,30/11/2021,ADA,1.602,1.629,1.544,1.554,185671961.6
Cardano,01/12/2021,ADA,1.553,1.622,1.531,1.548,157458493.8
Cardano,02/12/2021,ADA,1.547,1.76,1.517,1.719,441382037
Cardano,03/12/2021,ADA,1.72,1.729,1.509,1.556,276255974.6
Cardano,04/12/2021,ADA,1.557,1.558,1.188,1.42,612957918.5
Cardano,05/12/2021,ADA,1.419,1.435,1.284,1.378,270618794.7
Cardano,06/12/2021,ADA,1.378,1.442,1.255,1.42,338310628.7
Cardano,07/12/2021,ADA,1.42,1.479,1.365,1.378,229514365.2
Cardano,08/12/2021,ADA,1.378,1.423,1.337,1.396,187594478.2
Cardano,09/12/2021,ADA,1.396,1.409,1.287,1.289,174568058.8
Cardano,10/12/2021,ADA,1.288,1.334,1.207,1.211,192968833.1
Cardano,11/12/2021,ADA,1.211,1.362,1.192,1.354,179118114.1
Cardano,12/12/2021,ADA,1.354,1.415,1.319,1.346,149463677.1
Cardano,13/12/2021,ADA,1.345,1.357,1.2,1.223,184388318.4
Cardano,14/12/2021,ADA,1.223,1.284,1.198,1.266,175476318
Cardano,15/12/2021,ADA,1.267,1.331,1.204,1.311,170247496.3
Cardano,16/12/2021,ADA,1.311,1.331,1.236,1.24,117662885.3
Cardano,17/12/2021,ADA,1.24,1.259,1.182,1.218,138092226.1
Cardano,18/12/2021,ADA,1.218,1.267,1.2,1.242,81211094.1
Cardano,19/12/2021,ADA,1.242,1.312,1.24,1.243,124074683.5
Cardano,20/12/2021,ADA,1.244,1.261,1.201,1.237,123106967.7
Cardano,21/12/2021,ADA,1.238,1.289,1.227,1.28,122949048.2
Cardano,22/12/2021,ADA,1.279,1.369,1.276,1.327,161174698.1
Cardano,23/12/2021,ADA,1.327,1.49,1.307,1.475,216795659.8
Cardano,24/12/2021,ADA,1.475,1.491,1.381,1.392,126334018.1
Cardano,25/12/2021,ADA,1.393,1.46,1.381,1.452,87587873.9
Cardano,26/12/2021,ADA,1.453,1.467,1.407,1.455,103769249.9
Cardano,27/12/2021,ADA,1.455,1.594,1.45,1.516,181366355.6
Cardano,28/12/2021,ADA,1.516,1.54,1.376,1.4,233458767.4
Cardano,29/12/2021,ADA,1.4,1.438,1.323,1.332,151404808.3
Cardano,30/12/2021,ADA,1.333,1.378,1.297,1.359,134171567.8
Cardano,31/12/2021,ADA,1.359,1.383,1.281,1.308,120612337.3
Cardano,01/01/2022,ADA,1.308,1.38,1.306,1.38,69007607.5
Cardano,02/01/2022,ADA,1.379,1.391,1.342,1.377,81011860.4
Cardano,03/01/2022,ADA,1.378,1.378,1.31,1.319,87155825.9
Cardano,04/01/2022,ADA,1.319,1.352,1.295,1.309,94479305.9
Cardano,05/01/2022,ADA,1.31,1.353,1.193,1.23,158740088.2
Cardano,06/01/2022,ADA,1.23,1.297,1.186,1.28,175754407.6
Cardano,07/01/2022,ADA,1.279,1.285,1.189,1.21,209806013.2
Cardano,08/01/2022,ADA,1.209,1.254,1.124,1.181,169730473.7
Cardano,09/01/2022,ADA,1.182,1.206,1.147,1.17,114093699.4
Cardano,10/01/2022,ADA,1.17,1.181,1.069,1.123,189250644.1
Cardano,11/01/2022,ADA,1.123,1.196,1.122,1.187,115267098.7
Cardano,12/01/2022,ADA,1.188,1.314,1.186,1.312,145608592.7
Cardano,13/01/2022,ADA,1.312,1.354,1.227,1.233,179029543.6
Cardano,14/01/2022,ADA,1.232,1.309,1.22,1.292,143281596.5
Cardano,15/01/2022,ADA,1.293,1.319,1.251,1.291,80421836.4
Cardano,16/01/2022,ADA,1.292,1.422,1.286,1.41,247977037.4
Cardano,17/01/2022,ADA,1.411,1.607,1.386,1.603,545675409.1
Cardano,18/01/2022,ADA,1.602,1.638,1.411,1.458,455949108.3
Cardano,19/01/2022,ADA,1.458,1.534,1.326,1.337,329948716.4
Cardano,20/01/2022,ADA,1.336,1.427,1.251,1.259,261063307.3
Cardano,21/01/2022,ADA,1.259,1.282,1.101,1.12,408519522.4
Cardano,22/01/2022,ADA,1.12,1.155,0.917,1.071,554287709.1
Cardano,23/01/2022,ADA,1.071,1.17,1.051,1.124,257147931.5
Cardano,24/01/2022,ADA,1.124,1.125,0.951,1.065,437410320
Cardano,25/01/2022,ADA,1.066,1.074,0.991,1.043,218828333.3
Cardano,26/01/2022,ADA,1.043,1.157,1.022,1.077,336503954.9
Cardano,27/01/2022,ADA,1.078,1.08,1.004,1.042,184762461.8
Cardano,28/01/2022,ADA,1.042,1.059,1.008,1.048,137690073.1
Cardano,29/01/2022,ADA,1.049,1.084,1.037,1.059,89531278.4
Cardano,30/01/2022,ADA,1.059,1.077,1.024,1.035,72352160.1
Cardano,31/01/2022,ADA,1.035,1.06,1.006,1.051,101218950.1
Cardano,01/02/2022,ADA,1.052,1.096,1.034,1.096,124526330.3
Cardano,02/02/2022,ADA,1.096,1.103,1.022,1.027,126857788.7
Cardano,03/02/2022,ADA,1.027,1.062,1.016,1.061,98542208.5
Cardano,04/02/2022,ADA,1.061,1.139,1.045,1.138,135205051.6
Cardano,05/02/2022,ADA,1.138,1.178,1.097,1.125,152710784.3
Cardano,06/02/2022,ADA,1.125,1.15,1.097,1.143,107099317
Cardano,07/02/2022,ADA,1.142,1.209,1.125,1.199,267801841.6
Cardano,08/02/2022,ADA,1.198,1.263,1.133,1.176,271657090.8
Cardano,09/02/2022,ADA,1.176,1.215,1.152,1.195,137109784.2
Cardano,10/02/2022,ADA,1.194,1.225,1.143,1.15,183604520.1
Cardano,11/02/2022,ADA,1.15,1.164,1.068,1.079,131818725.2
Cardano,12/02/2022,ADA,1.079,1.092,1.029,1.059,149173437.2
Cardano,13/02/2022,ADA,1.058,1.076,1.032,1.042,99247994
Cardano,14/02/2022,ADA,1.043,1.055,1.018,1.049,138982742.3
Cardano,15/02/2022,ADA,1.05,1.115,1.049,1.107,153934616.3
Cardano,16/02/2022,ADA,1.108,1.112,1.066,1.082,100925929.7
Cardano,17/02/2022,ADA,1.083,1.094,1.008,1.02,114535761.9
Cardano,18/02/2022,ADA,1.019,1.043,0.983,0.995,133614248.4
Cardano,19/02/2022,ADA,0.996,1.019,0.973,0.996,92102940.7
Cardano,20/02/2022,ADA,0.997,0.998,0.919,0.931,156774619.1
Cardano,21/02/2022,ADA,0.931,0.993,0.851,0.856,283488504.3
Cardano,22/02/2022,ADA,0.856,0.897,0.813,0.888,264842040.6
Cardano,23/02/2022,ADA,0.888,0.96,0.863,0.866,237719675.9
Cardano,24/02/2022,ADA,0.866,0.899,0.746,0.853,560130978.6
Cardano,25/02/2022,ADA,0.852,0.91,0.823,0.898,210840757.4
Cardano,26/02/2022,ADA,0.898,0.93,0.881,0.887,142052119.7
Cardano,27/02/2022,ADA,0.886,0.915,0.832,0.856,162004634.9
Cardano,28/02/2022,ADA,0.857,0.97,0.842,0.962,227929558.7
Cardano,01/03/2022,ADA,0.962,1.011,0.939,0.963,234764266.6
Cardano,02/03/2022,ADA,0.964,0.977,0.927,0.939,149491898.8
Cardano,03/03/2022,ADA,0.938,0.946,0.883,0.903,114772747.9
Cardano,04/03/2022,ADA,0.902,0.903,0.826,0.844,147015719.3
Cardano,05/03/2022,ADA,0.844,0.883,0.818,0.864,78739554.5
Cardano,06/03/2022,ADA,0.865,0.872,0.819,0.823,76546559.4
Cardano,07/03/2022,ADA,0.822,0.847,0.777,0.793,132873670.6
Cardano,08/03/2022,ADA,0.793,0.821,0.787,0.802,124187499.5
Cardano,09/03/2022,ADA,0.802,0.863,0.799,0.849,114971836.5
Cardano,10/03/2022,ADA,0.849,0.854,0.785,0.807,115081098.3
Cardano,11/03/2022,ADA,0.806,0.819,0.782,0.788,101514757.7
Cardano,12/03/2022,ADA,0.788,0.802,0.786,0.789,50466434.4
Cardano,13/03/2022,ADA,0.789,0.821,0.78,0.786,88733691.2
Cardano,14/03/2022,ADA,0.787,0.816,0.776,0.802,104141955.4
Cardano,15/03/2022,ADA,0.803,0.817,0.781,0.8,95462205.5
Cardano,16/03/2022,ADA,0.8,0.84,0.792,0.838,160796978.5
Cardano,17/03/2022,ADA,0.839,0.858,0.827,0.835,106462948.2
Cardano,18/03/2022,ADA,0.835,0.86,0.82,0.851,82865732.3
Cardano,19/03/2022,ADA,0.851,0.916,0.85,0.903,114266368.8
Cardano,20/03/2022,ADA,0.902,0.916,0.864,0.879,93008770.9
Cardano,21/03/2022,ADA,0.879,0.93,0.863,0.917,115815047.2
Cardano,22/03/2022,ADA,0.917,0.988,0.907,0.975,172058469.4
Cardano,23/03/2022,ADA,0.975,1.11,0.957,1.108,362447245.1
Cardano,24/03/2022,ADA,1.108,1.19,1.076,1.131,390982460
Cardano,25/03/2022,ADA,1.13,1.167,1.072,1.096,290456883.7
Cardano,26/03/2022,ADA,1.096,1.16,1.079,1.152,143117986.1
Cardano,27/03/2022,ADA,1.152,1.186,1.104,1.184,135043361.8
Cardano,28/03/2022,ADA,1.184,1.246,1.157,1.17,261105698.6
Cardano,29/03/2022,ADA,1.17,1.243,1.166,1.191,180298618
Cardano,30/03/2022,ADA,1.191,1.218,1.161,1.189,146032640.3
Cardano,31/03/2022,ADA,1.189,1.228,1.133,1.141,177164788.1
Cardano,01/04/2022,ADA,1.141,1.175,1.104,1.165,191221298.9
Cardano,02/04/2022,ADA,1.165,1.195,1.145,1.155,107106263.9
Cardano,03/04/2022,ADA,1.156,1.2,1.142,1.186,78660058.3
Cardano,04/04/2022,ADA,1.186,1.245,1.16,1.212,253235570.3
Cardano,05/04/2022,ADA,1.212,1.219,1.163,1.171,108831679.5
Cardano,06/04/2022,ADA,1.17,1.173,1.047,1.052,206766772.7
Cardano,07/04/2022,ADA,1.052,1.101,1.038,1.089,99287570.5
Cardano,08/04/2022,ADA,1.089,1.1,1.019,1.024,88048109.3
Cardano,09/04/2022,ADA,1.025,1.047,1.021,1.045,49693999.1
Cardano,10/04/2022,ADA,1.044,1.07,1.023,1.027,51995282.7
Cardano,11/04/2022,ADA,1.026,1.033,0.917,0.92,159034131.6
Cardano,12/04/2022,ADA,0.919,0.982,0.915,0.955,115179052.5
Cardano,13/04/2022,ADA,0.954,0.981,0.934,0.974,83269578.6
Cardano,14/04/2022,ADA,0.974,0.985,0.923,0.933,84093379.2
Cardano,15/04/2022,ADA,0.933,0.959,0.929,0.956,42541809.7
Cardano,16/04/2022,ADA,0.955,0.962,0.937,0.951,36809858.4
Cardano,17/04/2022,ADA,0.95,0.963,0.912,0.914,42819442
Cardano,18/04/2022,ADA,0.914,0.939,0.874,0.937,118870539.6
Cardano,19/04/2022,ADA,0.936,0.957,0.927,0.952,75432689.7
Cardano,20/04/2022,ADA,0.952,0.976,0.93,0.937,93644303.6
Cardano,21/04/2022,ADA,0.937,0.971,0.891,0.91,105007978.4
Cardano,22/04/2022,ADA,0.91,0.924,0.891,0.906,82391016.7
Cardano,23/04/2022,ADA,0.906,0.913,0.881,0.886,34559067.5
Cardano,24/04/2022,ADA,0.886,0.899,0.877,0.886,49191017
Cardano,25/04/2022,ADA,0.885,0.9039,0.8261,0.8974,171944524.5
Cardano,26/04/2022,ADA,0.8975,0.903,0.815,0.8259,176710067
Cardano,27/04/2022,ADA,0.8258,0.8562,0.8187,0.8401,148780516.9
Cardano,28/04/2022,ADA,0.8401,0.8526,0.8258,0.8432,134885232.9
Cardano,29/04/2022,ADA,0.8432,0.8495,0.7891,0.8048,139320128.3
Cardano,30/04/2022,ADA,0.805,0.8179,0.7351,0.7556,147364161.3
Cardano,01/05/2022,ADA,0.7555,0.8002,0.7451,0.7895,137793227.3
Cardano,02/05/2022,ADA,0.7894,0.7968,0.7636,0.7809,128907016.8
Cardano,03/05/2022,ADA,0.7808,0.7994,0.7605,0.7711,96429722.5
Cardano,04/05/2022,ADA,0.7712,0.8992,0.7677,0.8985,256649760
Cardano,05/05/2022,ADA,0.8986,0.9058,0.7716,0.7884,364970629.3
Cardano,06/05/2022,ADA,0.7884,0.7997,0.7625,0.7832,244058670.2
Cardano,07/05/2022,ADA,0.7832,0.7858,0.7467,0.7604,126808896
Cardano,08/05/2022,ADA,0.7605,0.7663,0.7254,0.7403,175139530.4
Cardano,09/05/2022,ADA,0.7404,0.7542,0.5976,0.6019,472342566.9
Cardano,10/05/2022,ADA,0.6025,0.701,0.5833,0.6286,436850308.6
Cardano,11/05/2022,ADA,0.6286,0.6631,0.4727,0.5187,623456066.5
Cardano,12/05/2022,ADA,0.5186,0.5508,0.4019,0.4733,815465798.5
Cardano,13/05/2022,ADA,0.4733,0.6094,0.4689,0.529,458070252.8
Cardano,14/05/2022,ADA,0.5289,0.5572,0.4888,0.5372,253441055.6
Cardano,15/05/2022,ADA,0.5374,0.5999,0.5148,0.5981,195264575.4
Cardano,16/05/2022,ADA,0.5982,0.6146,0.5444,0.5569,280903516.1
Cardano,17/05/2022,ADA,0.5569,0.5999,0.5511,0.5778,178084619.6
Cardano,18/05/2022,ADA,0.5776,0.5863,0.5026,0.5059,203077123.9
Cardano,19/05/2022,ADA,0.5059,0.5467,0.4917,0.5334,205816006.7
Cardano,20/05/2022,ADA,0.5334,0.545,0.5012,0.5162,174293262.6
Cardano,21/05/2022,ADA,0.5162,0.5388,0.5086,0.5286,85487336
Cardano,22/05/2022,ADA,0.5286,0.5488,0.5219,0.5416,104514258.8
Cardano,23/05/2022,ADA,0.5416,0.5595,0.5039,0.5134,189427959.8
Cardano,24/05/2022,ADA,0.5133,0.5255,0.4927,0.5219,170905795.6
Cardano,25/05/2022,ADA,0.5218,0.5328,0.5071,0.5146,133554250.3
Cardano,26/05/2022,ADA,0.5145,0.521,0.4614,0.4789,243664954.1
Cardano,27/05/2022,ADA,0.4788,0.4839,0.4454,0.4566,268406015.6
Cardano,28/05/2022,ADA,0.4566,0.4693,0.4481,0.4646,105935970.4
Cardano,29/05/2022,ADA,0.4646,0.4827,0.4559,0.482,88626528.9
Cardano,30/05/2022,ADA,0.4819,0.5777,0.4772,0.5698,259278313.4
Cardano,31/05/2022,ADA,0.5698,0.6893,0.5678,0.6268,663619489.7
Cardano,01/06/2022,ADA,0.6266,0.6314,0.5359,0.5516,355477399.6
Cardano,02/06/2022,ADA,0.5517,0.5981,0.5487,0.5871,306125734.2
Cardano,03/06/2022,ADA,0.5872,0.6055,0.539,0.56,206257910.9
Cardano,04/06/2022,ADA,0.56,0.5718,0.5449,0.5665,108779268.9
Cardano,05/06/2022,ADA,0.5666,0.5808,0.5538,0.5674,95277593.6
Cardano,06/06/2022,ADA,0.5675,0.6472,0.5651,0.6091,341502376.8
Cardano,07/06/2022,ADA,0.6091,0.645,0.5715,0.6141,338812294.7
Cardano,08/06/2022,ADA,0.614,0.6696,0.6087,0.6408,394267374.7
Cardano,09/06/2022,ADA,0.6407,0.6579,0.6258,0.6323,192310885.5
Cardano,10/06/2022,ADA,0.6323,0.6361,0.57,0.5744,272263844.1
Cardano,11/06/2022,ADA,0.5744,0.6175,0.543,0.554,300758115.7
Cardano,12/06/2022,ADA,0.5541,0.561,0.4893,0.4904,397530507.9
Cardano,13/06/2022,ADA,0.4904,0.4985,0.4366,0.4644,761583537.4
Cardano,14/06/2022,ADA,0.4642,0.52,0.4369,0.4831,609069303.4
Cardano,15/06/2022,ADA,0.4831,0.5393,0.4483,0.5348,628287744
Cardano,16/06/2022,ADA,0.5347,0.5472,0.4673,0.4762,360176076.1
Cardano,17/06/2022,ADA,0.4762,0.504,0.4717,0.4872,221261441.4
Cardano,18/06/2022,ADA,0.4871,0.4953,0.4206,0.4549,383466178.7
Cardano,19/06/2022,ADA,0.4548,0.49,0.4359,0.4848,304390171.7
Cardano,20/06/2022,ADA,0.4849,0.5088,0.4613,0.4915,309797825.1
Cardano,21/06/2022,ADA,0.4915,0.5114,0.4751,0.4813,269304587
Cardano,22/06/2022,ADA,0.4813,0.4815,0.4559,0.4594,203592970.7
Cardano,23/06/2022,ADA,0.4594,0.4831,0.4563,0.48,160787911.2
Cardano,24/06/2022,ADA,0.48,0.5097,0.4762,0.4981,241562561.8
Cardano,25/06/2022,ADA,0.4982,0.5078,0.4783,0.4984,142417111.7
Cardano,26/06/2022,ADA,0.4985,0.526,0.4885,0.4899,211856675.9
Cardano,27/06/2022,ADA,0.4899,0.5088,0.4756,0.4856,157303921.4
Cardano,28/06/2022,ADA,0.4855,0.4975,0.4671,0.4694,163559982.8
Cardano,29/06/2022,ADA,0.4693,0.4772,0.4588,0.4662,166130162.2
Cardano,30/06/2022,ADA,0.4662,0.4677,0.4352,0.4599,212174584.9
Cardano,01/07/2022,ADA,0.4599,0.475,0.4427,0.4487,182788187.1
Cardano,02/07/2022,ADA,0.4487,0.4617,0.4408,0.4559,109165380.7
Cardano,03/07/2022,ADA,0.4558,0.46,0.4436,0.4561,90832805.9
Cardano,04/07/2022,ADA,0.456,0.4765,0.4445,0.4695,196991430.2
Cardano,05/07/2022,ADA,0.4695,0.4717,0.4447,0.4571,171538047.7
Cardano,06/07/2022,ADA,0.4571,0.4656,0.447,0.4623,139221841
Cardano,07/07/2022,ADA,0.4623,0.4827,0.4609,0.4776,142206515.1
Cardano,08/07/2022,ADA,0.4775,0.493,0.46,0.4661,170807637.3
Cardano,09/07/2022,ADA,0.4661,0.4849,0.4653,0.478,100774030.7
Cardano,10/07/2022,ADA,0.4781,0.4798,0.4552,0.4624,115262368.1
Cardano,11/07/2022,ADA,0.4625,0.4628,0.4316,0.4347,162045832.1
Cardano,12/07/2022,ADA,0.4347,0.4425,0.4156,0.4171,139595801.6
Cardano,13/07/2022,ADA,0.4171,0.4422,0.4023,0.4383,265120837.4
Cardano,14/07/2022,ADA,0.4383,0.4465,0.417,0.4416,208166850.3
Cardano,15/07/2022,ADA,0.4417,0.4536,0.4326,0.4421,187707381.7
Cardano,16/07/2022,ADA,0.4421,0.4591,0.4316,0.4578,147996093
Cardano,17/07/2022,ADA,0.4578,0.466,0.4421,0.4478,153582187.8
Cardano,18/07/2022,ADA,0.4478,0.4998,0.4457,0.4904,383712607.4
Cardano,19/07/2022,ADA,0.4904,0.526,0.4733,0.5152,386358308.6
Cardano,20/07/2022,ADA,0.5152,0.5487,0.4868,0.491,389779718.7
Cardano,21/07/2022,ADA,0.491,0.5023,0.4756,0.4993,261898181.1
Cardano,22/07/2022,ADA,0.4994,0.5114,0.477,0.4828,200329666.4
Cardano,23/07/2022,ADA,0.4827,0.5186,0.473,0.517,199660186.4
Cardano,24/07/2022,ADA,0.5171,0.5368,0.5095,0.512,233306136.5
Cardano,25/07/2022,ADA,0.512,0.5154,0.4741,0.4752,200850290.9
Cardano,26/07/2022,ADA,0.4752,0.4774,0.451,0.4677,213068947.5
Cardano,27/07/2022,ADA,0.4678,0.5122,0.4588,0.5111,290166822
Cardano,28/07/2022,ADA,0.5112,0.5242,0.4885,0.513,306444781.5
Cardano,29/07/2022,ADA,0.5131,0.5454,0.5064,0.5218,320668702.7
Cardano,30/07/2022,ADA,0.5219,0.556,0.509,0.5263,271896568.2
Cardano,31/07/2022,ADA,0.5263,0.5443,0.5125,0.5161,174783511.5
Cardano,01/08/2022,ADA,0.5161,0.5262,0.5007,0.5124,158798003.7
Cardano,02/08/2022,ADA,0.5125,0.5155,0.4886,0.4963,182796003.4
Cardano,03/08/2022,ADA,0.4963,0.5167,0.489,0.5005,124963960.7
Cardano,04/08/2022,ADA,0.5006,0.5112,0.4934,0.4997,102892954.2
Cardano,05/08/2022,ADA,0.4998,0.5193,0.4993,0.5174,112189883.6
Cardano,06/08/2022,ADA,0.5174,0.5234,0.51,0.5112,78090180.3
Cardano,07/08/2022,ADA,0.5114,0.5385,0.5063,0.5276,111026235.8
Cardano,08/08/2022,ADA,0.5276,0.5496,0.523,0.5371,161524833.4
Cardano,09/08/2022,ADA,0.5371,0.5374,0.5057,0.5129,143030490.2
Cardano,10/08/2022,ADA,0.5128,0.5389,0.502,0.5374,168972340.2
Cardano,11/08/2022,ADA,0.5374,0.5476,0.5286,0.5303,155468308.4
Cardano,12/08/2022,ADA,0.5302,0.542,0.5205,0.5402,106913181.8
Cardano,13/08/2022,ADA,0.5403,0.5677,0.5378,0.5593,193063122.5
Cardano,14/08/2022,ADA,0.5592,0.5948,0.5567,0.5695,236011611.2
Cardano,15/08/2022,ADA,0.5695,0.5824,0.5427,0.5499,190761668.9
Cardano,16/08/2022,ADA,0.5499,0.5704,0.5475,0.557,146450653.2
Cardano,17/08/2022,ADA,0.5569,0.5834,0.5304,0.5384,234245028
Cardano,18/08/2022,ADA,0.5384,0.5441,0.5075,0.5119,132313932.3
Cardano,19/08/2022,ADA,0.5119,0.5121,0.4461,0.45,328230521.1
Cardano,20/08/2022,ADA,0.4499,0.4632,0.4347,0.4508,211122393.3
Cardano,21/08/2022,ADA,0.4508,0.4726,0.4468,0.4626,169047210.7
Cardano,22/08/2022,ADA,0.4627,0.4632,0.4374,0.4615,189193918.6
Cardano,23/08/2022,ADA,0.4614,0.47,0.4457,0.4658,124261125.9
Cardano,24/08/2022,ADA,0.4659,0.4691,0.4536,0.4578,103361101.6
Cardano,25/08/2022,ADA,0.4578,0.4741,0.4574,0.4645,119929958
Cardano,26/08/2022,ADA,0.4645,0.482,0.4257,0.4316,375988353.5
Cardano,27/08/2022,ADA,0.4315,0.4514,0.4258,0.4499,188501508.5
Cardano,28/08/2022,ADA,0.4498,0.4544,0.4274,0.4293,131217761.8
Cardano,29/08/2022,ADA,0.4293,0.453,0.4236,0.4504,144932469
Cardano,30/08/2022,ADA,0.4503,0.4628,0.4385,0.4531,153120426.8
Cardano,31/08/2022,ADA,0.4531,0.4631,0.4446,0.4462,115611898.1
Cardano,01/09/2022,ADA,0.4461,0.4624,0.4407,0.4575,126696718
Cardano,02/09/2022,ADA,0.4575,0.4665,0.4487,0.4543,106798749.5
Cardano,03/09/2022,ADA,0.4544,0.486,0.4535,0.4803,182225091.7
Cardano,04/09/2022,ADA,0.4803,0.51,0.4756,0.5035,199924106.3
Cardano,05/09/2022,ADA,0.5035,0.5076,0.4826,0.4984,141753954.4
Cardano,06/09/2022,ADA,0.4985,0.5122,0.4592,0.4625,233944338
Cardano,07/09/2022,ADA,0.4625,0.4821,0.4536,0.4787,139305299.9
Cardano,08/09/2022,ADA,0.4787,0.4831,0.4627,0.479,113848178.5
Cardano,09/09/2022,ADA,0.4791,0.505,0.4783,0.5022,179504511.2
Cardano,10/09/2022,ADA,0.5022,0.5242,0.4945,0.5121,194060696.5
Cardano,11/09/2022,ADA,0.5121,0.5199,0.5,0.5098,129240731.5
Cardano,12/09/2022,ADA,0.5098,0.5197,0.4958,0.5012,168685217.5
Cardano,13/09/2022,ADA,0.5013,0.509,0.4612,0.4635,232872260.6
Cardano,14/09/2022,ADA,0.4635,0.4871,0.462,0.4809,139528796.3
Cardano,15/09/2022,ADA,0.4807,0.482,0.4619,0.4662,131971420.4
Cardano,16/09/2022,ADA,0.4662,0.4747,0.454,0.4746,102993446.9
Cardano,17/09/2022,ADA,0.4746,0.4883,0.4723,0.4859,100281140.5
Cardano,18/09/2022,ADA,0.4859,0.4904,0.4403,0.4477,128727598.1
Cardano,19/09/2022,ADA,0.4477,0.457,0.4332,0.4527,182324362.8
Cardano,20/09/2022,ADA,0.4527,0.4545,0.4373,0.4422,107529839.9
Cardano,21/09/2022,ADA,0.4423,0.4645,0.4313,0.4389,285433830.3
Cardano,22/09/2022,ADA,0.4388,0.4666,0.4343,0.4584,155204297.3
Cardano,23/09/2022,ADA,0.4583,0.4825,0.446,0.4618,210001077.3
Cardano,24/09/2022,ADA,0.4619,0.4689,0.4504,0.4511,122469926.2
Cardano,25/09/2022,ADA,0.451,0.4628,0.4385,0.4464,112039917.9
Cardano,26/09/2022,ADA,0.4462,0.4507,0.4365,0.4473,125876450.8
Cardano,27/09/2022,ADA,0.4473,0.4633,0.4373,0.4411,148327423.1
Cardano,28/09/2022,ADA,0.4414,0.4431,0.4251,0.4361,126497310.3
Cardano,29/09/2022,ADA,0.4362,0.4394,0.4277,0.4381,120381859.1
Cardano,30/09/2022,ADA,0.4382,0.4415,0.4293,0.4347,120942156.5
Cardano,01/10/2022,ADA,0.4346,0.4364,0.4275,0.43,61750878.7
Cardano,02/10/2022,ADA,0.4301,0.4328,0.4176,0.4194,79897439.7
Cardano,03/10/2022,ADA,0.4195,0.4288,0.4158,0.4276,97901531.3
Cardano,04/10/2022,ADA,0.4276,0.4377,0.4253,0.4355,89193827.3
Cardano,05/10/2022,ADA,0.4356,0.4367,0.4236,0.4309,86070134.7
Cardano,06/10/2022,ADA,0.4309,0.437,0.4255,0.4288,87385034.1
Cardano,07/10/2022,ADA,0.4288,0.4304,0.4215,0.424,85765776
Cardano,08/10/2022,ADA,0.4239,0.4271,0.4188,0.4219,57044040.1
Cardano,09/10/2022,ADA,0.4219,0.4242,0.419,0.423,50765905.1
Cardano,10/10/2022,ADA,0.423,0.4268,0.3982,0.4012,108015329.8
Cardano,11/10/2022,ADA,0.4011,0.4016,0.3837,0.3908,157186233.6
Cardano,12/10/2022,ADA,0.3907,0.3954,0.376,0.3814,100681651
Cardano,13/10/2022,ADA,0.3814,0.3824,0.349,0.3768,269611367.3
Cardano,14/10/2022,ADA,0.3769,0.389,0.3606,0.3667,135534544.8
Cardano,15/10/2022,ADA,0.3667,0.37,0.3612,0.3641,62954187.6
Cardano,16/10/2022,ADA,0.3641,0.3749,0.3638,0.3703,61182203.2
Cardano,17/10/2022,ADA,0.3703,0.3758,0.366,0.3723,66215062.2
Cardano,18/10/2022,ADA,0.3724,0.3743,0.3569,0.3624,95363501.1
Cardano,19/10/2022,ADA,0.3624,0.3624,0.347,0.3497,92329214.7
Cardano,20/10/2022,ADA,0.3496,0.3557,0.3364,0.3402,111680559
Cardano,21/10/2022,ADA,0.3402,0.3499,0.33,0.3492,127159385.4
Cardano,22/10/2022,ADA,0.3492,0.3544,0.343,0.3513,71962552
Cardano,23/10/2022,ADA,0.3513,0.3638,0.346,0.3621,85104357.9
Cardano,24/10/2022,ADA,0.3621,0.3652,0.3533,0.3573,92438606.2
Cardano,25/10/2022,ADA,0.3572,0.4173,0.3569,0.4,319472649
Cardano,26/10/2022,ADA,0.4001,0.4122,0.3945,0.403,197702684.6
Cardano,27/10/2022,ADA,0.403,0.4194,0.3861,0.3884,170796279.1
Cardano,28/10/2022,ADA,0.3884,0.4115,0.3777,0.4044,139227634.2
Cardano,29/10/2022,ADA,0.4044,0.44,0.4008,0.42,200912371.4
Cardano,30/10/2022,ADA,0.4201,0.4216,0.3981,0.4056,117123022
Cardano,31/10/2022,ADA,0.4057,0.4163,0.3975,0.4055,122659161.8
Cardano,01/11/2022,ADA,0.4055,0.4154,0.3985,0.4011,88819285.6
Cardano,02/11/2022,ADA,0.4012,0.4093,0.38,0.3856,168322996.7
Cardano,03/11/2022,ADA,0.3856,0.3992,0.3842,0.3895,90983702.8
Cardano,04/11/2022,ADA,0.3894,0.4263,0.3881,0.4216,233382097.9
Cardano,05/11/2022,ADA,0.4216,0.4378,0.42,0.4264,165672546.7
Cardano,06/11/2022,ADA,0.4263,0.431,0.4014,0.4021,112501696.2
Cardano,07/11/2022,ADA,0.4021,0.4161,0.3975,0.4041,138637231.9
Cardano,08/11/2022,ADA,0.404,0.4156,0.3463,0.3722,379698137.7
Cardano,09/11/2022,ADA,0.3721,0.3766,0.31,0.3175,397998672
Cardano,10/11/2022,ADA,0.3174,0.3793,0.3119,0.3687,361917813.6
Cardano,11/11/2022,ADA,0.3688,0.3741,0.342,0.3556,191115121.1
Cardano,12/11/2022,ADA,0.3557,0.3569,0.3362,0.3397,118816381.9
Cardano,13/11/2022,ADA,0.3397,0.3453,0.3251,0.3298,146747692.7
Cardano,14/11/2022,ADA,0.3299,0.3419,0.3142,0.3323,180688535.9
Cardano,15/11/2022,ADA,0.3322,0.3449,0.3292,0.3373,103952732.7
Cardano,16/11/2022,ADA,0.3373,0.3443,0.3237,0.332,102897046.5
Cardano,17/11/2022,ADA,0.332,0.3345,0.3186,0.325,75533614.5
Cardano,18/11/2022,ADA,0.3251,0.3325,0.3206,0.326,80892957.7
Cardano,19/11/2022,ADA,0.326,0.3322,0.3213,0.328,49281576.1
Cardano,20/11/2022,ADA,0.328,0.3312,0.31,0.312,87909126.7
Cardano,21/11/2022,ADA,0.312,0.3133,0.2953,0.3046,162743368.1
Cardano,22/11/2022,ADA,0.3046,0.3169,0.2982,0.3126,119265124.3
Cardano,23/11/2022,ADA,0.3126,0.3204,0.3093,0.3185,130172804.6
Cardano,24/11/2022,ADA,0.3185,0.3213,0.3116,0.3163,77452139.6
Cardano,25/11/2022,ADA,0.3162,0.3173,0.3073,0.3146,81668650.3
Cardano,26/11/2022,ADA,0.3147,0.3228,0.3109,0.3138,66377188
Cardano,27/11/2022,ADA,0.3138,0.3196,0.3114,0.3126,50910598.2
Cardano,28/11/2022,ADA,0.3126,0.3139,0.3,0.3066,118919688.1
Cardano,29/11/2022,ADA,0.3066,0.3128,0.3042,0.3092,63045432.9
Cardano,30/11/2022,ADA,0.3093,0.3209,0.3084,0.3187,103696273.3
Cardano,01/12/2022,ADA,0.3186,0.32,0.3125,0.3145,69894876.1
Cardano,02/12/2022,ADA,0.3144,0.32,0.3106,0.3191,62310109.4
Cardano,03/12/2022,ADA,0.3192,0.3265,0.3162,0.3196,88483029.8
Cardano,04/12/2022,ADA,0.3196,0.3241,0.3181,0.3221,58073868.4
Cardano,05/12/2022,ADA,0.3222,0.329,0.3163,0.3193,68934870.6
Cardano,06/12/2022,ADA,0.3193,0.3211,0.3135,0.3183,54889434.1
Cardano,07/12/2022,ADA,0.3183,0.3199,0.3067,0.3102,80392338
Cardano,08/12/2022,ADA,0.3103,0.3158,0.3072,0.3145,55078149.3
Cardano,09/12/2022,ADA,0.3144,0.3166,0.3088,0.3118,50246553.9
Cardano,10/12/2022,ADA,0.3119,0.315,0.3106,0.3126,23073305.7
Cardano,11/12/2022,ADA,0.3126,0.315,0.3051,0.3074,38521495.3
Cardano,12/12/2022,ADA,0.3073,0.3079,0.3004,0.3069,59718587.9
Cardano,13/12/2022,ADA,0.3069,0.3187,0.2991,0.3142,125438617.5
Cardano,14/12/2022,ADA,0.3142,0.3157,0.3053,0.3079,91418405.6
Cardano,15/12/2022,ADA,0.308,0.3086,0.2962,0.3003,88292967.3
Cardano,16/12/2022,ADA,0.3003,0.3013,0.255,0.2632,218355848.5
Cardano,17/12/2022,ADA,0.2633,0.2678,0.2587,0.2672,164203460.7
Cardano,18/12/2022,ADA,0.2672,0.2713,0.2627,0.2659,90386512.2
Cardano,19/12/2022,ADA,0.266,0.2694,0.2488,0.2529,109679881.2
Cardano,20/12/2022,ADA,0.2529,0.2621,0.2512,0.2587,79578969.4
Cardano,21/12/2022,ADA,0.2586,0.2593,0.2478,0.2534,93178931.7
Cardano,22/12/2022,ADA,0.2534,0.2569,0.2465,0.2566,78100191.4
Cardano,23/12/2022,ADA,0.2567,0.264,0.2554,0.2594,74119327.5
Cardano,24/12/2022,ADA,0.2594,0.2604,0.2566,0.2592,32054310.5
Cardano,25/12/2022,ADA,0.2591,0.2599,0.2546,0.2591,46627019.2
Cardano,26/12/2022,ADA,0.259,0.2657,0.2576,0.2652,61775474.3
Cardano,27/12/2022,ADA,0.2653,0.2665,0.2563,0.2603,59557924.7
Cardano,28/12/2022,ADA,0.2603,0.2611,0.2468,0.2482,115688916.7
Cardano,29/12/2022,ADA,0.2483,0.2484,0.2396,0.244,119235796.6
Cardano,30/12/2022,ADA,0.244,0.2463,0.2392,0.2458,77783257
Cardano,31/12/2022,ADA,0.2457,0.2521,0.244,0.2458,66923069.1
Cardano,01/01/2023,ADA,0.2458,0.25,0.2434,0.2499,49487029.5
Cardano,02/01/2023,ADA,0.2499,0.2565,0.2466,0.2538,75458284.6
Cardano,03/01/2023,ADA,0.2538,0.2555,0.2502,0.2529,71671057.1
Cardano,04/01/2023,ADA,0.2529,0.2708,0.2518,0.2678,148810996.5
Cardano,05/01/2023,ADA,0.2678,0.2713,0.2633,0.2692,81943632.6
Cardano,06/01/2023,ADA,0.2692,0.2798,0.2671,0.2786,171198727.6
Cardano,07/01/2023,ADA,0.2785,0.2806,0.2723,0.2768,72623368.2
Cardano,08/01/2023,ADA,0.2768,0.299,0.2742,0.2974,196047722.8
Cardano,09/01/2023,ADA,0.2975,0.346,0.2955,0.3168,405177005.9
Cardano,10/01/2023,ADA,0.3168,0.3253,0.3063,0.3222,184082448.1
Cardano,11/01/2023,ADA,0.3222,0.3235,0.3075,0.323,144048586.5
Cardano,12/01/2023,ADA,0.323,0.3351,0.3154,0.3293,248440812.5
Cardano,13/01/2023,ADA,0.3293,0.3509,0.3237,0.3456,150546494
Cardano,14/01/2023,ADA,0.3455,0.3697,0.332,0.3525,288977177.5
Cardano,15/01/2023,ADA,0.3526,0.3539,0.3385,0.3507,132983094.3
Cardano,16/01/2023,ADA,0.3508,0.364,0.3376,0.3504,156864828.5
Cardano,17/01/2023,ADA,0.3505,0.3576,0.343,0.3455,101591352.2
Cardano,18/01/2023,ADA,0.3455,0.3555,0.3237,0.3264,170018857.2
Cardano,19/01/2023,ADA,0.3264,0.343,0.3255,0.3379,80228314.7
Cardano,20/01/2023,ADA,0.338,0.3657,0.3336,0.3652,130767450.6
Cardano,21/01/2023,ADA,0.3651,0.3807,0.3569,0.3687,228951787
Cardano,22/01/2023,ADA,0.3686,0.3872,0.3629,0.3764,205382044
Cardano,23/01/2023,ADA,0.3764,0.3836,0.3687,0.375,168920181.8
Cardano,24/01/2023,ADA,0.375,0.383,0.3552,0.3587,111749419.5
Cardano,25/01/2023,ADA,0.3588,0.3797,0.3469,0.3732,125501560.2
Cardano,26/01/2023,ADA,0.3733,0.3892,0.3711,0.3796,152020632.1
Cardano,27/01/2023,ADA,0.3796,0.391,0.3678,0.3898,112713613.3
Cardano,28/01/2023,ADA,0.3898,0.398,0.378,0.3819,119208593.2
Cardano,29/01/2023,ADA,0.3818,0.3991,0.3768,0.3975,102929204.6
Cardano,30/01/2023,ADA,0.3976,0.3982,0.3652,0.3725,134336665
Cardano,31/01/2023,ADA,0.3725,0.3998,0.3681,0.3902,156301183
Cardano,01/02/2023,ADA,0.3902,0.4018,0.371,0.397,162998963.9
Cardano,02/02/2023,ADA,0.397,0.4136,0.3921,0.3981,179215658.3
Cardano,03/02/2023,ADA,0.3981,0.407,0.3944,0.4038,112231580.7
Cardano,04/02/2023,ADA,0.4037,0.4055,0.3975,0.3994,69665961
Cardano,05/02/2023,ADA,0.3993,0.4019,0.3821,0.3923,104454046
Cardano,06/02/2023,ADA,0.3923,0.4033,0.3795,0.3823,110247851.9
Cardano,07/02/2023,ADA,0.3823,0.3998,0.3814,0.3989,107246776.8
Cardano,08/02/2023,ADA,0.3989,0.4035,0.3853,0.3942,92872527.4
Cardano,09/02/2023,ADA,0.3942,0.3957,0.3543,0.3622,151503834.4
Cardano,10/02/2023,ADA,0.3622,0.3656,0.3534,0.3581,104289819.1
Cardano,11/02/2023,ADA,0.358,0.3702,0.3567,0.3684,55904954.9
Cardano,12/02/2023,ADA,0.3685,0.3738,0.3596,0.3641,57416092.2
Cardano,13/02/2023,ADA,0.3641,0.3657,0.345,0.3593,114427322
Cardano,14/02/2023,ADA,0.3593,0.3931,0.3545,0.3867,156990175.9
Cardano,15/02/2023,ADA,0.3868,0.42,0.3819,0.419,151591225.3
Cardano,16/02/2023,ADA,0.419,0.4213,0.3862,0.3874,174768994
Cardano,17/02/2023,ADA,0.3874,0.4098,0.3854,0.4033,123524213.6
Cardano,18/02/2023,ADA,0.4033,0.4184,0.3976,0.406,89590271.5
Cardano,19/02/2023,ADA,0.406,0.4122,0.3968,0.3995,98181230.1
Cardano,20/02/2023,ADA,0.3994,0.4098,0.3893,0.4038,116906377.7
Cardano,21/02/2023,ADA,0.4037,0.4059,0.3855,0.3925,119823429
Cardano,22/02/2023,ADA,0.3926,0.3929,0.3769,0.3888,123152287
Cardano,23/02/2023,ADA,0.3889,0.3949,0.3794,0.3824,81228997.5
Cardano,24/02/2023,ADA,0.3824,0.3852,0.358,0.3658,136530140.7
Cardano,25/02/2023,ADA,0.3657,0.3677,0.3512,0.362,93356389.8
Cardano,26/02/2023,ADA,0.3621,0.3704,0.3577,0.3691,62253729.4
Cardano,27/02/2023,ADA,0.369,0.3702,0.3576,0.3647,71396733.7
Cardano,28/02/2023,ADA,0.3647,0.368,0.3485,0.3517,76748794.6
Cardano,01/03/2023,ADA,0.3518,0.3644,0.3493,0.3601,67671797.7
Cardano,02/03/2023,ADA,0.3601,0.3615,0.3445,0.3504,81854576.8
Cardano,03/03/2023,ADA,0.3505,0.3509,0.3212,0.3431,163025922
Cardano,04/03/2023,ADA,0.3431,0.3448,0.3303,0.3366,56432771.9
Cardano,05/03/2023,ADA,0.3366,0.343,0.3346,0.337,53269370.7
Cardano,06/03/2023,ADA,0.337,0.3387,0.3291,0.3305,72882197.2
Cardano,07/03/2023,ADA,0.3306,0.3348,0.3209,0.3306,99209654.5
Cardano,08/03/2023,ADA,0.3305,0.3328,0.3133,0.3175,110501100.5
Cardano,09/03/2023,ADA,0.3175,0.3223,0.3012,0.3101,191520024.2
Cardano,10/03/2023,ADA,0.3102,0.3182,0.2976,0.3149,184446629.2
Cardano,11/03/2023,ADA,0.3149,0.3228,0.3013,0.3051,174341847.2
Cardano,12/03/2023,ADA,0.3051,0.3311,0.3013,0.3298,148391745.7
Cardano,13/03/2023,ADA,0.3298,0.3517,0.3274,0.3433,290767932.5
Cardano,14/03/2023,ADA,0.3434,0.3677,0.3363,0.3429,243189873.1
Cardano,15/03/2023,ADA,0.3429,0.3464,0.3157,0.3241,262199199.5
Cardano,16/03/2023,ADA,0.324,0.329,0.3171,0.3249,148328841.2
Cardano,17/03/2023,ADA,0.3249,0.3502,0.3212,0.3494,171206542.3
Cardano,18/03/2023,ADA,0.3494,0.3572,0.335,0.3371,160274762.9
Cardano,19/03/2023,ADA,0.337,0.3525,0.3367,0.3448,93233157.9
Cardano,20/03/2023,ADA,0.3448,0.3461,0.3305,0.3321,124374313.8
Cardano,21/03/2023,ADA,0.3321,0.387,0.3291,0.3696,288467612.6
Cardano,22/03/2023,ADA,0.3695,0.3868,0.3489,0.3596,342137114
Cardano,23/03/2023,ADA,0.3597,0.3853,0.3535,0.3715,185937483.6
Cardano,24/03/2023,ADA,0.3716,0.3725,0.3552,0.3596,112029219.9
Cardano,25/03/2023,ADA,0.3597,0.3628,0.3486,0.3514,83603550.1
Cardano,26/03/2023,ADA,0.3513,0.3614,0.3487,0.3557,91774166.9
Cardano,27/03/2023,ADA,0.3558,0.3572,0.3366,0.3455,127210336.6
Cardano,28/03/2023,ADA,0.3456,0.3703,0.3427,0.3681,133375435.6
Cardano,29/03/2023,ADA,0.3681,0.39,0.3666,0.3811,190013782.5
Cardano,30/03/2023,ADA,0.3811,0.3876,0.3697,0.3761,147101987.5
Cardano,31/03/2023,ADA,0.3761,0.4093,0.3743,0.3989,250714301.7
Cardano,01/04/2023,ADA,0.3989,0.4031,0.388,0.3919,128780899.9
Cardano,02/04/2023,ADA,0.392,0.3928,0.3756,0.3815,102432795.5
Cardano,03/04/2023,ADA,0.3816,0.405,0.3708,0.3872,234427391.6
Cardano,04/04/2023,ADA,0.3872,0.4,0.3843,0.3894,121167900.7
Cardano,05/04/2023,ADA,0.3895,0.4,0.3868,0.3923,92815719.6
Cardano,06/04/2023,ADA,0.3922,0.3923,0.3763,0.3829,91098737.9
Cardano,07/04/2023,ADA,0.3829,0.3851,0.3756,0.3835,50141413.5
Cardano,08/04/2023,ADA,0.3835,0.3905,0.3804,0.3853,61444908.5
Cardano,09/04/2023,ADA,0.3852,0.393,0.384,0.3894,51708973.8
Cardano,10/04/2023,ADA,0.3893,0.3977,0.3847,0.3971,76308355.7
Cardano,11/04/2023,ADA,0.3971,0.413,0.394,0.4014,143695491.1
Cardano,12/04/2023,ADA,0.4015,0.4075,0.3886,0.4047,138821237.2
Cardano,13/04/2023,ADA,0.4047,0.4288,0.3989,0.4251,173707588.7
Cardano,14/04/2023,ADA,0.4251,0.444,0.4228,0.4381,235318719.5
Cardano,15/04/2023,ADA,0.4381,0.4617,0.4311,0.4522,178424508.6
Cardano,16/04/2023,ADA,0.4521,0.4579,0.4421,0.4513,117211504.6
Cardano,17/04/2023,ADA,0.4512,0.4515,0.431,0.4341,144412169.8
Cardano,18/04/2023,ADA,0.4341,0.448,0.4277,0.4435,99428283.1
Cardano,19/04/2023,ADA,0.4435,0.4435,0.4071,0.4163,193374494.9
Cardano,20/04/2023,ADA,0.4163,0.4221,0.3934,0.4007,161012857.5
Cardano,21/04/2023,ADA,0.4008,0.4071,0.3789,0.3824,158842754.2
Cardano,22/04/2023,ADA,0.3823,0.3989,0.381,0.3956,86625445.5
Cardano,23/04/2023,ADA,0.3956,0.3956,0.38,0.3886,82034708.6
Cardano,24/04/2023,ADA,0.3887,0.3975,0.38,0.3835,104338226.4
Cardano,25/04/2023,ADA,0.3836,0.3954,0.3761,0.3945,97446645.9
Cardano,26/04/2023,ADA,0.3944,0.4193,0.3778,0.4014,189713316.3
Cardano,27/04/2023,ADA,0.4014,0.4186,0.4008,0.4101,154240599.8
Cardano,28/04/2023,ADA,0.41,0.4116,0.3965,0.4043,76492344.4
Cardano,29/04/2023,ADA,0.4044,0.4077,0.3991,0.4024,42315743.6
Cardano,30/04/2023,ADA,0.4025,0.415,0.3944,0.3956,75755751.4
Cardano,01/05/2023,ADA,0.3957,0.3979,0.3801,0.3868,99050070.7
Cardano,02/05/2023,ADA,0.3867,0.3947,0.3816,0.3916,62002108.1
Cardano,03/05/2023,ADA,0.3917,0.3965,0.3784,0.394,102351994.9
Cardano,04/05/2023,ADA,0.3941,0.3964,0.3849,0.3873,57027491.2
Cardano,05/05/2023,ADA,0.3873,0.397,0.3812,0.3942,77772750.3
Cardano,06/05/2023,ADA,0.3941,0.3968,0.3735,0.3787,85459030.9
Cardano,07/05/2023,ADA,0.3787,0.3833,0.3737,0.376,54439977.1
Cardano,08/05/2023,ADA,0.376,0.3796,0.3531,0.3653,137827919.2
Cardano,09/05/2023,ADA,0.3653,0.3705,0.3599,0.3633,78130879.7
Cardano,10/05/2023,ADA,0.3633,0.3729,0.3543,0.3693,150971765.6
Cardano,11/05/2023,ADA,0.3693,0.3696,0.3485,0.3598,98458703.7
Cardano,12/05/2023,ADA,0.3598,0.371,0.3533,0.3705,109723018.6
Cardano,13/05/2023,ADA,0.3705,0.371,0.3622,0.3646,46531257.4
Cardano,14/05/2023,ADA,0.3646,0.373,0.3627,0.3711,41898265.4
Cardano,15/05/2023,ADA,0.371,0.3758,0.3657,0.3669,69018210.5
Cardano,16/05/2023,ADA,0.3669,0.3704,0.3613,0.3682,66128494.6
Cardano,17/05/2023,ADA,0.3683,0.3807,0.3645,0.3755,94403281.2
Cardano,18/05/2023,ADA,0.3755,0.3803,0.3658,0.3714,80420401
Cardano,19/05/2023,ADA,0.3713,0.373,0.3658,0.3681,38723441.7
Cardano,20/05/2023,ADA,0.3681,0.3683,0.3628,0.3662,44032296.2
Cardano,21/05/2023,ADA,0.3663,0.3676,0.3566,0.3602,39270367.4
Cardano,22/05/2023,ADA,0.3602,0.3741,0.356,0.3679,62447190.2
Cardano,23/05/2023,ADA,0.3679,0.3757,0.3657,0.3704,47769860.8
Cardano,24/05/2023,ADA,0.3704,0.3706,0.3602,0.3638,57618648.9
Cardano,25/05/2023,ADA,0.3639,0.3648,0.355,0.3581,50137129
Cardano,26/05/2023,ADA,0.3582,0.3669,0.3535,0.3626,56982912.1
Cardano,27/05/2023,ADA,0.3626,0.3674,0.3606,0.3667,30122750.7
Cardano,28/05/2023,ADA,0.3667,0.3846,0.3661,0.3828,80053076.5
Cardano,29/05/2023,ADA,0.3828,0.3863,0.3756,0.3786,66769379.2
Cardano,30/05/2023,ADA,0.3786,0.3834,0.3744,0.3779,70137418.8
Cardano,31/05/2023,ADA,0.3779,0.3807,0.37,0.3744,59998056.8
Cardano,01/06/2023,ADA,0.3744,0.3758,0.3608,0.3644,93248479.9
Cardano,02/06/2023,ADA,0.3644,0.3794,0.3619,0.3782,71763680
Cardano,03/06/2023,ADA,0.3782,0.3782,0.3729,0.3759,27741856.8
Cardano,04/06/2023,ADA,0.376,0.3819,0.3748,0.3773,41513359.6
Cardano,05/06/2023,ADA,0.3773,0.3791,0.3467,0.3514,112815250.3
Cardano,06/06/2023,ADA,0.3514,0.3569,0.3365,0.3531,90606305
Cardano,07/06/2023,ADA,0.353,0.3531,0.3177,0.3223,150728402.3
Cardano,08/06/2023,ADA,0.3223,0.3308,0.3198,0.3228,104686899.3
Cardano,09/06/2023,ADA,0.3229,0.324,0.2902,0.2951,246384470.8
Cardano,10/06/2023,ADA,0.2951,0.2953,0.22,0.2747,757333075.3
Cardano,11/06/2023,ADA,0.2748,0.28,0.259,0.272,262186505.2
Cardano,12/06/2023,ADA,0.2719,0.2865,0.2648,0.2748,222382051.8
Cardano,13/06/2023,ADA,0.2747,0.2896,0.2684,0.2752,156748499.8
Cardano,14/06/2023,ADA,0.2752,0.2773,0.256,0.2633,133531077
Cardano,15/06/2023,ADA,0.2634,0.266,0.2525,0.262,140877163.2
Cardano,16/06/2023,ADA,0.2621,0.2675,0.2535,0.2632,89417626.3
Cardano,17/06/2023,ADA,0.2633,0.2737,0.2607,0.2667,88054261.3
Cardano,18/06/2023,ADA,0.2667,0.2691,0.2588,0.261,65212614.6
Cardano,19/06/2023,ADA,0.261,0.2638,0.2571,0.2634,70893812.3
Cardano,20/06/2023,ADA,0.2634,0.2707,0.2522,0.2705,109090810.6
Cardano,21/06/2023,ADA,0.2706,0.289,0.2687,0.2862,189786985.2
Cardano,22/06/2023,ADA,0.2861,0.3049,0.2856,0.2899,167726209.8
Cardano,23/06/2023,ADA,0.2899,0.3028,0.2867,0.2966,117254934
Cardano,24/06/2023,ADA,0.2967,0.2975,0.2843,0.2892,88286411.9
Cardano,25/06/2023,ADA,0.2893,0.305,0.2885,0.2921,103164289.5
Cardano,26/06/2023,ADA,0.292,0.2923,0.2766,0.2805,92192313
Cardano,27/06/2023,ADA,0.2806,0.2897,0.2775,0.2867,84320347.3
Cardano,28/06/2023,ADA,0.2868,0.2869,0.2599,0.2669,140734583.3
Cardano,29/06/2023,ADA,0.2669,0.2782,0.2664,0.2752,88026541.6
Cardano,30/06/2023,ADA,0.2753,0.2997,0.2672,0.2869,272156267.9
Cardano,01/07/2023,ADA,0.287,0.2938,0.2812,0.2924,88196474.2
Cardano,02/07/2023,ADA,0.2924,0.2939,0.2853,0.2916,74721548
Cardano,03/07/2023,ADA,0.2916,0.2993,0.2902,0.2967,71590689.3
Cardano,04/07/2023,ADA,0.2966,0.3016,0.289,0.2924,107425650.5
Cardano,05/07/2023,ADA,0.2924,0.2963,0.2797,0.2839,106289740.4
Cardano,06/07/2023,ADA,0.2839,0.2937,0.2761,0.2784,144527874.2
Cardano,07/07/2023,ADA,0.2783,0.2855,0.2761,0.2844,100178705.4
Cardano,08/07/2023,ADA,0.2844,0.2931,0.2817,0.2907,106202528.4
Cardano,09/07/2023,ADA,0.2907,0.2918,0.283,0.2844,94953544
Cardano,10/07/2023,ADA,0.2843,0.2927,0.2781,0.2878,122097011.3
Cardano,11/07/2023,ADA,0.2878,0.2941,0.2874,0.2927,98565787.5
Cardano,12/07/2023,ADA,0.2927,0.2954,0.2848,0.289,77926024.7
Cardano,13/07/2023,ADA,0.289,0.3673,0.2857,0.3567,508960536.5
Cardano,14/07/2023,ADA,0.3567,0.3793,0.316,0.3277,344645916.7
Cardano,15/07/2023,ADA,0.3278,0.3376,0.324,0.326,87463902.2
Cardano,16/07/2023,ADA,0.3261,0.3278,0.312,0.3146,132942159.3
Cardano,17/07/2023,ADA,0.3145,0.3197,0.3055,0.3118,121471436.2
Cardano,18/07/2023,ADA,0.3117,0.314,0.2996,0.3095,151432242.5
Cardano,19/07/2023,ADA,0.3094,0.326,0.3069,0.3226,215253837.4
Cardano,20/07/2023,ADA,0.3226,0.3332,0.313,0.3161,166938424.7
Cardano,21/07/2023,ADA,0.3161,0.3184,0.3103,0.3127,70324894.6
Cardano,22/07/2023,ADA,0.3128,0.3149,0.3062,0.31,58496057.3
Cardano,23/07/2023,ADA,0.31,0.3191,0.3071,0.3171,50429234.4
Cardano,24/07/2023,ADA,0.3172,0.319,0.3,0.3053,100248697.4
Cardano,25/07/2023,ADA,0.3051,0.3078,0.3014,0.3037,61989431
Cardano,26/07/2023,ADA,0.3037,0.3107,0.3003,0.3069,90818421
Cardano,27/07/2023,ADA,0.3069,0.3135,0.3053,0.3077,58397987.4
Cardano,28/07/2023,ADA,0.3078,0.3134,0.3062,0.3099,46597667.1
Cardano,29/07/2023,ADA,0.3099,0.3144,0.3087,0.313,58072439
Cardano,30/07/2023,ADA,0.3129,0.3181,0.3052,0.3156,60782448
Cardano,31/07/2023,ADA,0.3157,0.319,0.3063,0.307,70168122.6
Cardano,01/08/2023,ADA,0.307,0.3106,0.2948,0.3103,87820146.1
Cardano,02/08/2023,ADA,0.3103,0.312,0.2974,0.2993,68334103.8
Cardano,03/08/2023,ADA,0.2993,0.3014,0.2888,0.2922,99581572.7
Cardano,04/08/2023,ADA,0.2923,0.2972,0.2902,0.2935,51367134.7
Cardano,05/08/2023,ADA,0.2936,0.2942,0.2901,0.2938,29967210.9
Cardano,06/08/2023,ADA,0.2938,0.2958,0.2906,0.2923,28144338
Cardano,07/08/2023,ADA,0.2922,0.2961,0.2818,0.291,69256542.6
Cardano,08/08/2023,ADA,0.291,0.3026,0.2896,0.2974,97955669.9
Cardano,09/08/2023,ADA,0.2974,0.3023,0.296,0.3013,55701452.3
Cardano,10/08/2023,ADA,0.3014,0.3018,0.296,0.2965,50339891.6
Cardano,11/08/2023,ADA,0.2965,0.2976,0.2924,0.2933,30373249.6
Cardano,12/08/2023,ADA,0.2934,0.2946,0.2907,0.2919,35784585.7
Cardano,13/08/2023,ADA,0.292,0.2936,0.2868,0.2894,49756311.8
Cardano,14/08/2023,ADA,0.2895,0.2927,0.2872,0.2906,39940476.2
Cardano,15/08/2023,ADA,0.2906,0.2911,0.2741,0.282,68128212.8
Cardano,16/08/2023,ADA,0.282,0.2829,0.2654,0.2747,112051659.2
Cardano,17/08/2023,ADA,0.2748,0.2785,0.238,0.2553,183020531.1
Cardano,18/08/2023,ADA,0.2552,0.2674,0.2547,0.264,127151195.7
Cardano,19/08/2023,ADA,0.264,0.2698,0.2603,0.2688,55279750.4
Cardano,20/08/2023,ADA,0.2688,0.2732,0.2647,0.2703,39701431
Cardano,21/08/2023,ADA,0.2703,0.2725,0.2586,0.2628,60006555.7
Cardano,22/08/2023,ADA,0.2629,0.2633,0.25,0.2588,81237011.7
Cardano,23/08/2023,ADA,0.2587,0.27,0.258,0.2681,69984062.1
Cardano,24/08/2023,ADA,0.2681,0.2714,0.2622,0.2659,49728611.9
Cardano,25/08/2023,ADA,0.2659,0.2712,0.2591,0.2612,113233017.8
Cardano,26/08/2023,ADA,0.2612,0.2618,0.2576,0.261,47226296
Cardano,27/08/2023,ADA,0.261,0.2653,0.26,0.2634,49902951.1
Cardano,28/08/2023,ADA,0.2635,0.2679,0.2576,0.2676,54934617.6
Cardano,29/08/2023,ADA,0.2676,0.2802,0.2602,0.2726,147979504.9
Cardano,30/08/2023,ADA,0.2726,0.273,0.2605,0.2654,102074556.8
Cardano,31/08/2023,ADA,0.2655,0.2667,0.2492,0.2554,92935093.3
Cardano,01/09/2023,ADA,0.2554,0.2588,0.2514,0.2551,62605625.4
Cardano,02/09/2023,ADA,0.2551,0.2574,0.2536,0.2562,21898057
Cardano,03/09/2023,ADA,0.2562,0.2569,0.2531,0.2559,33024398.4
Cardano,04/09/2023,ADA,0.2559,0.26,0.2532,0.2561,40657488.5
Cardano,05/09/2023,ADA,0.2562,0.2589,0.2538,0.2578,40887843.7
Cardano,06/09/2023,ADA,0.2578,0.2612,0.2521,0.2577,57656386.6
Cardano,07/09/2023,ADA,0.2577,0.2596,0.2531,0.2579,63998483.8
Cardano,08/09/2023,ADA,0.258,0.2597,0.2527,0.2544,54595507.4
Cardano,09/09/2023,ADA,0.2544,0.2558,0.2531,0.2533,18121235.9
Cardano,10/09/2023,ADA,0.2534,0.2534,0.2423,0.249,82463546.6
Cardano,11/09/2023,ADA,0.2491,0.2496,0.2367,0.2421,74448945.4
Cardano,12/09/2023,ADA,0.2421,0.2527,0.2408,0.2455,55963149.9
Cardano,13/09/2023,ADA,0.2455,0.25,0.2434,0.2487,42074899.2
Cardano,14/09/2023,ADA,0.2487,0.2527,0.2465,0.2513,49307776.8
Cardano,15/09/2023,ADA,0.2514,0.2552,0.2451,0.2505,68762333.2
Cardano,16/09/2023,ADA,0.2506,0.2539,0.2483,0.2503,34777177.1
Cardano,17/09/2023,ADA,0.2503,0.2513,0.2443,0.2471,42170651.7
Cardano,18/09/2023,ADA,0.2471,0.256,0.2441,0.2516,71770689.6
Cardano,19/09/2023,ADA,0.2515,0.258,0.2506,0.2548,52966563.7
Cardano,20/09/2023,ADA,0.2548,0.2565,0.25,0.2517,53146080
Cardano,21/09/2023,ADA,0.2517,0.2531,0.2448,0.2449,58361302
Cardano,22/09/2023,ADA,0.245,0.2465,0.2427,0.2449,73938896.4
Cardano,23/09/2023,ADA,0.245,0.2468,0.2436,0.2461,25631020.4
Cardano,24/09/2023,ADA,0.246,0.2463,0.2416,0.2427,27611468.8
Cardano,25/09/2023,ADA,0.2428,0.2463,0.2404,0.2459,39187490.9
Cardano,26/09/2023,ADA,0.2459,0.2479,0.243,0.2455,28346745
Cardano,27/09/2023,ADA,0.2455,0.2484,0.2426,0.2446,39114830.2
Cardano,28/09/2023,ADA,0.2447,0.2508,0.2433,0.2489,49669473.6
Cardano,29/09/2023,ADA,0.249,0.2559,0.2476,0.2494,88297074.2
Cardano,30/09/2023,ADA,0.2494,0.2548,0.2489,0.254,41541821.3
Cardano,01/10/2023,ADA,0.254,0.2679,0.2537,0.2659,78880890.4
Cardano,02/10/2023,ADA,0.2659,0.2696,0.2574,0.2591,91440764.3
Cardano,03/10/2023,ADA,0.2591,0.2646,0.2574,0.261,58464738.7
Cardano,04/10/2023,ADA,0.2609,0.2614,0.2525,0.2589,63613390.5
Cardano,05/10/2023,ADA,0.259,0.264,0.2566,0.2602,49552668.7
Cardano,06/10/2023,ADA,0.2603,0.267,0.2602,0.2646,43655463.6
Cardano,07/10/2023,ADA,0.2646,0.2657,0.2563,0.2587,52025210.8
Cardano,08/10/2023,ADA,0.2588,0.2591,0.2553,0.2563,26666220.2
Cardano,09/10/2023,ADA,0.2564,0.2586,0.2488,0.2513,75592665.2
Cardano,10/10/2023,ADA,0.2513,0.2538,0.2466,0.249,64320917.1
Cardano,11/10/2023,ADA,0.2491,0.2496,0.2447,0.2481,78623427.5
Cardano,12/10/2023,ADA,0.2481,0.2482,0.2422,0.246,35000900
Cardano,13/10/2023,ADA,0.2461,0.2498,0.2449,0.2458,35522662
Cardano,14/10/2023,ADA,0.2459,0.2478,0.2449,0.247,19550143.8
Cardano,15/10/2023,ADA,0.247,0.2484,0.2454,0.2473,23294593
Cardano,16/10/2023,ADA,0.2474,0.26,0.2472,0.2513,89063648.9
Cardano,17/10/2023,ADA,0.2514,0.2519,0.2446,0.2463,44841890.9
Cardano,18/10/2023,ADA,0.2464,0.2483,0.2422,0.243,35611192
Cardano,19/10/2023,ADA,0.243,0.247,0.2394,0.2469,47562468.3
Cardano,20/10/2023,ADA,0.247,0.2532,0.2454,0.2512,68958714.1
Cardano,21/10/2023,ADA,0.2513,0.2628,0.2495,0.2586,74687552
Cardano,22/10/2023,ADA,0.2587,0.2644,0.2553,0.2639,59063453.1
Cardano,23/10/2023,ADA,0.264,0.2813,0.2616,0.2807,138213642.7
Cardano,24/10/2023,ADA,0.2808,0.2939,0.2733,0.2792,171131052.9
Cardano,25/10/2023,ADA,0.2793,0.29,0.2762,0.2808,100707132
Cardano,26/10/2023,ADA,0.2809,0.298,0.28,0.2872,126349394.6
Cardano,27/10/2023,ADA,0.2871,0.2926,0.2806,0.2893,59005757.2
Cardano,28/10/2023,ADA,0.2893,0.2975,0.2887,0.2909,43195418.6
Cardano,29/10/2023,ADA,0.2909,0.2986,0.2881,0.2954,45363693.5
Cardano,30/10/2023,ADA,0.2955,0.3031,0.292,0.3031,88760107.7
Cardano,31/10/2023,ADA,0.3031,0.3046,0.2845,0.293,115945883.2
Cardano,01/11/2023,ADA,0.2929,0.3087,0.2839,0.3071,144162060.8
Cardano,02/11/2023,ADA,0.3072,0.3295,0.2981,0.323,201974366.4
Cardano,03/11/2023,ADA,0.3231,0.3296,0.3114,0.3292,134180972.4
Cardano,04/11/2023,ADA,0.3291,0.3306,0.3208,0.3278,63442713.4
Cardano,05/11/2023,ADA,0.3278,0.35,0.326,0.3419,130046711.3
Cardano,06/11/2023,ADA,0.3419,0.3757,0.3373,0.3624,179872075.7
Cardano,07/11/2023,ADA,0.3624,0.3655,0.3335,0.3512,204897945.9
Cardano,08/11/2023,ADA,0.3512,0.3603,0.3486,0.3577,113764823.7
Cardano,09/11/2023,ADA,0.3577,0.3864,0.3417,0.3684,275776697.4
Cardano,10/11/2023,ADA,0.3685,0.3886,0.3626,0.3859,191392833.4
Cardano,11/11/2023,ADA,0.386,0.3951,0.3694,0.3844,197565105.7
Cardano,12/11/2023,ADA,0.3844,0.3914,0.3705,0.3834,131765655.6
Cardano,13/11/2023,ADA,0.3835,0.3885,0.3529,0.3568,173268736.2
Cardano,14/11/2023,ADA,0.3568,0.3719,0.34,0.3579,162292352.2
Cardano,15/11/2023,ADA,0.3579,0.3794,0.3534,0.3788,127946698
Cardano,16/11/2023,ADA,0.3787,0.4095,0.3585,0.3706,307196631.1
Cardano,17/11/2023,ADA,0.3707,0.3783,0.3527,0.3671,142430049.9
Cardano,18/11/2023,ADA,0.3671,0.3777,0.3488,0.3772,112215311.8
Cardano,19/11/2023,ADA,0.3771,0.3857,0.3687,0.384,101902781.3
Cardano,20/11/2023,ADA,0.384,0.3994,0.378,0.3804,132991378.7
Cardano,21/11/2023,ADA,0.3803,0.3899,0.3551,0.3566,169158003.7
Cardano,22/11/2023,ADA,0.3566,0.3874,0.3553,0.3805,93647895.7
Cardano,23/11/2023,ADA,0.3805,0.3874,0.376,0.3873,68175668.9
Cardano,24/11/2023,ADA,0.3872,0.3977,0.3836,0.3862,108957051.4
Cardano,25/11/2023,ADA,0.3862,0.3959,0.3845,0.3941,52139797.7
Cardano,26/11/2023,ADA,0.3942,0.3956,0.3782,0.3873,64465067.7
Cardano,27/11/2023,ADA,0.3874,0.3922,0.3712,0.3777,70669351.5
Cardano,28/11/2023,ADA,0.3778,0.3883,0.3693,0.3858,79174386.6
Cardano,29/11/2023,ADA,0.3857,0.3892,0.3775,0.3816,68200523.6
Cardano,30/11/2023,ADA,0.3817,0.3829,0.3719,0.3759,59930456.8
Cardano,01/12/2023,ADA,0.376,0.3855,0.3736,0.3844,56334397.5
Cardano,02/12/2023,ADA,0.3844,0.398,0.3827,0.3976,68638568.3
Cardano,03/12/2023,ADA,0.3976,0.403,0.3878,0.3949,91882676.8
Cardano,04/12/2023,ADA,0.3948,0.415,0.3911,0.4068,177280730.9
Cardano,05/12/2023,ADA,0.4069,0.426,0.3969,0.4257,153779346.5
Cardano,06/12/2023,ADA,0.4258,0.455,0.4162,0.4429,270929667.9
Cardano,07/12/2023,ADA,0.4431,0.4599,0.4312,0.4555,180487882.7
Cardano,08/12/2023,ADA,0.4555,0.5719,0.4519,0.5454,514331728.7
Cardano,09/12/2023,ADA,0.5455,0.6474,0.5441,0.5791,716161289.8
Cardano,10/12/2023,ADA,0.5791,0.6167,0.5694,0.5948,307447745.2
Cardano,11/12/2023,ADA,0.5947,0.5984,0.5106,0.5507,403945042.2
Cardano,12/12/2023,ADA,0.5507,0.6075,0.5506,0.5784,348838584.3
Cardano,13/12/2023,ADA,0.5784,0.6788,0.5419,0.6675,493921678.8
Cardano,14/12/2023,ADA,0.6677,0.68,0.61,0.6433,345212494.2
Cardano,15/12/2023,ADA,0.6433,0.6541,0.5998,0.6004,240571744.1
Cardano,16/12/2023,ADA,0.6004,0.6258,0.5865,0.6078,152365355.7
Cardano,17/12/2023,ADA,0.6078,0.6182,0.5772,0.5804,133192915.3
Cardano,18/12/2023,ADA,0.5805,0.6032,0.5435,0.6021,204175142
Cardano,19/12/2023,ADA,0.602,0.6173,0.5661,0.5761,198847462.1
Cardano,20/12/2023,ADA,0.576,0.61,0.5686,0.5894,198909767.8
Cardano,21/12/2023,ADA,0.5893,0.6397,0.5818,0.6351,226299061.9
Cardano,22/12/2023,ADA,0.6352,0.6513,0.6052,0.6226,214849930.8
Cardano,23/12/2023,ADA,0.6225,0.6231,0.5964,0.613,126272911.7
Cardano,24/12/2023,ADA,0.613,0.6286,0.585,0.5919,217308386
Cardano,25/12/2023,ADA,0.5919,0.635,0.589,0.6242,163634887.8
Cardano,26/12/2023,ADA,0.624,0.6279,0.5601,0.6087,221963239.7
Cardano,27/12/2023,ADA,0.6087,0.643,0.5839,0.6334,229068834.3
Cardano,28/12/2023,ADA,0.6334,0.6769,0.61,0.6158,321217533.2
Cardano,29/12/2023,ADA,0.6158,0.6258,0.5908,0.6083,195162581
Cardano,30/12/2023,ADA,0.6082,0.6133,0.5929,0.6011,96059388.4
Cardano,31/12/2023,ADA,0.601,0.61,0.58,0.594,104191519.8
Cardano,01/01/2024,ADA,0.5939,0.624,0.5902,0.6232,91021386.4
Cardano,02/01/2024,ADA,0.6233,0.637,0.6015,0.605,160535672.8
Cardano,03/01/2024,ADA,0.6051,0.6188,0.5,0.5569,319806612.8
Cardano,04/01/2024,ADA,0.5568,0.5791,0.5491,0.5699,149952088
Cardano,05/01/2024,ADA,0.57,0.5726,0.522,0.5414,152848545.9
Cardano,06/01/2024,ADA,0.5413,0.5429,0.5068,0.5227,120959496.4
Cardano,07/01/2024,ADA,0.5227,0.53,0.4877,0.4945,111767718.9
Cardano,08/01/2024,ADA,0.4945,0.5487,0.4643,0.5412,216099815.2
Cardano,09/01/2024,ADA,0.5412,0.5436,0.4964,0.5124,168923575.1
Cardano,10/01/2024,ADA,0.5123,0.5895,0.4872,0.566,279571914.5
Cardano,11/01/2024,ADA,0.5662,0.6174,0.5607,0.582,287865723.4
Cardano,12/01/2024,ADA,0.582,0.5891,0.5271,0.5476,158309249.6
Cardano,13/01/2024,ADA,0.5477,0.554,0.531,0.5491,73966558.1
Cardano,14/01/2024,ADA,0.5491,0.5502,0.5233,0.5251,74139564.7
Cardano,15/01/2024,ADA,0.5251,0.5416,0.5217,0.5276,63585526
Cardano,16/01/2024,ADA,0.5276,0.5482,0.525,0.5356,74354014.5
Cardano,17/01/2024,ADA,0.5356,0.5395,0.5213,0.5282,63933793
Cardano,18/01/2024,ADA,0.5282,0.5283,0.4955,0.5026,92941269.5
Cardano,19/01/2024,ADA,0.5027,0.5054,0.4713,0.5044,119926942
Cardano,20/01/2024,ADA,0.5043,0.5179,0.4986,0.516,79444228.6
Cardano,21/01/2024,ADA,0.5159,0.5205,0.5024,0.5032,54007901.7
Cardano,22/01/2024,ADA,0.5031,0.5063,0.4767,0.4786,143854450
Cardano,23/01/2024,ADA,0.4787,0.4863,0.4477,0.4773,179364936.7
Cardano,24/01/2024,ADA,0.4773,0.4805,0.4643,0.4765,94074417.5
Cardano,25/01/2024,ADA,0.4766,0.4841,0.4585,0.4666,85672497.7
Cardano,26/01/2024,ADA,0.4667,0.4904,0.463,0.4849,106524727.9
Cardano,27/01/2024,ADA,0.485,0.49,0.4754,0.4862,55368149.5
Cardano,28/01/2024,ADA,0.4862,0.5006,0.4834,0.4903,97129557.5
Cardano,29/01/2024,ADA,0.4903,0.5282,0.4836,0.526,121001422.1
Cardano,30/01/2024,ADA,0.5261,0.5367,0.5122,0.5136,131938020.8
Cardano,31/01/2024,ADA,0.5137,0.5203,0.4932,0.4976,132999623.5
Cardano,01/02/2024,ADA,0.4976,0.5084,0.4858,0.5078,97823370.7
Cardano,02/02/2024,ADA,0.5077,0.5244,0.5041,0.5146,109308591.4
Cardano,03/02/2024,ADA,0.5147,0.5257,0.5117,0.5124,62959942.6
Cardano,04/02/2024,ADA,0.5125,0.5126,0.4932,0.4934,57766921.8
Cardano,05/02/2024,ADA,0.4933,0.5062,0.4872,0.4944,74074301.1
Cardano,06/02/2024,ADA,0.4944,0.5042,0.4887,0.4983,74173617.7
Cardano,07/02/2024,ADA,0.4982,0.5025,0.4727,0.5022,180295685.6
Cardano,08/02/2024,ADA,0.5023,0.5361,0.502,0.5304,228609030.6
Cardano,09/02/2024,ADA,0.5304,0.5485,0.5278,0.5407,154515283
Cardano,10/02/2024,ADA,0.5407,0.5581,0.528,0.5515,115859589.7
Cardano,11/02/2024,ADA,0.5515,0.5654,0.5353,0.5414,159388533.1
Cardano,12/02/2024,ADA,0.5415,0.5658,0.5306,0.5592,156086926.2
