Name,Date,Symbol,Open,High,Low,Close,Volume BTC
Bitcoin,22/09/2020,BTC,10417.22,10572.71,10353,10529.61,43991.23548
Bitcoin,23/09/2020,BTC,10529.61,10537.15,10136.82,10241.46,51876.56808
Bitcoin,24/09/2020,BTC,10241.46,10795.24,10190.93,10736.32,57676.61943
Bitcoin,25/09/2020,BTC,10736.33,10760.53,10556.24,10686.67,48101.11701
Bitcoin,26/09/2020,BTC,10686.57,10820.94,10644.68,10728.6,28420.83666
Bitcoin,27/09/2020,BTC,10728.59,10799,10594.82,10774.25,30549.48325
Bitcoin,28/09/2020,BTC,10774.26,10950,10626,10696.12,50095.25173
Bitcoin,29/09/2020,BTC,10696.11,10867.54,10635.87,10840.48,41874.8984
Bitcoin,30/09/2020,BTC,10840.58,10849.34,10665.13,10776.59,39596.02732
Bitcoin,01/10/2020,BTC,10776.59,10920,10437,10619.13,60866.33289
Bitcoin,02/10/2020,BTC,10619.13,10664.64,10374,10570.4,50130.39371
Bitcoin,03/10/2020,BTC,10570.4,10603.56,10496.46,10542.06,22298.22134
Bitcoin,04/10/2020,BTC,10542.07,10696.87,10517.87,10666.63,23212.0016
Bitcoin,05/10/2020,BTC,10666.62,10798,10615.64,10792.21,34025.76165
Bitcoin,06/10/2020,BTC,10792.2,10800,10525,10599.66,48674.74047
Bitcoin,07/10/2020,BTC,10599.65,10681.87,10546.17,10666.39,32811.99028
Bitcoin,08/10/2020,BTC,10666.4,10950,10530.41,10925.57,51959.69157
Bitcoin,09/10/2020,BTC,10925.44,11104.64,10829,11050.64,48240.07324
Bitcoin,10/10/2020,BTC,11050.64,11491,11050.51,11293.22,43648.03694
Bitcoin,11/10/2020,BTC,11293.22,11445,11221,11369.02,29043.85134
Bitcoin,12/10/2020,BTC,11369.02,11720.01,11172,11528.25,52825.28371
Bitcoin,13/10/2020,BTC,11528.24,11557,11300,11420.56,42205.28371
Bitcoin,14/10/2020,BTC,11420.57,11547.98,11280,11417.89,41415.10602
Bitcoin,15/10/2020,BTC,11417.89,11617.34,11250.83,11505.12,48760.71768
Bitcoin,16/10/2020,BTC,11505.13,11541.15,11200,11319.32,48797.7495
Bitcoin,17/10/2020,BTC,11319.24,11402.42,11255,11360.2,22368.91524
Bitcoin,18/10/2020,BTC,11360.31,11505,11346.22,11503.14,23284.04119
Bitcoin,19/10/2020,BTC,11503.14,11823.99,11407.96,11751.47,47414.53469
Bitcoin,20/10/2020,BTC,11751.46,12038.38,11677.59,11909.99,62134.75066
Bitcoin,21/10/2020,BTC,11910,13217.68,11886.95,12780.96,114584.4568
Bitcoin,22/10/2020,BTC,12780.75,13185,12678.08,12968.52,70038.82414
Bitcoin,23/10/2020,BTC,12968.84,13027.69,12720.08,12923.07,50386.99984
Bitcoin,24/10/2020,BTC,12923.06,13166.73,12870,13111.73,35952.20907
Bitcoin,25/10/2020,BTC,13111.73,13350,12888,13028.83,38481.5795
Bitcoin,26/10/2020,BTC,13029.64,13238.81,12765,13052.19,60951.67299
Bitcoin,27/10/2020,BTC,13052.15,13789.29,13019.87,13636.17,80796.554
Bitcoin,28/10/2020,BTC,13636.16,13859.48,12888,13266.4,94440.56123
Bitcoin,29/10/2020,BTC,13266.4,13642.91,12920.77,13455.7,74872.60213
Bitcoin,30/10/2020,BTC,13455.69,13669.98,13115,13560.1,70657.77888
Bitcoin,31/10/2020,BTC,13560.1,14100,13411.5,13791,67339.23852
Bitcoin,01/11/2020,BTC,13791,13895,13603,13761.5,36285.64853
Bitcoin,02/11/2020,BTC,13761.49,13830,13195.05,13549.37,64566.42191
Bitcoin,03/11/2020,BTC,13549.63,14066.11,13284.99,14023.53,74115.63079
Bitcoin,04/11/2020,BTC,14023.53,14259,13525,14144.01,93016.98826
Bitcoin,05/11/2020,BTC,14144.01,15750,14093.56,15590.02,143741.5227
Bitcoin,06/11/2020,BTC,15590.02,15960,15166,15579.92,122618.1977
Bitcoin,07/11/2020,BTC,15579.93,15753.52,14344.22,14818.3,101431.2066
Bitcoin,08/11/2020,BTC,14818.3,15650,14703.88,15475.1,65547.17857
Bitcoin,09/11/2020,BTC,15475.1,15840,14805.54,15328.41,108976.3341
Bitcoin,10/11/2020,BTC,15328.41,15460,15072.46,15297.21,61681.91961
Bitcoin,11/11/2020,BTC,15297.21,15965,15272.68,15684.24,78469.74646
Bitcoin,12/11/2020,BTC,15684.25,16340.7,15440.64,16291.86,102196.3566
Bitcoin,13/11/2020,BTC,16291.85,16480,15952.35,16320.7,75691.88101
Bitcoin,14/11/2020,BTC,16320.04,16326.99,15670,16070.45,59116.34718
Bitcoin,15/11/2020,BTC,16069.56,16180,15774.72,15957,43596.84151
Bitcoin,16/11/2020,BTC,15957,16880,15864,16713.57,81300.67592
Bitcoin,17/11/2020,BTC,16713.08,17858.82,16538,17659.38,115221.4031
Bitcoin,18/11/2020,BTC,17659.38,18476.93,17214.45,17776.12,149019.7881
Bitcoin,19/11/2020,BTC,17777.75,18179.8,17335.65,17802.82,93009.56101
Bitcoin,20/11/2020,BTC,17802.81,18815.22,17740.04,18655.67,88423.01849
Bitcoin,21/11/2020,BTC,18655.66,18965.9,18308.58,18703.8,75577.45839
Bitcoin,22/11/2020,BTC,18703.8,18750,17610.86,18414.43,81645.73778
Bitcoin,23/11/2020,BTC,18413.88,18766,18000,18368,82961.50609
Bitcoin,24/11/2020,BTC,18368.01,19418.97,18018,19160.01,113581.5092
Bitcoin,25/11/2020,BTC,19160,19484.21,18500.27,18719.11,93266.57689
Bitcoin,26/11/2020,BTC,18718.83,18915.03,16188,17149.47,181005.2467
Bitcoin,27/11/2020,BTC,17149.47,17457.62,16438.08,17139.52,85297.02479
Bitcoin,28/11/2020,BTC,17139.53,17880.49,16865.56,17719.85,64910.69997
Bitcoin,29/11/2020,BTC,17719.84,18360.05,17517,18184.99,55329.0163
Bitcoin,30/11/2020,BTC,18185,19863.16,18184.99,19695.87,115463.4669
Bitcoin,01/12/2020,BTC,19695.87,19888,18001.12,18764.96,127698.7627
Bitcoin,02/12/2020,BTC,18764.96,19342,18330,19204.09,75911.01348
Bitcoin,03/12/2020,BTC,19204.08,19598,18867.2,19421.9,66689.39128
Bitcoin,04/12/2020,BTC,19422.34,19527,18565.31,18650.52,71283.6682
Bitcoin,05/12/2020,BTC,18650.51,19177,18500,19147.66,42922.74857
Bitcoin,06/12/2020,BTC,19147.66,19420,18857,19359.4,37043.09186
Bitcoin,07/12/2020,BTC,19358.67,19420.91,18902.88,19166.9,41372.29629
Bitcoin,08/12/2020,BTC,19166.9,19294.84,18200,18324.11,61626.94761
Bitcoin,09/12/2020,BTC,18324.11,18639.57,17650,18541.28,79585.5538
Bitcoin,10/12/2020,BTC,18541.29,18557.32,17911.12,18254.63,52890.67509
Bitcoin,11/12/2020,BTC,18254.81,18292.73,17572.33,18036.53,72610.72426
Bitcoin,12/12/2020,BTC,18036.53,18948.66,18020.7,18808.69,49519.97843
Bitcoin,13/12/2020,BTC,18808.69,19411,18711.12,19174.99,56560.82174
Bitcoin,14/12/2020,BTC,19174.99,19349,19000,19273.14,47257.20129
Bitcoin,15/12/2020,BTC,19273.69,19570,19050,19426.43,61834.36601
Bitcoin,16/12/2020,BTC,19426.43,21560,19278.6,21335.52,114306.3356
Bitcoin,17/12/2020,BTC,21335.52,23800,21230,22797.16,184882.4767
Bitcoin,18/12/2020,BTC,22797.15,23285.18,22350,23107.39,79646.13432
Bitcoin,19/12/2020,BTC,23107.39,24171.47,22750,23821.61,86045.06468
Bitcoin,20/12/2020,BTC,23821.6,24295,23060,23455.52,76690.14569
Bitcoin,21/12/2020,BTC,23455.54,24102.77,21815,22719.71,88030.29724
Bitcoin,22/12/2020,BTC,22719.88,23837.1,22353.4,23810.79,87033.12616
Bitcoin,23/12/2020,BTC,23810.79,24100,22600,23232.76,119047.2597
Bitcoin,24/12/2020,BTC,23232.39,23794.43,22703.42,23729.2,69013.83425
Bitcoin,25/12/2020,BTC,23728.99,24789.86,23433.6,24712.47,79519.94357
Bitcoin,26/12/2020,BTC,24712.47,26867.03,24500,26493.39,97806.51339
Bitcoin,27/12/2020,BTC,26493.4,28422,25700,26281.66,148455.5862
Bitcoin,28/12/2020,BTC,26281.54,27500,26101,27079.41,79721.7425
Bitcoin,29/12/2020,BTC,27079.42,27410,25880,27385,69411.59261
Bitcoin,30/12/2020,BTC,27385,28996,27320,28875.54,95356.05783
Bitcoin,31/12/2020,BTC,28875.55,29300,27850,28923.63,75508.50515
Bitcoin,01/01/2021,BTC,28923.63,29600,28624.57,29331.69,54182.92501
Bitcoin,02/01/2021,BTC,29331.7,33300,28946.53,32178.33,129993.8734
Bitcoin,03/01/2021,BTC,32176.45,34778.11,31962.99,33000.05,120957.5668
Bitcoin,04/01/2021,BTC,33000.05,33600,28130,31988.71,140899.8857
Bitcoin,05/01/2021,BTC,31989.75,34360,29900,33949.53,116049.997
Bitcoin,06/01/2021,BTC,33949.53,36939.21,33288,36769.36,127139.2013
Bitcoin,07/01/2021,BTC,36769.36,40365,36300,39432.28,132825.7004
Bitcoin,08/01/2021,BTC,39432.48,41950,36500,40582.81,139789.9575
Bitcoin,09/01/2021,BTC,40586.96,41380,38720,40088.22,75785.97968
Bitcoin,10/01/2021,BTC,40088.22,41350,35111.11,38150.02,118209.5445
Bitcoin,11/01/2021,BTC,38150.02,38264.74,30420,35404.47,249131.5399
Bitcoin,12/01/2021,BTC,35410.37,36628,32531,34051.24,133948.152
Bitcoin,13/01/2021,BTC,34049.15,37850,32380,37371.38,124477.9149
Bitcoin,14/01/2021,BTC,37371.38,40100,36701.23,39144.5,102950.3894
Bitcoin,15/01/2021,BTC,39145.21,39747.76,34408,36742.22,118300.9209
Bitcoin,16/01/2021,BTC,36737.43,37950,35357.8,35994.98,86348.43151
Bitcoin,17/01/2021,BTC,35994.98,36852.5,33850,35828.61,80157.72738
Bitcoin,18/01/2021,BTC,35824.99,37469.83,34800,36631.27,70698.11875
Bitcoin,19/01/2021,BTC,36622.46,37850,35844.06,35891.49,79611.30777
Bitcoin,20/01/2021,BTC,35901.94,36415.31,33400,35468.23,89368.42292
Bitcoin,21/01/2021,BTC,35468.23,35600,30071,30850.13,131803.1829
Bitcoin,22/01/2021,BTC,30851.99,33826.53,28850,32945.17,142971.684
Bitcoin,23/01/2021,BTC,32950,33456,31390.16,32078,64595.28768
Bitcoin,24/01/2021,BTC,32078,33071,30900,32259.9,57978.03797
Bitcoin,25/01/2021,BTC,32259.45,34875,31910,32254.2,88499.22692
Bitcoin,26/01/2021,BTC,32254.19,32921.88,30837.37,32467.77,84972.20691
Bitcoin,27/01/2021,BTC,32464.01,32557.29,29241.72,30366.15,95911.96171
Bitcoin,28/01/2021,BTC,30362.19,33783.98,29842.1,33364.86,92621.14562
Bitcoin,29/01/2021,BTC,33368.18,38531.9,31915.4,34252.2,231827.0056
Bitcoin,30/01/2021,BTC,34246.28,34933,32825,34262.88,84889.68134
Bitcoin,31/01/2021,BTC,34262.89,34342.69,32171.67,33092.98,68742.28038
Bitcoin,01/02/2021,BTC,33092.97,34717.27,32296.16,33526.37,82718.27688
Bitcoin,02/02/2021,BTC,33517.09,35984.33,33418,35466.24,78056.65988
Bitcoin,03/02/2021,BTC,35472.71,37662.63,35362.38,37618.87,80784.33366
Bitcoin,04/02/2021,BTC,37620.26,38708.27,36161.95,36936.66,92080.7359
Bitcoin,05/02/2021,BTC,36936.65,38310.12,36570,38290.24,66681.33428
Bitcoin,06/02/2021,BTC,38289.32,40955.51,38215.94,39186.94,98757.31118
Bitcoin,07/02/2021,BTC,39181.01,39700,37351,38795.69,84363.67976
Bitcoin,08/02/2021,BTC,38795.69,46794.45,37988.89,46374.87,138597.5369
Bitcoin,09/02/2021,BTC,46374.86,48142.19,44961.09,46420.42,115499.8617
Bitcoin,10/02/2021,BTC,46420.42,47310,43727,44807.58,97154.1822
Bitcoin,11/02/2021,BTC,44807.58,48678.9,43994.02,47969.51,89561.08145
Bitcoin,12/02/2021,BTC,47968.66,48985.8,46125,47287.6,85870.0357
Bitcoin,13/02/2021,BTC,47298.15,48150,46202.53,47153.69,63768.0974
Bitcoin,14/02/2021,BTC,47156.78,49707.43,47014.17,48577.79,73735.47553
Bitcoin,15/02/2021,BTC,48580.47,49010.92,45570.79,47911.1,79398.15678
Bitcoin,16/02/2021,BTC,47911.1,50689.18,47003.62,49133.45,88813.2663
Bitcoin,17/02/2021,BTC,49133.45,52618.74,48947,52119.71,85743.63782
Bitcoin,18/02/2021,BTC,52117.67,52530,50901.9,51552.6,60758.04695
Bitcoin,19/02/2021,BTC,51552.61,56368,50710.2,55906,79659.77802
Bitcoin,20/02/2021,BTC,55906,57700.46,53863.93,55841.19,80948.20531
Bitcoin,21/02/2021,BTC,55841.19,58352.8,55477.59,57408.57,58166.70851
Bitcoin,22/02/2021,BTC,57412.35,57508.47,47622,54087.67,134019.4349
Bitcoin,23/02/2021,BTC,54087.67,54183.59,44892.56,48891,169375.0251
Bitcoin,24/02/2021,BTC,48891,51374.99,46988.69,49676.2,91881.20925
Bitcoin,25/02/2021,BTC,49676.21,52041.73,46674.34,47073.73,83310.67312
Bitcoin,26/02/2021,BTC,47073.73,48424.11,44106.78,46276.87,109423.2007
Bitcoin,27/02/2021,BTC,46276.88,48394,45000,46106.43,66060.83429
Bitcoin,28/02/2021,BTC,46103.67,46638.46,43000,45135.66,83055.36904
Bitcoin,01/03/2021,BTC,45134.11,49790,44950.53,49587.03,85086.11165
Bitcoin,02/03/2021,BTC,49595.76,50200,47047.6,48440.65,64221.06214
Bitcoin,03/03/2021,BTC,48436.61,52640,48100.71,50349.37,81035.91371
Bitcoin,04/03/2021,BTC,50349.37,51773.88,47500,48374.09,82649.71683
Bitcoin,05/03/2021,BTC,48374.09,49448.93,46300,48751.71,78192.49637
Bitcoin,06/03/2021,BTC,48746.81,49200,47070,48882.2,44399.23424
Bitcoin,07/03/2021,BTC,48882.2,51450.03,48882.2,50971.75,55235.02803
Bitcoin,08/03/2021,BTC,50959.11,52402.78,49274.67,52375.17,66987.35966
Bitcoin,09/03/2021,BTC,52375.18,54895,51789.41,54884.5,71656.73708
Bitcoin,10/03/2021,BTC,54874.67,57387.69,53005,55851.59,84749.23894
Bitcoin,11/03/2021,BTC,55851.59,58150,54272.82,57773.16,81914.81286
Bitcoin,12/03/2021,BTC,57773.15,58081.51,54962.84,57221.72,73405.40605
Bitcoin,13/03/2021,BTC,57221.72,61844,56078.23,61188.39,83245.09135
Bitcoin,14/03/2021,BTC,61188.38,61724.79,58966.78,58968.31,52601.05275
Bitcoin,15/03/2021,BTC,58976.08,60633.43,54600,55605.2,102771.4273
Bitcoin,16/03/2021,BTC,55605.2,56938.29,53271.34,56900.75,77986.69436
Bitcoin,17/03/2021,BTC,56900.74,58974.73,54123.69,58912.97,70421.62084
Bitcoin,18/03/2021,BTC,58912.97,60129.97,57023,57648.16,66580.40668
Bitcoin,19/03/2021,BTC,57641,59468,56270.74,58030.01,52392.65296
Bitcoin,20/03/2021,BTC,58030.01,59880,57820.17,58102.28,44476.94178
Bitcoin,21/03/2021,BTC,58100.02,58589.1,55450.11,57351.56,48564.47027
Bitcoin,22/03/2021,BTC,57351.56,58430.73,53650,54083.25,62581.62617
Bitcoin,23/03/2021,BTC,54083.25,55830.9,53000,54340.89,59789.36543
Bitcoin,24/03/2021,BTC,54342.8,57200,51700,52303.65,83537.46502
Bitcoin,25/03/2021,BTC,52303.66,53287,50427.56,51293.78,87400.53454
Bitcoin,26/03/2021,BTC,51293.78,55073.46,51214.6,55025.59,63813.77469
Bitcoin,27/03/2021,BTC,55025.59,56700.36,53950,55817.14,50105.47506
Bitcoin,28/03/2021,BTC,55817.14,56559.75,54691.84,55777.63,39050.38751
Bitcoin,29/03/2021,BTC,55777.65,58405.82,54800.01,57635.47,67857.9374
Bitcoin,30/03/2021,BTC,57635.46,59368,57071.35,58746.57,55122.44312
Bitcoin,31/03/2021,BTC,58746.57,59800,56769,58740.55,60975.54267
Bitcoin,01/04/2021,BTC,58739.46,59490,57935.45,58720.44,47415.61722
Bitcoin,02/04/2021,BTC,58720.45,60200,58428.57,58950.01,47382.41878
Bitcoin,03/04/2021,BTC,58950.01,59791.72,56880,57051.94,47409.85211
Bitcoin,04/04/2021,BTC,57051.95,58492.85,56388,58202.01,41314.08197
Bitcoin,05/04/2021,BTC,58202.01,59272,56777.77,59129.99,54258.01579
Bitcoin,06/04/2021,BTC,59129.99,59495.24,57413.02,57991.15,54201.00073
Bitcoin,07/04/2021,BTC,57990.03,58655,55473,55953.45,71228.40566
Bitcoin,08/04/2021,BTC,55953.44,58153.31,55700,58077.52,44283.14702
Bitcoin,09/04/2021,BTC,58077.52,58894.9,57654,58142.54,40831.88491
Bitcoin,10/04/2021,BTC,58142.55,61500,57900.01,59769.13,69906.42412
Bitcoin,11/04/2021,BTC,59769.13,60699,59232.52,60002.43,41156.71539
Bitcoin,12/04/2021,BTC,59998.8,61300,59350.59,59860,56375.03712
Bitcoin,13/04/2021,BTC,59860.01,63777.77,59805.15,63575,82848.68875
Bitcoin,14/04/2021,BTC,63575.01,64854,61301,62959.53,82616.34399
Bitcoin,15/04/2021,BTC,62959.53,63800,62020,63159.98,51649.70034
Bitcoin,16/04/2021,BTC,63158.74,63520.61,60000,61334.8,91764.13988
Bitcoin,17/04/2021,BTC,61334.81,62506.05,59580.91,60006.66,58912.25613
Bitcoin,18/04/2021,BTC,60006.67,60499,50931.3,56150.01,124882.1318
Bitcoin,19/04/2021,BTC,56150.01,57526.81,54221.58,55633.14,78229.04227
Bitcoin,20/04/2021,BTC,55633.14,57076.24,53329.96,56425,72744.48215
Bitcoin,21/04/2021,BTC,56425,56757.91,53536.02,53787.63,66984.75691
Bitcoin,22/04/2021,BTC,53787.62,55521.48,50500,51690.96,104656.6313
Bitcoin,23/04/2021,BTC,51690.95,52131.85,47500,51125.14,132230.7807
Bitcoin,24/04/2021,BTC,51110.56,51166.22,48657.14,50047.84,55361.51257
Bitcoin,25/04/2021,BTC,50047.84,50567.91,46930,49066.77,58255.645
Bitcoin,26/04/2021,BTC,49066.76,54356.62,48753.44,54001.39,86310.80212
Bitcoin,27/04/2021,BTC,54001.38,55460,53222,55011.97,54064.03468
Bitcoin,28/04/2021,BTC,55011.97,56428,53813.16,54846.22,55130.45902
Bitcoin,29/04/2021,BTC,54846.23,55195.84,52330.94,53555,52486.01946
Bitcoin,30/04/2021,BTC,53555,57963,53013.01,57694.27,68578.91005
Bitcoin,01/05/2021,BTC,57697.25,58458.07,56956.14,57800.37,42600.35184
Bitcoin,02/05/2021,BTC,57797.35,57911.02,56035.25,56578.21,36812.87886
Bitcoin,03/05/2021,BTC,56578.21,58981.44,56435,57169.39,57649.93129
Bitcoin,04/05/2021,BTC,57169.39,57200,53046.69,53200.01,85324.6259
Bitcoin,05/05/2021,BTC,53205.05,58069.82,52900,57436.11,77263.92344
Bitcoin,06/05/2021,BTC,57436.11,58360,55200,56393.68,70181.67191
Bitcoin,07/05/2021,BTC,56393.68,58650,55241.63,57314.75,74542.74783
Bitcoin,08/05/2021,BTC,57315.49,59500,56900,58862.05,69709.90603
Bitcoin,09/05/2021,BTC,58866.53,59300,56235.66,58240.84,69806.11991
Bitcoin,10/05/2021,BTC,58240.83,59500,53400,55816.14,89586.34925
Bitcoin,11/05/2021,BTC,55816.14,56862.43,54370,56670.02,64329.54055
Bitcoin,12/05/2021,BTC,56670.02,58000.01,48600,49631.32,99842.78984
Bitcoin,13/05/2021,BTC,49537.15,51367.19,46000,49670.97,147332.0021
Bitcoin,14/05/2021,BTC,49671.92,51483,48799.75,49841.45,80082.20431
Bitcoin,15/05/2021,BTC,49844.16,50700,46555,46762.99,89437.44936
Bitcoin,16/05/2021,BTC,46762.99,49795.89,43825.39,46431.5,114269.8128
Bitcoin,17/05/2021,BTC,46426.83,46686,42001,43538.04,166657.1727
Bitcoin,18/05/2021,BTC,43538.02,45799.29,42250.02,42849.78,116979.8608
Bitcoin,19/05/2021,BTC,42849.78,43584.9,30000,36690.09,354347.2432
Bitcoin,20/05/2021,BTC,36671.23,42451.67,34850,40526.64,203017.5969
Bitcoin,21/05/2021,BTC,40525.39,42200,33488,37252.01,202100.8883
Bitcoin,22/05/2021,BTC,37263.35,38829,35200.62,37449.73,126542.2437
Bitcoin,23/05/2021,BTC,37458.51,38270.64,31111.01,34655.25,217136.0466
Bitcoin,24/05/2021,BTC,34681.44,39920,34031,38796.29,161630.894
Bitcoin,25/05/2021,BTC,38810.99,39791.77,36419.62,38324.72,111996.2284
Bitcoin,26/05/2021,BTC,38324.72,40841,37800.44,39241.91,104780.7734
Bitcoin,27/05/2021,BTC,39241.92,40411.14,37134.27,38529.98,86547.15879
Bitcoin,28/05/2021,BTC,38529.99,38877.83,34684,35663.49,135377.6297
Bitcoin,29/05/2021,BTC,35661.79,37338.58,33632.76,34605.15,112663.0927
Bitcoin,30/05/2021,BTC,34605.15,36488,33379,35641.27,73535.38697
Bitcoin,31/05/2021,BTC,35641.26,37499,34153.84,37253.81,94160.73529
Bitcoin,01/06/2021,BTC,37253.82,37894.81,35666,36693.09,81234.66377
Bitcoin,02/06/2021,BTC,36694.85,38225,35920,37568.68,67587.3725
Bitcoin,03/06/2021,BTC,37568.68,39476,37170,39246.79,75889.10601
Bitcoin,04/06/2021,BTC,39246.78,39289.07,35555.15,36829,91317.79925
Bitcoin,05/06/2021,BTC,36829.15,37925,34800,35513.2,70459.62149
Bitcoin,06/06/2021,BTC,35516.07,36480,35222,35796.31,47650.20664
Bitcoin,07/06/2021,BTC,35796.31,36900,33300,33552.79,77574.95257
Bitcoin,08/06/2021,BTC,33556.96,34068.01,31000,33380.81,123251.189
Bitcoin,09/06/2021,BTC,33380.8,37534.79,32396.82,37388.05,136607.5975
Bitcoin,10/06/2021,BTC,37388.05,38491,35782,36675.72,109527.2849
Bitcoin,11/06/2021,BTC,36677.83,37680.4,35936.77,37331.98,78466.0053
Bitcoin,12/06/2021,BTC,37331.98,37463.63,34600.36,35546.11,87717.54999
Bitcoin,13/06/2021,BTC,35546.12,39380,34757,39020.57,86921.02556
Bitcoin,14/06/2021,BTC,39020.56,41064.05,38730,40516.29,108522.3919
Bitcoin,15/06/2021,BTC,40516.28,41330,39506.4,40144.04,80679.62284
Bitcoin,16/06/2021,BTC,40143.8,40527.14,38116.01,38349.01,87771.97694
Bitcoin,17/06/2021,BTC,38349,39559.88,37365,38092.97,79541.30712
Bitcoin,18/06/2021,BTC,38092.97,38202.84,35129.29,35819.84,95228.04294
Bitcoin,19/06/2021,BTC,35820.48,36457,34803.52,35483.72,68712.44946
Bitcoin,20/06/2021,BTC,35483.72,36137.72,33336,35600.16,89878.17085
Bitcoin,21/06/2021,BTC,35600.17,35750,31251.23,31608.93,168778.8732
Bitcoin,22/06/2021,BTC,31614.12,33298.78,28805,32509.56,204208.1798
Bitcoin,23/06/2021,BTC,32509.56,34881,31683,33678.07,126966.1006
Bitcoin,24/06/2021,BTC,33675.07,35298,32286.57,34663.09,86625.80426
Bitcoin,25/06/2021,BTC,34663.08,35500,31275,31584.45,116061.1304
Bitcoin,26/06/2021,BTC,31576.09,32730,30151,32283.65,107820.3753
Bitcoin,27/06/2021,BTC,32283.65,34749,31973.45,34700.34,96613.24421
Bitcoin,28/06/2021,BTC,34702.49,35297.71,33862.72,34494.89,82222.26782
Bitcoin,29/06/2021,BTC,34494.89,36600,34225.43,35911.73,90788.79622
Bitcoin,30/06/2021,BTC,35911.72,36100,34017.55,35045,77152.19763
Bitcoin,01/07/2021,BTC,35045,35057.57,32711,33504.69,71708.26611
Bitcoin,02/07/2021,BTC,33502.33,33977.04,32699,33786.55,56172.18138
Bitcoin,03/07/2021,BTC,33786.54,34945.61,33316.73,34669.13,43044.57864
Bitcoin,04/07/2021,BTC,34669.12,35967.85,34357.15,35286.51,43703.47579
Bitcoin,05/07/2021,BTC,35288.13,35293.78,33125.55,33690.14,64123.87425
Bitcoin,06/07/2021,BTC,33690.15,35118.88,33532,34220.01,58210.59635
Bitcoin,07/07/2021,BTC,34220.02,35059.09,33777.77,33862.12,53807.52168
Bitcoin,08/07/2021,BTC,33862.11,33929.64,32077,32875.71,70136.48032
Bitcoin,09/07/2021,BTC,32875.71,34100,32261.07,33815.81,47153.9399
Bitcoin,10/07/2021,BTC,33815.81,34262,33004.78,33502.87,34761.17547
Bitcoin,11/07/2021,BTC,33502.87,34666,33306.47,34258.99,31572.64745
Bitcoin,12/07/2021,BTC,34259,34678.43,32658.34,33086.63,48181.40376
Bitcoin,13/07/2021,BTC,33086.94,33340,32202.25,32729.77,41126.36101
Bitcoin,14/07/2021,BTC,32729.12,33114.03,31550,32820.02,46777.82348
Bitcoin,15/07/2021,BTC,32820.03,33185.25,31133,31880,51639.57635
Bitcoin,16/07/2021,BTC,31874.49,32249.18,31020,31383.87,48499.86415
Bitcoin,17/07/2021,BTC,31383.86,31955.92,31164.31,31520.07,34012.24213
Bitcoin,18/07/2021,BTC,31520.07,32435,31108.97,31778.56,35923.71619
Bitcoin,19/07/2021,BTC,31778.57,31899,30407.44,30839.65,47340.4685
Bitcoin,20/07/2021,BTC,30839.65,31063.07,29278,29790.35,61034.04902
Bitcoin,21/07/2021,BTC,29790.34,32858,29482.61,32144.51,82796.26513
Bitcoin,22/07/2021,BTC,32144.51,32591.35,31708,32287.83,46148.09243
Bitcoin,23/07/2021,BTC,32287.58,33650,31924.32,33634.09,50112.86363
Bitcoin,24/07/2021,BTC,33634.1,34500,33401.14,34258.14,47977.55014
Bitcoin,25/07/2021,BTC,34261.51,35398,33851.12,35381.02,47852.92831
Bitcoin,26/07/2021,BTC,35381.02,40550,35205.78,37237.6,152452.5127
Bitcoin,27/07/2021,BTC,37241.33,39542.61,36383,39457.87,88397.26702
Bitcoin,28/07/2021,BTC,39456.61,40900,38772,40019.56,101344.5284
Bitcoin,29/07/2021,BTC,40019.57,40640,39200,40016.48,53998.43928
Bitcoin,30/07/2021,BTC,40018.49,42316.71,38313.23,42206.37,73602.78481
Bitcoin,31/07/2021,BTC,42206.36,42448,41000.15,41461.83,44849.79101
Bitcoin,01/08/2021,BTC,41461.84,42599,39422.01,39845.44,53953.18633
Bitcoin,02/08/2021,BTC,39850.27,40480.01,38690,39147.82,50837.35195
Bitcoin,03/08/2021,BTC,39146.86,39780,37642.03,38207.05,57117.43585
Bitcoin,04/08/2021,BTC,38207.04,39969.66,37508.56,39723.18,52329.35243
Bitcoin,05/08/2021,BTC,39723.17,41350,37332.7,40862.46,84343.75562
Bitcoin,06/08/2021,BTC,40862.46,43392.43,39853.86,42836.87,75753.94135
Bitcoin,07/08/2021,BTC,42836.87,44700,42446.41,44572.54,73396.74081
Bitcoin,08/08/2021,BTC,44572.54,45310,43261,43794.37,69329.0927
Bitcoin,09/08/2021,BTC,43794.36,46454.15,42779,46253.4,74587.88485
Bitcoin,10/08/2021,BTC,46248.87,46700,44589.46,45584.99,53814.64342
Bitcoin,11/08/2021,BTC,45585,46743.47,45341.14,45511,52734.90198
Bitcoin,12/08/2021,BTC,45510.67,46218.12,43770,44399,55266.10878
Bitcoin,13/08/2021,BTC,44400.06,47886,44217.39,47800,48239.37043
Bitcoin,14/08/2021,BTC,47799.99,48144,45971.03,47068.51,46114.35902
Bitcoin,15/08/2021,BTC,47068.5,47372.27,45500,46973.82,42110.71133
Bitcoin,16/08/2021,BTC,46973.82,48053.83,45660,45901.29,52480.57401
Bitcoin,17/08/2021,BTC,45901.3,47160,44376,44695.95,57039.34163
Bitcoin,18/08/2021,BTC,44695.95,46000,44203.28,44705.29,54099.41599
Bitcoin,19/08/2021,BTC,44699.37,47033,43927.7,46760.62,53411.75392
Bitcoin,20/08/2021,BTC,46760.62,49382.99,46622.99,49322.47,56850.35223
Bitcoin,21/08/2021,BTC,49322.47,49757.04,48222,48821.87,46745.13658
Bitcoin,22/08/2021,BTC,48821.88,49500,48050,49239.22,37007.8878
Bitcoin,23/08/2021,BTC,49239.22,50500,49029,49488.85,52462.54195
Bitcoin,24/08/2021,BTC,49488.85,49860,47600,47674.01,51014.59475
Bitcoin,25/08/2021,BTC,47674.01,49264.3,47126.28,48973.32,44655.83034
Bitcoin,26/08/2021,BTC,48973.32,49352.84,46250,46843.87,49371.27777
Bitcoin,27/08/2021,BTC,46843.86,49149.93,46348,49069.9,42068.10497
Bitcoin,28/08/2021,BTC,49069.9,49299,48346.88,48895.35,26681.06379
Bitcoin,29/08/2021,BTC,48895.35,49632.27,47762.54,48767.83,32652.28347
Bitcoin,30/08/2021,BTC,48767.84,48888.61,46853,46982.91,40288.35083
Bitcoin,31/08/2021,BTC,46982.91,48246.11,46700,47100.89,48645.52737
Bitcoin,01/09/2021,BTC,47100.89,49156,46512,48810.52,49904.65528
Bitcoin,02/09/2021,BTC,48810.51,50450.13,48584.06,49246.64,54410.77054
Bitcoin,03/09/2021,BTC,49246.63,51000,48316.84,49999.14,59025.64416
Bitcoin,04/09/2021,BTC,49998,50535.69,49370,49915.64,34664.65959
Bitcoin,05/09/2021,BTC,49917.54,51900,49450,51756.88,40544.83587
Bitcoin,06/09/2021,BTC,51756.88,52780,50969.33,52663.9,49249.66708
Bitcoin,07/09/2021,BTC,52666.2,52920,42843.05,46863.73,123048.8027
Bitcoin,08/09/2021,BTC,46868.57,47340.99,44412.02,46048.31,65069.3152
Bitcoin,09/09/2021,BTC,46048.31,47399.97,45513.08,46395.14,50651.66002
Bitcoin,10/09/2021,BTC,46395.14,47033,44132.29,44850.91,49048.26618
Bitcoin,11/09/2021,BTC,44842.2,45987.93,44722.22,45173.69,30440.4081
Bitcoin,12/09/2021,BTC,45173.68,46460,44742.06,46025.24,32094.28052
Bitcoin,13/09/2021,BTC,46025.23,46880,43370,44940.73,65429.15056
Bitcoin,14/09/2021,BTC,44940.72,47250,44594.44,47111.52,44855.85099
Bitcoin,15/09/2021,BTC,47103.28,48500,46682.32,48121.41,43204.71174
Bitcoin,16/09/2021,BTC,48121.4,48557,47021.1,47737.82,40725.08895
Bitcoin,17/09/2021,BTC,47737.81,48150,46699.56,47299.98,34461.92776
Bitcoin,18/09/2021,BTC,47299.98,48843.2,47035.56,48292.74,30906.47038
Bitcoin,19/09/2021,BTC,48292.75,48372.83,46829.18,47241.75,29847.24349
Bitcoin,20/09/2021,BTC,47241.75,47347.25,42500,43015.62,78003.52444
Bitcoin,21/09/2021,BTC,43016.64,43639,39600,40734.38,84534.08049
Bitcoin,22/09/2021,BTC,40734.09,44000.55,40565.39,43543.61,58349.05542
Bitcoin,23/09/2021,BTC,43546.37,44978,43069.09,44865.26,48699.57655
Bitcoin,24/09/2021,BTC,44865.26,45200,40675,42810.57,84113.42629
Bitcoin,25/09/2021,BTC,42810.58,42966.84,41646.28,42670.64,33594.57189
Bitcoin,26/09/2021,BTC,42670.63,43950,40750,43160.9,49879.99765
Bitcoin,27/09/2021,BTC,43160.9,44350,42098,42147.35,39776.84383
Bitcoin,28/09/2021,BTC,42147.35,42787.38,40888,41026.54,43372.2624
Bitcoin,29/09/2021,BTC,41025.01,42590,40753.88,41524.28,33511.53487
Bitcoin,30/09/2021,BTC,41524.29,44141.37,41410.17,43824.1,46381.22781
Bitcoin,01/10/2021,BTC,43820.01,48495,43283.03,48141.61,66244.87492
Bitcoin,02/10/2021,BTC,48141.6,48336.59,47430.18,47634.9,30508.98131
Bitcoin,03/10/2021,BTC,47634.89,49228.08,47088,48200.01,30825.05601
Bitcoin,04/10/2021,BTC,48200.01,49536.12,46891,49224.94,46796.49372
Bitcoin,05/10/2021,BTC,49224.93,51886.3,49022.4,51471.99,52125.66793
Bitcoin,06/10/2021,BTC,51471.99,55750,50382.41,55315,79877.54518
Bitcoin,07/10/2021,BTC,55315,55332.31,53357,53785.22,54917.37766
Bitcoin,08/10/2021,BTC,53785.22,56100,53617.61,53951.43,46160.25785
Bitcoin,09/10/2021,BTC,53955.67,55489,53661.67,54949.72,55177.08013
Bitcoin,10/10/2021,BTC,54949.72,56561.31,54080,54659,89237.83613
Bitcoin,11/10/2021,BTC,54659.01,57839.04,54415.06,57471.35,52933.16575
Bitcoin,12/10/2021,BTC,57471.35,57680,53879,55996.93,53471.2855
Bitcoin,13/10/2021,BTC,55996.91,57777,54167.19,57367,55808.44492
Bitcoin,14/10/2021,BTC,57370.83,58532.54,56818.05,57347.94,43053.33678
Bitcoin,15/10/2021,BTC,57347.94,62933,56850,61672.42,82512.90802
Bitcoin,16/10/2021,BTC,61672.42,62378.42,60150,60875.57,35467.88096
Bitcoin,17/10/2021,BTC,60875.57,61718.39,58963,61528.33,39099.24124
Bitcoin,18/10/2021,BTC,61528.32,62695.78,59844.45,62009.84,51798.44844
Bitcoin,19/10/2021,BTC,62005.6,64486,61322.22,64280.59,53628.10774
Bitcoin,20/10/2021,BTC,64280.59,67000,63481.4,66001.41,51428.93486
Bitcoin,21/10/2021,BTC,66001.4,66639.74,62000,62193.15,68538.64537
Bitcoin,22/10/2021,BTC,62193.15,63732.39,60000,60688.22,52119.35886
Bitcoin,23/10/2021,BTC,60688.23,61747.64,59562.15,61286.75,27626.93678
Bitcoin,24/10/2021,BTC,61286.75,61500,59510.63,60852.22,31226.57676
Bitcoin,25/10/2021,BTC,60852.22,63710.63,60650,63078.78,36853.83806
Bitcoin,26/10/2021,BTC,63078.78,63293.48,59817.55,60328.81,40217.50083
Bitcoin,27/10/2021,BTC,60328.81,61496,58000,58413.44,62124.49016
Bitcoin,28/10/2021,BTC,58413.44,62499,57820,60575.89,61056.35301
Bitcoin,29/10/2021,BTC,60575.9,62980,60174.81,62253.71,43973.90414
Bitcoin,30/10/2021,BTC,62253.7,62359.25,60673,61859.19,31478.12566
Bitcoin,31/10/2021,BTC,61859.19,62405.3,59945.36,61299.8,39267.63794
Bitcoin,01/11/2021,BTC,61299.81,62437.74,59405,60911.11,44687.66672
Bitcoin,02/11/2021,BTC,60911.12,64270,60624.68,63219.99,46368.2841
Bitcoin,03/11/2021,BTC,63220.57,63500,60382.76,62896.48,43336.09049
Bitcoin,04/11/2021,BTC,62896.49,63086.31,60677.01,61395.01,35930.93314
Bitcoin,05/11/2021,BTC,61395.01,62595.72,60721,60937.12,31604.48749
Bitcoin,06/11/2021,BTC,60940.18,61560.49,60050,61470.61,25590.57408
Bitcoin,07/11/2021,BTC,61470.62,63286.35,61322.78,63273.59,25515.6883
Bitcoin,08/11/2021,BTC,63273.58,67789,63273.58,67525.83,54442.09455
Bitcoin,09/11/2021,BTC,67525.82,68524.25,66222.4,66947.66,44661.37807
Bitcoin,10/11/2021,BTC,66947.67,69000,62822.9,64882.43,65171.50405
Bitcoin,11/11/2021,BTC,64882.42,65600.07,64100,64774.26,37237.98058
Bitcoin,12/11/2021,BTC,64774.25,65450.7,62278,64122.23,44490.10816
Bitcoin,13/11/2021,BTC,64122.22,65000,63360.22,64380,22504.97383
Bitcoin,14/11/2021,BTC,64380.01,65550.51,63576.27,65519.1,25705.07347
Bitcoin,15/11/2021,BTC,65519.11,66401.82,63400,63606.74,37829.37124
Bitcoin,16/11/2021,BTC,63606.73,63617.31,58574.07,60058.87,77455.15609
Bitcoin,17/11/2021,BTC,60058.87,60840.23,58373,60344.87,46289.38491
Bitcoin,18/11/2021,BTC,60344.86,60976,56474.26,56891.62,62146.99931
Bitcoin,19/11/2021,BTC,56891.62,58320,55600,58052.24,50715.88726
Bitcoin,20/11/2021,BTC,58057.1,59845,57353,59707.51,33811.5901
Bitcoin,21/11/2021,BTC,59707.52,60029.76,58486.65,58622.02,31902.22785
Bitcoin,22/11/2021,BTC,58617.7,59444,55610,56247.18,51724.32047
Bitcoin,23/11/2021,BTC,56243.83,58009.99,55317,57541.27,49917.85017
Bitcoin,24/11/2021,BTC,57541.26,57735,55837,57138.29,39612.04964
Bitcoin,25/11/2021,BTC,57138.29,59398.9,57000,58960.36,42153.51522
Bitcoin,26/11/2021,BTC,58960.37,59150,53500,53726.53,65927.87066
Bitcoin,27/11/2021,BTC,53723.72,55280,53610,54721.03,29716.99957
Bitcoin,28/11/2021,BTC,54716.47,57445.05,53256.64,57274.88,36163.7137
Bitcoin,29/11/2021,BTC,57274.89,58865.97,56666.67,57776.25,40125.28009
Bitcoin,30/11/2021,BTC,57776.25,59176.99,55875.55,56950.56,49161.05194
Bitcoin,01/12/2021,BTC,56950.56,59053.55,56458.01,57184.07,44956.63656
Bitcoin,02/12/2021,BTC,57184.07,57375.47,55777.77,56480.34,37574.05976
Bitcoin,03/12/2021,BTC,56484.26,57600,51680,53601.05,58927.69027
Bitcoin,04/12/2021,BTC,53601.05,53859.1,42000.3,49152.47,114203.3737
Bitcoin,05/12/2021,BTC,49152.46,49699.05,47727.21,49396.33,45580.82012
Bitcoin,06/12/2021,BTC,49396.32,50891.11,47100,50441.92,58571.21575
Bitcoin,07/12/2021,BTC,50441.91,51936.33,50039.74,50588.95,38253.46877
Bitcoin,08/12/2021,BTC,50588.95,51200,48600,50471.19,38425.92466
Bitcoin,09/12/2021,BTC,50471.19,50797.76,47320,47545.59,37692.68665
Bitcoin,10/12/2021,BTC,47535.9,50125,46852,47140.54,44233.57391
Bitcoin,11/12/2021,BTC,47140.54,49485.71,46751,49389.99,28889.19358
Bitcoin,12/12/2021,BTC,49389.99,50777,48638,50053.9,26017.93421
Bitcoin,13/12/2021,BTC,50053.9,50189.97,45672.75,46702.75,50869.52093
Bitcoin,14/12/2021,BTC,46702.76,48700.41,46290,48343.28,39955.98445
Bitcoin,15/12/2021,BTC,48336.95,49500,46547,48864.98,51629.181
Bitcoin,16/12/2021,BTC,48864.98,49436.43,47511,47632.38,31949.86739
Bitcoin,17/12/2021,BTC,47632.38,47995.96,45456,46131.2,43104.4887
Bitcoin,18/12/2021,BTC,46133.83,47392.37,45500,46834.48,25020.05271
Bitcoin,19/12/2021,BTC,46834.47,48300.01,46406.91,46681.23,29305.70665
Bitcoin,20/12/2021,BTC,46681.24,47537.57,45558.85,46914.16,35848.50609
Bitcoin,21/12/2021,BTC,46914.17,49328.96,46630,48889.88,37713.92924
Bitcoin,22/12/2021,BTC,48887.59,49576.13,48421.87,48588.16,27004.2022
Bitcoin,23/12/2021,BTC,48588.17,51375,47920.42,50838.81,35192.54046
Bitcoin,24/12/2021,BTC,50838.82,51810,50384.43,50820,31661.94946
Bitcoin,25/12/2021,BTC,50819.99,51156.23,50142.32,50399.66,19135.51613
Bitcoin,26/12/2021,BTC,50399.67,51280,49412,50775.49,22569.88914
Bitcoin,27/12/2021,BTC,50775.48,52088,50449,50701.44,28779.58212
Bitcoin,28/12/2021,BTC,50701.44,50704.05,47313.01,47543.74,45853.33924
Bitcoin,29/12/2021,BTC,47543.74,48139.08,46096.99,46464.66,39498.87
Bitcoin,30/12/2021,BTC,46464.66,47900,45900,47120.87,30352.29569
Bitcoin,31/12/2021,BTC,47120.88,48548.26,45678,46216.93,34937.99796
Bitcoin,01/01/2022,BTC,46216.93,47954.63,46208.37,47722.65,19604.46325
Bitcoin,02/01/2022,BTC,47722.66,47990,46654,47286.18,18340.4604
Bitcoin,03/01/2022,BTC,47286.18,47570,45696,46446.1,27662.0771
Bitcoin,04/01/2022,BTC,46446.1,47557.54,45500,45832.01,35491.4136
Bitcoin,05/01/2022,BTC,45832.01,47070,42500,43451.13,51784.11857
Bitcoin,06/01/2022,BTC,43451.14,43816,42430.58,43082.31,38880.37305
Bitcoin,07/01/2022,BTC,43082.3,43145.83,40610,41566.48,54836.50818
Bitcoin,08/01/2022,BTC,41566.48,42300,40501,41679.74,32952.73111
Bitcoin,09/01/2022,BTC,41679.74,42786.7,41200.02,41864.62,22724.39426
Bitcoin,10/01/2022,BTC,41864.62,42248.5,39650,41822.49,50729.17019
Bitcoin,11/01/2022,BTC,41822.49,43100,41268.93,42729.29,37296.43729
Bitcoin,12/01/2022,BTC,42729.29,44322,42450,43902.66,33943.2928
Bitcoin,13/01/2022,BTC,43902.65,44500,42311.22,42560.11,34910.87762
Bitcoin,14/01/2022,BTC,42558.35,43448.78,41725.95,43059.96,32640.88292
Bitcoin,15/01/2022,BTC,43059.96,43800,42555,43084.29,21936.05616
Bitcoin,16/01/2022,BTC,43084.29,43475,42581.79,43071.66,20602.35271
Bitcoin,17/01/2022,BTC,43071.66,43176.18,41540.42,42201.62,27562.08613
Bitcoin,18/01/2022,BTC,42201.63,42691,41250,42352.12,29324.08257
Bitcoin,19/01/2022,BTC,42352.12,42559.13,41138.56,41660.01,31685.72159
Bitcoin,20/01/2022,BTC,41660,43505,40553.31,40680.91,42330.33953
Bitcoin,21/01/2022,BTC,40680.92,41100,35440.45,36445.31,88860.892
Bitcoin,22/01/2022,BTC,36445.31,36835.22,34008,35071.42,90471.33896
Bitcoin,23/01/2022,BTC,35071.42,36499,34601.01,36244.55,44279.52354
Bitcoin,24/01/2022,BTC,36244.55,37550,32917.17,36660.35,91904.75321
Bitcoin,25/01/2022,BTC,36660.35,37545.14,35701,36958.32,49232.40183
Bitcoin,26/01/2022,BTC,36958.32,38919.98,36234.63,36809.34,69830.16036
Bitcoin,27/01/2022,BTC,36807.24,37234.47,35507.01,37160.1,53020.87934
Bitcoin,28/01/2022,BTC,37160.11,38000,36155.01,37716.56,42154.26956
Bitcoin,29/01/2022,BTC,37716.57,38720.74,37268.44,38166.84,26129.49682
Bitcoin,30/01/2022,BTC,38166.83,38359.26,37351.63,37881.76,21430.66527
Bitcoin,31/01/2022,BTC,37881.75,38744,36632.61,38466.9,36855.2458
Bitcoin,01/02/2022,BTC,38466.9,39265.2,38000,38694.59,34574.44663
Bitcoin,02/02/2022,BTC,38694.59,38855.92,36586.95,36896.36,35794.6813
Bitcoin,03/02/2022,BTC,36896.37,37387,36250,37311.61,32081.10999
Bitcoin,04/02/2022,BTC,37311.98,41772.33,37026.73,41574.25,64703.95874
Bitcoin,05/02/2022,BTC,41571.7,41913.69,40843.01,41382.59,32532.34372
Bitcoin,06/02/2022,BTC,41382.6,42656,41116.56,42380.87,22405.16704
Bitcoin,07/02/2022,BTC,42380.87,44500.5,41645.85,43839.99,51060.62006
Bitcoin,08/02/2022,BTC,43839.99,45492,42666,44042.99,64880.29387
Bitcoin,09/02/2022,BTC,44043,44799,43117.92,44372.72,34428.16729
Bitcoin,10/02/2022,BTC,44372.71,45821,43174.01,43495.44,62357.29091
Bitcoin,11/02/2022,BTC,43495.44,43920,41938.51,42373.73,44975.1687
Bitcoin,12/02/2022,BTC,42373.73,43079.49,41688.88,42217.87,26556.85681
Bitcoin,13/02/2022,BTC,42217.87,42760,41870,42053.66,17732.08113
Bitcoin,14/02/2022,BTC,42053.65,42842.4,41550.56,42535.94,34010.1306
Bitcoin,15/02/2022,BTC,42535.94,44751.4,42427.03,44544.86,38095.19576
Bitcoin,16/02/2022,BTC,44544.85,44549.97,43307,43873.56,28471.8727
Bitcoin,17/02/2022,BTC,43873.56,44164.71,40073.21,40515.7,47245.99494
Bitcoin,18/02/2022,BTC,40515.71,40959.88,39450,39974.44,43845.92241
Bitcoin,19/02/2022,BTC,39974.45,40444.32,39639.03,40079.17,18042.0551
Bitcoin,20/02/2022,BTC,40079.17,40125.44,38000,38386.89,33439.29011
Bitcoin,21/02/2022,BTC,38386.89,39494.35,36800,37008.16,62347.68496
Bitcoin,22/02/2022,BTC,37008.16,38429,36350,38230.33,53785.94589
Bitcoin,23/02/2022,BTC,38230.33,39249.93,37036.79,37250.01,43560.732
Bitcoin,24/02/2022,BTC,37250.02,39843,34322.28,38327.21,120476.2946
Bitcoin,25/02/2022,BTC,38328.68,39683.53,38014.37,39219.17,56574.57125
Bitcoin,26/02/2022,BTC,39219.16,40348.45,38573.18,39116.72,29361.2568
Bitcoin,27/02/2022,BTC,39116.73,39855.7,37000,37699.07,46229.44719
Bitcoin,28/02/2022,BTC,37699.08,44225.84,37450.17,43160,73945.63858
Bitcoin,01/03/2022,BTC,43160,44949,42809.98,44421.2,61743.09873
Bitcoin,02/03/2022,BTC,44421.2,45400,43334.09,43892.98,57782.65081
Bitcoin,03/03/2022,BTC,43892.99,44101.12,41832.28,42454,50940.61021
Bitcoin,04/03/2022,BTC,42454,42527.3,38550,39148.66,61964.68498
Bitcoin,05/03/2022,BTC,39148.65,39613.24,38407.59,39397.96,30363.13341
Bitcoin,06/03/2022,BTC,39397.97,39693.87,38088.57,38420.81,39677.26158
Bitcoin,07/03/2022,BTC,38420.8,39547.57,37155,37988,63994.11559
Bitcoin,08/03/2022,BTC,37988.01,39362.08,37867.65,38730.63,55583.06638
Bitcoin,09/03/2022,BTC,38730.63,42594.06,38656.45,41941.71,67392.58799
Bitcoin,10/03/2022,BTC,41941.7,42039.63,38539.73,39422,71962.93154
Bitcoin,11/03/2022,BTC,39422.01,40236.26,38223.6,38729.57,59018.7642
Bitcoin,12/03/2022,BTC,38729.57,39486.71,38660.52,38807.36,24034.36432
Bitcoin,13/03/2022,BTC,38807.35,39310,37578.51,37777.34,32791.82359
Bitcoin,14/03/2022,BTC,37777.35,39947.12,37555,39671.37,46945.45375
Bitcoin,15/03/2022,BTC,39671.37,39887.61,38098.33,39280.33,46015.54926
Bitcoin,16/03/2022,BTC,39280.33,41718,38828.48,41114,88120.76167
Bitcoin,17/03/2022,BTC,41114.01,41478.82,40500,40917.9,37189.38087
Bitcoin,18/03/2022,BTC,40917.89,42325.02,40135.04,41757.51,45408.00969
Bitcoin,19/03/2022,BTC,41757.51,42400,41499.29,42201.13,29067.18108
Bitcoin,20/03/2022,BTC,42201.13,42296.26,40911,41262.11,30653.33468
Bitcoin,21/03/2022,BTC,41262.11,41544.22,40467.94,41002.25,39426.24877
Bitcoin,22/03/2022,BTC,41002.26,43361,40875.51,42364.13,59454.94294
Bitcoin,23/03/2022,BTC,42364.13,43025.96,41751.47,42882.76,40828.87039
Bitcoin,24/03/2022,BTC,42882.76,44220.89,42560.46,43991.46,56195.12374
Bitcoin,25/03/2022,BTC,43991.46,45094.14,43579,44313.16,54614.43648
Bitcoin,26/03/2022,BTC,44313.16,44792.99,44071.97,44511.27,23041.61741
Bitcoin,27/03/2022,BTC,44511.27,46999,44421.46,46827.76,41874.91071
Bitcoin,28/03/2022,BTC,46827.76,48189.84,46663.56,47122.21,58949.2614
Bitcoin,29/03/2022,BTC,47122.21,48096.47,46950.85,47434.8,36772.28457
Bitcoin,30/03/2022,BTC,47434.79,47700.22,46445.42,47067.99,40947.2085
Bitcoin,31/03/2022,BTC,47067.99,47600,45200,45510.34,48645.12667
Bitcoin,01/04/2022,BTC,45510.35,46720.09,44200,46283.49,56271.06474
Bitcoin,02/04/2022,BTC,46283.49,47213,45620,45811,37073.53582
Bitcoin,03/04/2022,BTC,45810.99,47444.11,45530.92,46407.35,33394.67794
Bitcoin,04/04/2022,BTC,46407.36,46890.71,45118,46580.51,44641.87514
Bitcoin,05/04/2022,BTC,46580.5,47200,45353.81,45497.55,42192.74852
Bitcoin,06/04/2022,BTC,45497.54,45507.14,43121,43170.47,60849.32936
Bitcoin,07/04/2022,BTC,43170.47,43900.99,42727.35,43444.19,37396.54156
Bitcoin,08/04/2022,BTC,43444.2,43970.62,42107.14,42252.01,42375.04203
Bitcoin,09/04/2022,BTC,42252.02,42800,42125.48,42753.97,17891.66047
Bitcoin,10/04/2022,BTC,42753.96,43410.3,41868,42158.85,22771.09403
Bitcoin,11/04/2022,BTC,42158.85,42414.71,39200,39530.45,63560.44721
Bitcoin,12/04/2022,BTC,39530.45,40699,39254.63,40074.94,57751.01778
Bitcoin,13/04/2022,BTC,40074.95,41561.31,39588.54,41147.79,41342.27254
Bitcoin,14/04/2022,BTC,41147.78,41500,39551.94,39942.38,36807.01401
Bitcoin,15/04/2022,BTC,39942.37,40870.36,39766.4,40551.9,24026.35739
Bitcoin,16/04/2022,BTC,40551.9,40709.35,39991.55,40378.71,15805.44718
Bitcoin,17/04/2022,BTC,40378.7,40595.67,39546.17,39678.12,19988.49259
Bitcoin,18/04/2022,BTC,39678.11,41116.73,38536.51,40801.13,54243.49575
Bitcoin,19/04/2022,BTC,40801.13,41760,40571,41493.18,35788.85843
Bitcoin,20/04/2022,BTC,41493.19,42199,40820,41358.19,40877.35041
Bitcoin,21/04/2022,BTC,41358.19,42976,39751,40480.01,59316.27657
Bitcoin,22/04/2022,BTC,40480.01,40795.06,39177,39709.18,46664.0196
Bitcoin,23/04/2022,BTC,39709.19,39980,39285,39441.6,20291.42375
Bitcoin,24/04/2022,BTC,39441.61,39940,38929.62,39450.13,26703.61186
Bitcoin,25/04/2022,BTC,39450.12,40616,38200,40426.08,63037.12784
Bitcoin,26/04/2022,BTC,40426.08,40797.31,37702.26,38112.65,66650.258
Bitcoin,27/04/2022,BTC,38112.64,39474.72,37881.31,39235.72,57083.12272
Bitcoin,28/04/2022,BTC,39235.72,40372.63,38881.43,39742.07,56086.6715
Bitcoin,29/04/2022,BTC,39742.06,39925.25,38175,38596.11,51453.65715
Bitcoin,30/04/2022,BTC,38596.11,38795.38,37578.2,37630.8,35321.18989
Bitcoin,01/05/2022,BTC,37630.8,38675,37386.38,38468.35,38812.24104
Bitcoin,02/05/2022,BTC,38468.35,39167.34,38052,38525.16,53200.92628
Bitcoin,03/05/2022,BTC,38525.16,38651.51,37517.8,37728.95,40316.45358
Bitcoin,04/05/2022,BTC,37728.95,40023.77,37670,39690,62574.61736
Bitcoin,05/05/2022,BTC,39690,39845.51,35571.9,36552.97,88722.43355
Bitcoin,06/05/2022,BTC,36552.97,36675.63,35258,36013.77,68437.80187
Bitcoin,07/05/2022,BTC,36013.77,36146.3,34785,35472.39,34281.70682
Bitcoin,08/05/2022,BTC,35472.4,35514.22,33713.95,34038.4,72445.64344
Bitcoin,09/05/2022,BTC,34038.39,34243.15,30033.33,30076.31,191876.9264
Bitcoin,10/05/2022,BTC,30074.23,32658.99,29730.4,31017.1,165532.0031
Bitcoin,11/05/2022,BTC,31017.11,32162.59,27785,29103.94,207063.7393
Bitcoin,12/05/2022,BTC,29103.94,30243,26700,29029.75,204507.2631
Bitcoin,13/05/2022,BTC,29029.74,31083.37,28751.67,29287.05,97872.36957
Bitcoin,14/05/2022,BTC,29287.05,30343.27,28630,30086.74,51095.87863
Bitcoin,15/05/2022,BTC,30086.74,31460,29480,31328.89,46275.66912
Bitcoin,16/05/2022,BTC,31328.89,31328.9,29087.04,29874.01,73082.19658
Bitcoin,17/05/2022,BTC,29874.01,30788.37,29450.38,30444.93,56724.13307
Bitcoin,18/05/2022,BTC,30444.93,30709.99,28654.47,28715.32,59749.15799
Bitcoin,19/05/2022,BTC,28715.33,30545.18,28691.38,30319.23,67877.36415
Bitcoin,20/05/2022,BTC,30319.22,30777.33,28730,29201.01,60517.25325
Bitcoin,21/05/2022,BTC,29201.01,29656.18,28947.28,29445.06,20987.13124
Bitcoin,22/05/2022,BTC,29445.07,30487.99,29255.11,30293.94,36158.98748
Bitcoin,23/05/2022,BTC,30293.93,30670.51,28866.35,29109.15,63901.49932
Bitcoin,24/05/2022,BTC,29109.14,29845.86,28669,29654.58,59442.96036
Bitcoin,25/05/2022,BTC,29654.58,30223.74,29294.21,29542.15,59537.38659
Bitcoin,26/05/2022,BTC,29542.14,29886.64,28019.56,29201.35,94581.65463
Bitcoin,27/05/2022,BTC,29201.35,29397.66,28282.9,28629.8,90998.5201
Bitcoin,28/05/2022,BTC,28629.81,29266,28450,29031.33,34479.35127
Bitcoin,29/05/2022,BTC,29031.33,29587.78,28839.21,29468.1,27567.34764
Bitcoin,30/05/2022,BTC,29468.1,32222,29299.62,31734.22,96785.9476
Bitcoin,31/05/2022,BTC,31734.23,32399,31200.01,31801.04,62433.11632
Bitcoin,01/06/2022,BTC,31801.05,31982.97,29301,29805.83,103395.6338
Bitcoin,02/06/2022,BTC,29805.84,30689,29594.55,30452.62,56961.42928
Bitcoin,03/06/2022,BTC,30452.63,30699,29282.36,29700.21,54067.44727
Bitcoin,04/06/2022,BTC,29700.21,29988.88,29485,29864.04,25617.90113
Bitcoin,05/06/2022,BTC,29864.03,30189,29531.42,29919.21,23139.9281
Bitcoin,06/06/2022,BTC,29919.2,31765.64,29890.23,31373.1,68836.92456
Bitcoin,07/06/2022,BTC,31373.1,31589.6,29218.96,31125.33,110674.5166
Bitcoin,08/06/2022,BTC,31125.32,31327.22,29843.88,30204.77,68542.61276
Bitcoin,09/06/2022,BTC,30204.77,30700,29944.1,30109.93,46291.1865
Bitcoin,10/06/2022,BTC,30109.93,30382.8,28850,29091.88,76204.2498
Bitcoin,11/06/2022,BTC,29091.87,29440.41,28099.99,28424.7,65901.39895
Bitcoin,12/06/2022,BTC,28424.71,28544.96,26560,26574.53,92474.59881
Bitcoin,13/06/2022,BTC,26574.53,26895.84,21925.77,22487.41,254611.035
Bitcoin,14/06/2022,BTC,22485.27,23362.88,20846,22136.41,187201.6467
Bitcoin,15/06/2022,BTC,22136.42,22800,20111.62,22583.72,200774.4935
Bitcoin,16/06/2022,BTC,22583.72,22995.73,20232,20401.31,99673.59429
Bitcoin,17/06/2022,BTC,20400.6,21365.43,20246.66,20468.81,86694.33663
Bitcoin,18/06/2022,BTC,20468.81,20792.06,17622,18970.79,196441.6555
Bitcoin,19/06/2022,BTC,18970.79,20815.95,17960.41,20574,128320.876
Bitcoin,20/06/2022,BTC,20574,21090,19637.03,20573.89,109028.9415
Bitcoin,21/06/2022,BTC,20573.9,21723,20348.4,20723.52,104371.0749
Bitcoin,22/06/2022,BTC,20723.51,20900,19770.51,19987.99,92133.97938
Bitcoin,23/06/2022,BTC,19988,21233,19890.07,21110.13,83127.08716
Bitcoin,24/06/2022,BTC,21110.12,21558.41,20736.72,21237.69,77430.36622
Bitcoin,25/06/2022,BTC,21237.68,21614.5,20906.62,21491.19,51431.67794
Bitcoin,26/06/2022,BTC,21491.18,21888,20964.73,21038.07,53278.10464
Bitcoin,27/06/2022,BTC,21038.08,21539.85,20510,20742.56,64475.0013
Bitcoin,28/06/2022,BTC,20742.57,21212.1,20202.01,20281.29,63801.0832
Bitcoin,29/06/2022,BTC,20281.28,20432.31,19854.92,20123.01,77309.04379
Bitcoin,30/06/2022,BTC,20123,20179.08,18626,19942.21,93846.64806
Bitcoin,01/07/2022,BTC,19942.21,20918.35,18975,19279.8,111844.5949
Bitcoin,02/07/2022,BTC,19279.8,19467.39,18977.01,19252.81,46180.3021
Bitcoin,03/07/2022,BTC,19252.82,19647.63,18781,19315.83,51087.46631
Bitcoin,04/07/2022,BTC,19315.83,20354.01,19055.31,20236.71,74814.04601
Bitcoin,05/07/2022,BTC,20236.71,20750,19304.4,20175.83,96041.13756
Bitcoin,06/07/2022,BTC,20175.84,20675.22,19761.25,20564.51,82439.5808
Bitcoin,07/07/2022,BTC,20564.51,21838.1,20251.68,21624.98,85014.58261
Bitcoin,08/07/2022,BTC,21624.99,22527.37,21189.26,21594.75,403081.5735
Bitcoin,09/07/2022,BTC,21594.75,21980,21322.12,21591.83,178417.8447
Bitcoin,10/07/2022,BTC,21592.15,21607.65,20655,20862.47,192188.2156
Bitcoin,11/07/2022,BTC,20861.11,20868.48,19875.23,19963.61,137535.4072
Bitcoin,12/07/2022,BTC,19963.61,20059.42,19240,19328.75,139506.4586
Bitcoin,13/07/2022,BTC,19331.28,20366.61,18910.94,20234.87,209250.2489
Bitcoin,14/07/2022,BTC,20234.87,20900,19616.07,20588.84,174809.217
Bitcoin,15/07/2022,BTC,20588.84,21200,20382.29,20830.04,143343.3049
Bitcoin,16/07/2022,BTC,20830.04,21588.94,20478.61,21195.6,121011.6739
Bitcoin,17/07/2022,BTC,21195.6,21684.54,20750.01,20798.16,118229.4525
Bitcoin,18/07/2022,BTC,20799.58,22777.63,20762.45,22432.58,239942.7313
Bitcoin,19/07/2022,BTC,22432.58,23800,21579.54,23396.62,263770.7657
Bitcoin,20/07/2022,BTC,23398.48,24276.74,22906.19,23223.3,238762.1709
Bitcoin,21/07/2022,BTC,23223.3,23442.77,22341.46,23152.19,184817.6819
Bitcoin,22/07/2022,BTC,23152.19,23756.49,22500,22684.83,171598.4397
Bitcoin,23/07/2022,BTC,22684.83,23000.77,21934.57,22451.07,122137.7738
Bitcoin,24/07/2022,BTC,22448.58,23014.64,22257.15,22579.68,115189.6728
Bitcoin,25/07/2022,BTC,22577.13,22666,21250,21310.9,180344.7664
Bitcoin,26/07/2022,BTC,21310.9,21347.82,20706.5,21254.67,177817.2433
Bitcoin,27/07/2022,BTC,21254.67,23112.63,21042.53,22952.45,210971.198
Bitcoin,28/07/2022,BTC,22954.31,24199.72,22582.13,23842.93,236029.0741
Bitcoin,29/07/2022,BTC,23845.25,24442.66,23414.03,23773.75,198298.5062
Bitcoin,30/07/2022,BTC,23777.28,24668,23502.25,23643.51,151060.1321
Bitcoin,31/07/2022,BTC,23644.64,24194.82,23227.31,23293.32,127743.3248
Bitcoin,01/08/2022,BTC,23296.36,23509.68,22850,23268.01,144210.1622
Bitcoin,02/08/2022,BTC,23266.9,23459.89,22654.37,22987.79,158073.2823
Bitcoin,03/08/2022,BTC,22985.93,23647.68,22681.22,22818.37,145948.81
Bitcoin,04/08/2022,BTC,22816.91,23223.32,22400,22622.98,154854.6702
Bitcoin,05/08/2022,BTC,22622.41,23472.86,22586.95,23312.42,175251.6975
Bitcoin,06/08/2022,BTC,23313.56,23354.36,22909.52,22954.21,83911.80307
Bitcoin,07/08/2022,BTC,22954.21,23402,22844.62,23174.39,88890.00877
Bitcoin,08/08/2022,BTC,23174.39,24245,23154.25,23810,170958.4415
Bitcoin,09/08/2022,BTC,23810.98,23933.25,22865,23149.95,143182.5086
Bitcoin,10/08/2022,BTC,23151.32,24226,22664.69,23954.05,208916.5495
Bitcoin,11/08/2022,BTC,23954.05,24918.54,23852.13,23934.39,249759.7956
Bitcoin,12/08/2022,BTC,23933.09,24456.5,23583,24403.68,174207.5704
Bitcoin,13/08/2022,BTC,24401.7,24888,24291.22,24441.38,152852.2544
Bitcoin,14/08/2022,BTC,24443.06,25047.56,24144,24305.24,151206.1447
Bitcoin,15/08/2022,BTC,24305.25,25211.32,23773.22,24094.82,242539.5476
Bitcoin,16/08/2022,BTC,24093.04,24247.49,23671.22,23854.74,179324.9482
Bitcoin,17/08/2022,BTC,23856.15,24446.71,23180.4,23342.66,210668.6877
Bitcoin,18/08/2022,BTC,23342.66,23600,23111.04,23191.2,144185.9701
Bitcoin,19/08/2022,BTC,23191.45,23208.67,20783.57,20834.39,283995.8775
Bitcoin,20/08/2022,BTC,20834.39,21382.85,20761.9,21140.07,183041.6836
Bitcoin,21/08/2022,BTC,21140.07,21800,21069.11,21515.61,159200.6841
Bitcoin,22/08/2022,BTC,21516.7,21548.71,20890.18,21399.83,222222.0453
Bitcoin,23/08/2022,BTC,21400.75,21684.87,20890.14,21529.12,200967.7716
Bitcoin,24/08/2022,BTC,21529.11,21900,21145,21368.08,174383.2205
Bitcoin,25/08/2022,BTC,21368.05,21819.88,21310.15,21559.04,169915.783
Bitcoin,26/08/2022,BTC,21559.04,21886.77,20107.9,20241.05,273811.6196
Bitcoin,27/08/2022,BTC,20239.14,20402.93,19800,20037.6,162582.4603
Bitcoin,28/08/2022,BTC,20037.6,20171.18,19520,19555.61,139307.9598
Bitcoin,29/08/2022,BTC,19555.61,20433.62,19550.79,20285.73,210509.4955
Bitcoin,30/08/2022,BTC,20287.2,20576.25,19540,19811.66,256634.3553
Bitcoin,31/08/2022,BTC,19813.03,20490,19797.94,20050.02,276946.6077
Bitcoin,01/09/2022,BTC,20048.44,20208.37,19565.66,20131.46,245289.9726
Bitcoin,02/09/2022,BTC,20132.64,20441.26,19755.29,19951.86,245986.6033
Bitcoin,03/09/2022,BTC,19950.98,20055.93,19652.72,19831.9,146639.032
Bitcoin,04/09/2022,BTC,19832.45,20029.23,19583.1,20000.3,145588.7789
Bitcoin,05/09/2022,BTC,20000.3,20057.27,19633.83,19796.84,222543.0106
Bitcoin,06/09/2022,BTC,19795.34,20180,18649.51,18790.61,356315.0572
Bitcoin,07/09/2022,BTC,18790.61,19464.06,18510.77,19292.84,287394.7788
Bitcoin,08/09/2022,BTC,19292.85,19458.25,19012,19319.77,262813.2827
Bitcoin,09/09/2022,BTC,19320.54,21597.22,19291.75,21360.11,428919.7465
Bitcoin,10/09/2022,BTC,21361.62,21810.8,21111.13,21648.34,307997.335
Bitcoin,11/09/2022,BTC,21647.21,21860,21350,21826.87,280702.5515
Bitcoin,12/09/2022,BTC,21826.87,22488,21538.51,22395.74,395395.6183
Bitcoin,13/09/2022,BTC,22395.44,22799,19860,20173.57,431915.0333
Bitcoin,14/09/2022,BTC,20173.62,20541.48,19617.62,20226.71,340826.4015
Bitcoin,15/09/2022,BTC,20227.17,20330.24,19497,19701.88,333069.7608
Bitcoin,16/09/2022,BTC,19701.88,19890,19320.01,19803.3,283791.0706
Bitcoin,17/09/2022,BTC,19803.3,20189,19748.08,20113.62,179350.2434
Bitcoin,18/09/2022,BTC,20112.61,20117.26,19335.62,19416.18,254217.469
Bitcoin,19/09/2022,BTC,19417.45,19686.2,18232.56,19537.02,380512.4031
Bitcoin,20/09/2022,BTC,19537.02,19634.62,18711.87,18875,324098.3286
Bitcoin,21/09/2022,BTC,18874.31,19956,18125.98,18461.36,385034.1002
Bitcoin,22/09/2022,BTC,18461.36,19550.17,18356.39,19401.63,379321.7211
Bitcoin,23/09/2022,BTC,19401.63,19500,18531.42,19289.91,385886.9183
Bitcoin,24/09/2022,BTC,19288.57,19316.14,18805.34,18920.5,239496.5675
Bitcoin,25/09/2022,BTC,18921.99,19180.21,18629.2,18807.38,191191.4492
Bitcoin,26/09/2022,BTC,18809.13,19318.96,18680.72,19227.82,439239.2194
Bitcoin,27/09/2022,BTC,19226.68,20385.86,18816.32,19079.13,593260.7416
Bitcoin,28/09/2022,BTC,19078.1,19790,18471.28,19412.82,521385.4555
Bitcoin,29/09/2022,BTC,19412.82,19645.52,18843.01,19591.51,406424.9326
Bitcoin,30/09/2022,BTC,19590.54,20185,19155.36,19422.61,444322.9534
Bitcoin,01/10/2022,BTC,19422.61,19484,19159.42,19310.95,165625.1396
Bitcoin,02/10/2022,BTC,19312.24,19395.91,18920.35,19056.8,206812.4703
Bitcoin,03/10/2022,BTC,19057.74,19719.1,18959.68,19629.08,293585.7521
Bitcoin,04/10/2022,BTC,19629.08,20475,19490.6,20337.82,327012.0013
Bitcoin,05/10/2022,BTC,20337.82,20365.6,19730,20158.26,312239.7522
Bitcoin,06/10/2022,BTC,20158.26,20456.6,19853,19960.67,320122.1702
Bitcoin,07/10/2022,BTC,19960.67,20068.82,19320,19530.09,220874.8391
Bitcoin,08/10/2022,BTC,19530.09,19627.38,19237.14,19417.96,102480.0984
Bitcoin,09/10/2022,BTC,19416.52,19558,19316.04,19439.02,113900.8268
Bitcoin,10/10/2022,BTC,19439.96,19525,19020.25,19131.87,212509.0985
Bitcoin,11/10/2022,BTC,19131.87,19268.09,18860,19060,243473.8429
Bitcoin,12/10/2022,BTC,19060,19238.31,18965.88,19155.53,213826.2673
Bitcoin,13/10/2022,BTC,19155.1,19513.79,18190,19375.13,399756.6834
Bitcoin,14/10/2022,BTC,19375.58,19951.87,19070.37,19176.93,351634.326
Bitcoin,15/10/2022,BTC,19176.93,19227.68,18975.18,19069.39,113847.6423
Bitcoin,16/10/2022,BTC,19068.4,19425.84,19063.74,19262.98,131894.6189
Bitcoin,17/10/2022,BTC,19262.98,19676.96,19152.03,19549.86,222813.8763
Bitcoin,18/10/2022,BTC,19548.48,19706.66,19091,19327.44,260313.0785
Bitcoin,19/10/2022,BTC,19327.44,19360.16,19065.97,19123.97,186137.2954
Bitcoin,20/10/2022,BTC,19123.35,19347.82,18900,19041.92,223530.1307
Bitcoin,21/10/2022,BTC,19041.92,19250,18650,19164.37,269310.7577
Bitcoin,22/10/2022,BTC,19164.37,19257,19112.72,19204.35,110403.9084
Bitcoin,23/10/2022,BTC,19204.29,19695,19070.11,19570.4,167057.2018
Bitcoin,24/10/2022,BTC,19570.4,19601.15,19157,19329.72,256168.1447
Bitcoin,25/10/2022,BTC,19330.6,20415.87,19237,20080.07,326370.6706
Bitcoin,26/10/2022,BTC,20079.02,21020,20050.41,20771.59,380492.6958
Bitcoin,27/10/2022,BTC,20771.61,20872.21,20200,20295.11,328643.5779
Bitcoin,28/10/2022,BTC,20295.11,20750,20000.09,20591.84,287039.9457
Bitcoin,29/10/2022,BTC,20591.84,21085,20554.01,20809.67,254881.7776
Bitcoin,30/10/2022,BTC,20809.68,20931.21,20515,20627.48,192795.6089
Bitcoin,31/10/2022,BTC,20627.48,20845.92,20237.95,20490.74,303567.6163
Bitcoin,01/11/2022,BTC,20490.74,20700,20330.74,20483.62,279932.4377
Bitcoin,02/11/2022,BTC,20482.81,20800,20048.04,20151.84,373716.273
Bitcoin,03/11/2022,BTC,20151.84,20393.32,20031.24,20207.82,319185.1544
Bitcoin,04/11/2022,BTC,20207.12,21302.05,20180.96,21148.52,453694.3917
Bitcoin,05/11/2022,BTC,21148.52,21480.65,21080.65,21299.37,245621.9853
Bitcoin,06/11/2022,BTC,21299.37,21365.27,20886.13,20905.58,230036.9722
Bitcoin,07/11/2022,BTC,20905.58,21069.77,20384.89,20591.13,386977.6034
Bitcoin,08/11/2022,BTC,20590.67,20700.88,17166.83,18547.23,760705.3628
Bitcoin,09/11/2022,BTC,18545.38,18587.76,15588,15922.81,731926.9297
Bitcoin,10/11/2022,BTC,15922.68,18199,15754.26,17601.15,608448.3643
Bitcoin,11/11/2022,BTC,17602.45,17695,16361.6,17070.31,393552.8649
Bitcoin,12/11/2022,BTC,17069.98,17119.1,16631.39,16812.08,167819.9604
Bitcoin,13/11/2022,BTC,16813.16,16954.28,16229,16329.85,184960.7885
Bitcoin,14/11/2022,BTC,16331.78,17190,15815.21,16619.46,380210.7775
Bitcoin,15/11/2022,BTC,16617.72,17134.69,16527.72,16900.57,282461.8439
Bitcoin,16/11/2022,BTC,16900.57,17015.92,16378.61,16662.76,261493.4081
Bitcoin,17/11/2022,BTC,16661.61,16751,16410.74,16692.56,228038.9787
Bitcoin,18/11/2022,BTC,16692.56,17011,16546.04,16700.45,214224.1818
Bitcoin,19/11/2022,BTC,16699.43,16822.41,16553.53,16700.68,104963.1556
Bitcoin,20/11/2022,BTC,16700.68,16753.33,16180,16280.23,154842.1348
Bitcoin,21/11/2022,BTC,16279.5,16319,15476,15781.29,324096.9978
Bitcoin,22/11/2022,BTC,15781.29,16315,15616.63,16226.94,239548.0662
Bitcoin,23/11/2022,BTC,16227.96,16706,16160.2,16603.11,264927.7041
Bitcoin,24/11/2022,BTC,16603.11,16812.63,16458.05,16598.95,206565.9235
Bitcoin,25/11/2022,BTC,16599.55,16666,16342.81,16522.14,182089.4953
Bitcoin,26/11/2022,BTC,16521.35,16701.99,16385,16458.57,181804.8167
Bitcoin,27/11/2022,BTC,16457.61,16600,16401,16428.78,162025.4761
Bitcoin,28/11/2022,BTC,16428.77,16487.04,15995.27,16212.91,252695.4037
Bitcoin,29/11/2022,BTC,16212.18,16548.71,16100,16442.53,248106.2501
Bitcoin,30/11/2022,BTC,16442.91,17249,16428.3,17163.64,303019.8072
Bitcoin,01/12/2022,BTC,17165.53,17324,16855.01,16977.37,232818.1822
Bitcoin,02/12/2022,BTC,16978,17105.73,16787.85,17092.74,202372.2062
Bitcoin,03/12/2022,BTC,17092.13,17188.98,16858.74,16885.2,154542.5731
Bitcoin,04/12/2022,BTC,16885.2,17202.84,16878.25,17105.7,178619.1339
Bitcoin,05/12/2022,BTC,17106.65,17424.25,16867,16966.35,233703.2923
Bitcoin,06/12/2022,BTC,16966.35,17107.01,16906.37,17088.96,218730.7688
Bitcoin,07/12/2022,BTC,17088.96,17142.21,16678.83,16836.64,220657.4133
Bitcoin,08/12/2022,BTC,16836.64,17299,16733.49,17224.1,236417.978
Bitcoin,09/12/2022,BTC,17224.1,17360,17058.21,17128.56,238422.0647
Bitcoin,10/12/2022,BTC,17128.56,17227.72,17092,17127.49,140573.9794
Bitcoin,11/12/2022,BTC,17127.49,17270.99,17071,17085.05,155286.4787
Bitcoin,12/12/2022,BTC,17085.05,17241.89,16871.85,17209.83,226227.4969
Bitcoin,13/12/2022,BTC,17208.93,18000,17080.14,17774.7,284462.9139
Bitcoin,14/12/2022,BTC,17775.82,18387.95,17660.94,17803.15,266681.2221
Bitcoin,15/12/2022,BTC,17804.01,17854.82,17275.51,17356.34,223701.9688
Bitcoin,16/12/2022,BTC,17356.96,17531.73,16527.32,16632.12,253379.0412
Bitcoin,17/12/2022,BTC,16631.5,16796.82,16579.85,16776.52,144825.6668
Bitcoin,18/12/2022,BTC,16777.54,16863.26,16663.07,16738.21,112619.3165
Bitcoin,19/12/2022,BTC,16739,16815.99,16256.3,16438.88,179094.2831
Bitcoin,20/12/2022,BTC,16438.88,17061.27,16397.2,16895.56,248808.9232
Bitcoin,21/12/2022,BTC,16896.15,16925,16723,16824.67,156810.9636
Bitcoin,22/12/2022,BTC,16824.68,16868.52,16559.85,16821.43,176044.2724
Bitcoin,23/12/2022,BTC,16821.9,16955.14,16731.13,16778.5,161612.0095
Bitcoin,24/12/2022,BTC,16778.52,16869.99,16776.62,16836.12,100224.291
Bitcoin,25/12/2022,BTC,16835.73,16857.96,16721,16832.11,125441.072
Bitcoin,26/12/2022,BTC,16832.11,16944.52,16791,16919.39,124564.0066
Bitcoin,27/12/2022,BTC,16919.39,16972.83,16592.37,16706.36,173749.5862
Bitcoin,28/12/2022,BTC,16706.06,16785.19,16465.33,16547.31,193037.5658
Bitcoin,29/12/2022,BTC,16547.32,16664.41,16488.91,16633.47,160998.4716
Bitcoin,30/12/2022,BTC,16633.47,16677.35,16333,16607.48,164916.3117
Bitcoin,31/12/2022,BTC,16607.48,16644.09,16470,16542.4,114490.4286
Bitcoin,01/01/2023,BTC,16541.77,16628,16499.01,16616.75,96925.41374
Bitcoin,02/01/2023,BTC,16617.17,16799.23,16548.7,16672.87,121888.5719
Bitcoin,03/01/2023,BTC,16672.78,16778.4,16605.28,16675.18,159541.5373
Bitcoin,04/01/2023,BTC,16675.65,16991.87,16652.66,16850.36,220362.1886
Bitcoin,05/01/2023,BTC,16850.36,16879.82,16753,16831.85,163473.5664
Bitcoin,06/01/2023,BTC,16831.85,17041,16679,16950.65,207401.2842
Bitcoin,07/01/2023,BTC,16950.31,16981.91,16908,16943.57,104526.5688
Bitcoin,08/01/2023,BTC,16943.83,17176.99,16911,17127.83,135155.897
Bitcoin,09/01/2023,BTC,17127.83,17398.8,17104.66,17178.26,266211.5272
Bitcoin,10/01/2023,BTC,17179.04,17499,17146.34,17440.66,221382.4258
Bitcoin,11/01/2023,BTC,17440.64,18000,17315.6,17943.26,262221.6065
Bitcoin,12/01/2023,BTC,17943.26,19117.04,17892.05,18846.62,454568.3218
Bitcoin,13/01/2023,BTC,18846.62,20000,18714.12,19930.01,368615.8782
Bitcoin,14/01/2023,BTC,19930.01,21258,19888.05,20954.92,393913.7495
Bitcoin,15/01/2023,BTC,20952.76,21050.74,20551.01,20871.5,178542.2255
Bitcoin,16/01/2023,BTC,20872.99,21474.05,20611.48,21185.65,293078.0826
Bitcoin,17/01/2023,BTC,21185.65,21647.45,20841.31,21134.81,275407.7441
Bitcoin,18/01/2023,BTC,21132.29,21650,20407.15,20677.47,350916.0195
Bitcoin,19/01/2023,BTC,20677.47,21192,20659.19,21071.59,251385.8493
Bitcoin,20/01/2023,BTC,21071.59,22755.93,20861.28,22667.21,338079.1366
Bitcoin,21/01/2023,BTC,22666,23371.8,22422,22783.55,346445.4843
Bitcoin,22/01/2023,BTC,22783.35,23078.71,22292.37,22707.88,253577.7529
Bitcoin,23/01/2023,BTC,22706.02,23180,22500,22916.45,293588.3794
Bitcoin,24/01/2023,BTC,22917.81,23162.2,22462.93,22632.89,293158.7825
Bitcoin,25/01/2023,BTC,22631.94,23816.73,22300,23060.94,346042.8322
Bitcoin,26/01/2023,BTC,23060.42,23282.47,22850.01,23009.65,288924.4358
Bitcoin,27/01/2023,BTC,23009.65,23500,22534.88,23074.16,280833.8632
Bitcoin,28/01/2023,BTC,23074.16,23189,22878.46,23022.6,148115.7109
Bitcoin,29/01/2023,BTC,23021.4,23960.54,22967.76,23742.3,295688.792
Bitcoin,30/01/2023,BTC,23743.37,23800.51,22500,22826.15,302405.9012
Bitcoin,31/01/2023,BTC,22827.38,23320,22714.77,23125.13,264649.3491
Bitcoin,01/02/2023,BTC,23125.13,23812.66,22760.23,23732.66,310790.4227
Bitcoin,02/02/2023,BTC,23731.41,24255,23363.27,23488.94,364177.2075
Bitcoin,03/02/2023,BTC,23489.33,23715.7,23204.62,23431.9,332571.029
Bitcoin,04/02/2023,BTC,23431.9,23587.78,23253.96,23326.84,166126.473
Bitcoin,05/02/2023,BTC,23327.66,23433.33,22743,22932.91,209251.3392
Bitcoin,06/02/2023,BTC,22932.91,23158.25,22628.13,22762.52,265371.6069
Bitcoin,07/02/2023,BTC,22762.52,23350.25,22745.78,23240.46,308006.7248
Bitcoin,08/02/2023,BTC,23242.42,23452,22665.85,22963,280056.3072
Bitcoin,09/02/2023,BTC,22961.85,23011.39,21688,21796.35,402894.6955
Bitcoin,10/02/2023,BTC,21797.83,21938.16,21451,21625.19,338591.9425
Bitcoin,11/02/2023,BTC,21625.19,21906.32,21599.78,21862.55,177021.5843
Bitcoin,12/02/2023,BTC,21862.02,22090,21630,21783.54,204435.6516
Bitcoin,13/02/2023,BTC,21782.37,21894.99,21351.07,21773.97,295730.7679
Bitcoin,14/02/2023,BTC,21774.63,22319.08,21532.77,22199.84,361958.4011
Bitcoin,15/02/2023,BTC,22199.84,24380,22047.28,24324.05,375669.1611
Bitcoin,16/02/2023,BTC,24322.87,25250,23505.25,23517.72,450080.6837
Bitcoin,17/02/2023,BTC,23517.72,25021.11,23339.37,24569.97,496813.2138
Bitcoin,18/02/2023,BTC,24568.24,24877,24430,24631.95,216917.2521
Bitcoin,19/02/2023,BTC,24632.05,25192,24192.57,24271.76,300395.9954
Bitcoin,20/02/2023,BTC,24272.51,25121.23,23840.83,24842.2,346938.57
Bitcoin,21/02/2023,BTC,24843.89,25250,24148.34,24452.16,376000.8287
Bitcoin,22/02/2023,BTC,24450.67,24476.05,23574.69,24182.21,379425.7537
Bitcoin,23/02/2023,BTC,24182.21,24599.59,23608,23940.2,398400.4544
Bitcoin,24/02/2023,BTC,23940.2,24132.35,22841.19,23185.29,343582.5745
Bitcoin,25/02/2023,BTC,23184.04,23219.13,22722,23157.07,191311.8101
Bitcoin,26/02/2023,BTC,23157.07,23689.99,23059.18,23554.85,202323.7362
Bitcoin,27/02/2023,BTC,23554.85,23897.99,23106.77,23492.09,283706.0859
Bitcoin,28/02/2023,BTC,23492.09,23600,23020.97,23141.57,264140.9989
Bitcoin,01/03/2023,BTC,23141.57,24000,23020.03,23628.97,315287.4174
Bitcoin,02/03/2023,BTC,23629.76,23796.93,23195.9,23465.32,239315.4522
Bitcoin,03/03/2023,BTC,23465.32,23476.95,21971.13,22354.34,319954.1979
Bitcoin,04/03/2023,BTC,22354.34,22410,22157.08,22346.57,121257.3813
Bitcoin,05/03/2023,BTC,22346.57,22662.09,22189.22,22430.24,154841.7579
Bitcoin,06/03/2023,BTC,22430.24,22602.19,22258,22410,203751.8296
Bitcoin,07/03/2023,BTC,22409.41,22557.91,21927,22197.96,292519.8091
Bitcoin,08/03/2023,BTC,22198.56,22287,21580,21705.44,301460.5727
Bitcoin,09/03/2023,BTC,21704.37,21834.99,20042.72,20362.22,443658.2858
Bitcoin,10/03/2023,BTC,20362.21,20367.78,19549.09,20150.69,618456.4671
Bitcoin,11/03/2023,BTC,20150.69,20686.51,19765.03,20455.73,427831.8213
Bitcoin,12/03/2023,BTC,20455.73,22150,20270.6,21997.11,430944.9429
Bitcoin,13/03/2023,BTC,21998.05,24500,21813.88,24113.48,687889.3126
Bitcoin,14/03/2023,BTC,24112.27,26386.87,23976.42,24670.41,699360.9342
Bitcoin,15/03/2023,BTC,24670.41,25196.97,23896.95,24285.66,581450.7298
Bitcoin,16/03/2023,BTC,24285.66,25167.4,24123,24998.78,439421.33
Bitcoin,17/03/2023,BTC,24998.78,27756.84,24890,27395.13,624460.6809
Bitcoin,18/03/2023,BTC,27395.13,27724.85,26578,26907.49,371238.9717
Bitcoin,19/03/2023,BTC,26907.49,28390.1,26827.22,27972.87,372066.9905
Bitcoin,20/03/2023,BTC,27972.87,28472,27124.47,27717.01,477378.2337
Bitcoin,21/03/2023,BTC,27717.01,28438.55,27303.1,28105.47,420929.7422
Bitcoin,22/03/2023,BTC,28107.81,28868.05,26601.8,27250.97,224113.413
Bitcoin,23/03/2023,BTC,27250.97,28750,27105,28295.41,128649.6082
Bitcoin,24/03/2023,BTC,28295.42,28374.3,27000,27454.47,86242.06544
Bitcoin,25/03/2023,BTC,27454.46,27787.33,27156.09,27462.95,50844.08102
Bitcoin,26/03/2023,BTC,27462.96,28194.4,27417.76,27968.05,49671.70353
Bitcoin,27/03/2023,BTC,27968.05,28023.86,26508.14,27124.91,88039.46898
Bitcoin,28/03/2023,BTC,27124.9,27520,26631.78,27261.07,78602.44341
Bitcoin,29/03/2023,BTC,27261.06,28650,27240.1,28348.6,89486.16008
Bitcoin,30/03/2023,BTC,28348.6,29184.68,27686,28028.53,98865.43256
Bitcoin,31/03/2023,BTC,28028.53,28656.69,27511.71,28465.36,78198.12139
Bitcoin,01/04/2023,BTC,28465.36,28819.71,28220.27,28452.73,30238.44753
Bitcoin,02/04/2023,BTC,28452.74,28530,27856.43,28171.87,37365.65692
Bitcoin,03/04/2023,BTC,28171.87,28500.99,27200.24,27800,79180.01405
Bitcoin,04/04/2023,BTC,27800,28444.44,27662.79,28165.47,49722.55691
Bitcoin,05/04/2023,BTC,28165.47,28775,27805.1,28170.01,60737.64732
Bitcoin,06/04/2023,BTC,28170.01,28182.05,27711,28033.82,40118.94963
Bitcoin,07/04/2023,BTC,28033.83,28100,27766.94,27906.33,24762.09387
Bitcoin,08/04/2023,BTC,27906.34,28154.99,27859.02,27938.38,19479.96735
Bitcoin,09/04/2023,BTC,27938.38,28530,27800,28323.76,32531.16101
Bitcoin,10/04/2023,BTC,28323.76,29770,28170,29637.34,67754.0622
Bitcoin,11/04/2023,BTC,29637.35,30550,29590,30200.42,67990.07621
Bitcoin,12/04/2023,BTC,30200.43,30486,29637.4,29888.07,62049.48451
Bitcoin,13/04/2023,BTC,29888.07,30595,29854.59,30373.84,51934.11731
Bitcoin,14/04/2023,BTC,30373.84,31000,29966,30466.93,75984.19452
Bitcoin,15/04/2023,BTC,30466.93,30595.6,30202,30295.09,25429.81247
Bitcoin,16/04/2023,BTC,30295.1,30549.99,30120,30304.65,26431.99322
Bitcoin,17/04/2023,BTC,30304.66,30316.06,29240.65,29430.27,56441.81127
Bitcoin,18/04/2023,BTC,29430.27,30485,29096.78,30380.01,62004.89434
Bitcoin,19/04/2023,BTC,30380.01,30413.53,28520,28797.1,86575.48656
Bitcoin,20/04/2023,BTC,28797.1,29088.3,28010,28243.65,76879.09372
Bitcoin,21/04/2023,BTC,28243.65,28374.02,27125,27262.84,77684.7679
Bitcoin,22/04/2023,BTC,27262.84,27882.72,27140.35,27816.85,36023.69686
Bitcoin,23/04/2023,BTC,27816.85,27816.85,27311.25,27590.6,34812.09581
Bitcoin,24/04/2023,BTC,27590.59,28000,26942.82,27510.93,53111.56874
Bitcoin,25/04/2023,BTC,27510.93,28399.99,27192,28300.79,52325.14637
Bitcoin,26/04/2023,BTC,28300.8,30036,27235,28415.29,129228.404
Bitcoin,27/04/2023,BTC,28415.29,29890,28378.86,29472.77,95430.82431
Bitcoin,28/04/2023,BTC,29472.77,29599.54,28891,29311.7,54298.16578
Bitcoin,29/04/2023,BTC,29311.69,29448.88,29031,29230.45,20466.83058
Bitcoin,30/04/2023,BTC,29230.45,29969.39,29079.59,29233.21,39752.5372
Bitcoin,01/05/2023,BTC,29233.2,29337.34,27666.95,28068.26,64433.65958
Bitcoin,02/05/2023,BTC,28068.26,28879.88,27872,28669.86,50824.5224
Bitcoin,03/05/2023,BTC,28669.85,29266.66,28113.69,29026.16,64615.79213
Bitcoin,04/05/2023,BTC,29026.16,29379.83,28663.64,28838.16,42575.47501
Bitcoin,05/05/2023,BTC,28838.16,29677,28800,29505.61,58415.83048
Bitcoin,06/05/2023,BTC,29505.6,29820,28300,28848.2,49249.28459
Bitcoin,07/05/2023,BTC,28848.19,29138.29,28395.23,28430.1,30003.41028
Bitcoin,08/05/2023,BTC,28430.09,28631.01,27262,27668.79,68244.36179
Bitcoin,09/05/2023,BTC,27668.8,27818,27353,27628.27,40113.31069
Bitcoin,10/05/2023,BTC,27628.28,28331.42,26777,27598.75,71155.11355
Bitcoin,11/05/2023,BTC,27598.74,27630.14,26702.05,26968.62,47635.31365
Bitcoin,12/05/2023,BTC,26968.61,27091.12,25811.46,26795.01,67207.93494
Bitcoin,13/05/2023,BTC,26795.01,27045.45,26692.03,26775.28,22814.90421
Bitcoin,14/05/2023,BTC,26775.27,27200,26560.53,26917.62,21594.8036
Bitcoin,15/05/2023,BTC,26917.61,27663.59,26726,27162.14,40430.08333
Bitcoin,16/05/2023,BTC,27162.15,27296.89,26852.11,27033.84,33270.45451
Bitcoin,17/05/2023,BTC,27033.85,27500,26544.71,27405.61,42958.97785
Bitcoin,18/05/2023,BTC,27405.62,27485.33,26361.2,26821.28,49198.65143
Bitcoin,19/05/2023,BTC,26821.28,27183.6,26630,26880.26,28754.13544
Bitcoin,20/05/2023,BTC,26880.26,27150,26825.11,27102.43,14434.54718
Bitcoin,21/05/2023,BTC,27102.42,27277.55,26666.03,26747.78,21347.87279
Bitcoin,22/05/2023,BTC,26747.78,27099.89,26538.21,26849.27,26458.83828
Bitcoin,23/05/2023,BTC,26849.28,27495.83,26798.11,27219.61,38700.83858
Bitcoin,24/05/2023,BTC,27219.61,27219.61,26080.5,26329.01,54393.0657
Bitcoin,25/05/2023,BTC,26329,26631.98,25871.89,26473.79,37435.44895
Bitcoin,26/05/2023,BTC,26473.8,26932.16,26327.24,26705.92,35061.18713
Bitcoin,27/05/2023,BTC,26705.93,26895,26551,26854.27,15095.6867
Bitcoin,28/05/2023,BTC,26854.28,28261.32,26764.36,28065,43916.00855
Bitcoin,29/05/2023,BTC,28065.01,28447.14,27524.6,27736.4,42385.41945
Bitcoin,30/05/2023,BTC,27736.39,28038.59,27554,27694.4,32686.75371
Bitcoin,31/05/2023,BTC,27694.39,27835.51,26839.01,27210.35,46588.80573
Bitcoin,01/06/2023,BTC,27210.36,27350,26605.05,26817.93,39217.8088
Bitcoin,02/06/2023,BTC,26817.93,27300,26505,27242.59,36380.90269
Bitcoin,03/06/2023,BTC,27242.59,27333.29,26914.93,27069.22,16595.34117
Bitcoin,04/06/2023,BTC,27069.22,27455.02,26951,27115.21,19258.41049
Bitcoin,05/06/2023,BTC,27115.2,27129.33,25388,25728.2,65805.60305
Bitcoin,06/06/2023,BTC,25728.2,27355.33,25351.02,27230.08,68392.60438
Bitcoin,07/06/2023,BTC,27230.07,27391.77,26125.01,26339.34,59619.44364
Bitcoin,08/06/2023,BTC,26339.34,26810,26210,26498.61,31075.51083
Bitcoin,09/06/2023,BTC,26498.62,26783.33,26269.91,26477.81,27934.7097
Bitcoin,10/06/2023,BTC,26477.8,26533.87,25358,25841.21,64944.60108
Bitcoin,11/06/2023,BTC,25841.22,26206.88,25634.7,25925.55,30014.29595
Bitcoin,12/06/2023,BTC,25925.54,26106.48,25602.11,25905.19,29900.50893
Bitcoin,13/06/2023,BTC,25905.2,26433.21,25712.57,25934.25,41065.60853
Bitcoin,14/06/2023,BTC,25934.24,26098,24820.56,25128.6,45077.31608
Bitcoin,15/06/2023,BTC,25128.6,25759.01,24800,25598.49,48664.86063
Bitcoin,16/06/2023,BTC,25598.49,26518,25175.56,26345,51596.91662
Bitcoin,17/06/2023,BTC,26345.01,26839.99,26181,26516.99,27842.2195
Bitcoin,18/06/2023,BTC,26516.99,26700,26255.85,26339.97,21538.31022
Bitcoin,19/06/2023,BTC,26339.98,27068.09,26256.61,26844.35,35872.65974
Bitcoin,20/06/2023,BTC,26844.35,28402.74,26652,28307.99,69666.95525
Bitcoin,21/06/2023,BTC,28308,30800,28257.99,29993.89,108926.4041
Bitcoin,22/06/2023,BTC,29993.89,30500,29525.61,29884.92,59054.5646
Bitcoin,23/06/2023,BTC,29884.92,31431.94,29800,30688.5,73931.89635
Bitcoin,24/06/2023,BTC,30688.51,30800,30250,30527.43,30513.30135
Bitcoin,25/06/2023,BTC,30527.44,31046.01,30277.49,30462.66,30223.44801
Bitcoin,26/06/2023,BTC,30462.67,30666,29930,30267.99,45180.41489
Bitcoin,27/06/2023,BTC,30267.99,30994.97,30226.17,30692.44,42699.64157
Bitcoin,28/06/2023,BTC,30692.44,30709.74,29858.8,30077.41,40463.51937
Bitcoin,29/06/2023,BTC,30077.4,30843.98,30049.98,30447.31,36330.62903
Bitcoin,30/06/2023,BTC,30447.31,31282,29500,30472,89419.07618
Bitcoin,01/07/2023,BTC,30471.99,30661.6,30320.57,30585.9,17501.75075
Bitcoin,02/07/2023,BTC,30585.9,30791,30155,30617.03,23286.41019
Bitcoin,03/07/2023,BTC,30617.02,31380,30570.27,31156.2,43761.64311
Bitcoin,04/07/2023,BTC,31156.2,31350.69,30620,30766.51,33206.11943
Bitcoin,05/07/2023,BTC,30766.52,30878.07,30200,30504.81,33215.67122
Bitcoin,06/07/2023,BTC,30504.8,31500,29850.45,29895.43,71319.6261
Bitcoin,07/07/2023,BTC,29895.42,30449,29701.02,30344.7,34070.53895
Bitcoin,08/07/2023,BTC,30344.7,30386.81,30044.47,30284.63,13094.59042
Bitcoin,09/07/2023,BTC,30284.63,30445.52,30061.12,30160.71,15388.50196
Bitcoin,10/07/2023,BTC,30160.71,31045.78,29950,30411.57,41262.87652
Bitcoin,11/07/2023,BTC,30411.57,30813.63,30300,30622.1,28476.83311
Bitcoin,12/07/2023,BTC,30622.1,30983.25,30210,30380,38108.99669
Bitcoin,13/07/2023,BTC,30380,31804.2,30251,31454.23,70772.51836
Bitcoin,14/07/2023,BTC,31454.23,31630,29900,30312.01,60749.48424
Bitcoin,15/07/2023,BTC,30312,30390.9,30200,30289.52,14118.55329
Bitcoin,16/07/2023,BTC,30289.52,30441.46,30064.29,30231.99,15760.1281
Bitcoin,17/07/2023,BTC,30232,30336.96,29659.2,30138,30882.76839
Bitcoin,18/07/2023,BTC,30138.01,30239.78,29512,29859.13,30003.8601
Bitcoin,19/07/2023,BTC,29859.14,30189.09,29761.96,29909.21,25657.36137
Bitcoin,20/07/2023,BTC,29909.21,30417.46,29570.96,29800,37540.68193
Bitcoin,21/07/2023,BTC,29800,30061.7,29726.34,29901.72,23881.40865
Bitcoin,22/07/2023,BTC,29901.72,29999,29625.1,29794,14660.40467
Bitcoin,23/07/2023,BTC,29793.99,30350,29730,30083.75,18292.78637
Bitcoin,24/07/2023,BTC,30083.75,30099.58,28861.9,29176.5,39628.99691
Bitcoin,25/07/2023,BTC,29176.5,29376,29047.65,29228.91,21565.7478
Bitcoin,26/07/2023,BTC,29228.91,29690,29096.94,29351.96,33931.63366
Bitcoin,27/07/2023,BTC,29351.95,29567.49,29083.85,29222.78,22476.47626
Bitcoin,28/07/2023,BTC,29222.78,29542.22,29123.12,29314.14,23993.61627
Bitcoin,29/07/2023,BTC,29314.14,29406.92,29256.18,29352.9,10851.36844
Bitcoin,30/07/2023,BTC,29352.9,29449,29033.24,29281.09,15706.97441
Bitcoin,31/07/2023,BTC,29281.09,29530,29101.8,29232.25,22605.48964
Bitcoin,01/08/2023,BTC,29232.26,29739.25,28585.7,29705.99,44719.65162
Bitcoin,02/08/2023,BTC,29705.99,30047.5,28927.5,29186.01,48181.65141
Bitcoin,03/08/2023,BTC,29186,29433.33,28968,29193.64,26476.91994
Bitcoin,04/08/2023,BTC,29193.65,29333.08,28807.54,29113.99,23551.95217
Bitcoin,05/08/2023,BTC,29114,29152.23,28978.64,29072.13,11645.52018
Bitcoin,06/08/2023,BTC,29072.13,29205.09,28991.88,29088.42,13178.1972
Bitcoin,07/08/2023,BTC,29088.43,29276.78,28701.03,29211.06,30966.87746
Bitcoin,08/08/2023,BTC,29211.06,30244,29146.45,29770.42,45700.53392
Bitcoin,09/08/2023,BTC,29770.41,30160,29376.67,29581.99,38003.88725
Bitcoin,10/08/2023,BTC,29581.99,29738,29320.2,29455.75,23463.45373
Bitcoin,11/08/2023,BTC,29455.76,29564.52,29252.45,29426.03,20637.0443
Bitcoin,12/08/2023,BTC,29426.02,29481.35,29381.56,29430.17,8971.48068
Bitcoin,13/08/2023,BTC,29430.18,29474.65,29272.32,29303.84,11101.70947
Bitcoin,14/08/2023,BTC,29303.85,29695.32,29102.45,29430.93,31443.11532
Bitcoin,15/08/2023,BTC,29430.92,29499.26,29059.6,29200,27503.87691
Bitcoin,16/08/2023,BTC,29200.01,29259.85,28723.08,28730.51,32996.69854
Bitcoin,17/08/2023,BTC,28730.51,28783.48,25166,26623.41,100271.5403
Bitcoin,18/08/2023,BTC,26623.41,26832.6,25619,26054,69790.65711
Bitcoin,19/08/2023,BTC,26054,26281,25801.09,26100.01,26160.75343
Bitcoin,20/08/2023,BTC,26100.01,26299,25971.05,26189.99,19056.91209
Bitcoin,21/08/2023,BTC,26190,26258.42,25812,26126.92,30267.24233
Bitcoin,22/08/2023,BTC,26126.92,26139.42,25300,26056,34247.06688
Bitcoin,23/08/2023,BTC,26055.99,26819.27,25812.82,26432.72,44023.69978
Bitcoin,24/08/2023,BTC,26432.71,26577.87,25864,26180.05,30205.22116
Bitcoin,25/08/2023,BTC,26180.05,26314.05,25777.15,26060.01,27753.33772
Bitcoin,26/08/2023,BTC,26060,26125.77,25985.92,26017.37,10022.22322
Bitcoin,27/08/2023,BTC,26017.38,26182.23,25966.11,26101.77,12099.64216
Bitcoin,28/08/2023,BTC,26101.78,26253.99,25864.5,26120,22692.62655
Bitcoin,29/08/2023,BTC,26120,28142.85,25922,27716.34,74251.99488
Bitcoin,30/08/2023,BTC,27716.34,27768.57,27017.24,27299.99,35448.25848
Bitcoin,31/08/2023,BTC,27299.99,27587.51,25655.01,25940.78,51032.80401
Bitcoin,01/09/2023,BTC,25940.77,26156,25333.75,25805.05,41032.15056
Bitcoin,02/09/2023,BTC,25805.04,25987.5,25752.47,25869.51,16250.77698
Bitcoin,03/09/2023,BTC,25869.52,26135,25800,25971.21,17474.47667
Bitcoin,04/09/2023,BTC,25971.21,26108.02,25631.21,25826.02,21777.59609
Bitcoin,05/09/2023,BTC,25826.03,25915.49,25562.62,25792.1,21323.39337
Bitcoin,06/09/2023,BTC,25792.11,26040,25372.51,25759.95,27262.52386
Bitcoin,07/09/2023,BTC,25759.95,26443.14,25615.38,26255,27687.49567
Bitcoin,08/09/2023,BTC,26255,26445.5,25647.26,25910.5,28999.76471
Bitcoin,09/09/2023,BTC,25910.5,25945.09,25796.64,25901.61,10980.62277
Bitcoin,10/09/2023,BTC,25901.6,26033.66,25570.57,25841.61,18738.26914
Bitcoin,11/09/2023,BTC,25841.6,25900.69,24901,25162.52,41682.32
Bitcoin,12/09/2023,BTC,25162.53,26567,25131.48,25840.1,56434.38537
Bitcoin,13/09/2023,BTC,25840.1,26405.22,25764.17,26222,31610.82753
Bitcoin,14/09/2023,BTC,26222,26860.49,26126.77,26522.73,38333.1725
Bitcoin,15/09/2023,BTC,26522.73,26888,26224,26600,26227.29369
Bitcoin,16/09/2023,BTC,26599.99,26777,26445,26559.67,13960.93351
Bitcoin,17/09/2023,BTC,26559.67,26623.25,26399,26527.51,12998.10277
Bitcoin,18/09/2023,BTC,26527.5,27409,26377.35,26762.51,43000.43256
Bitcoin,19/09/2023,BTC,26762.5,27483.57,26667.79,27210.26,36190.52187
Bitcoin,20/09/2023,BTC,27210.25,27388.63,26800,27125,34207.21867
Bitcoin,21/09/2023,BTC,27125.01,27159.6,26377.7,26568.08,34476.82662
Bitcoin,22/09/2023,BTC,26568.08,26743.38,26468.77,26580.14,18198.2292
Bitcoin,23/09/2023,BTC,26580.14,26632.81,26509,26575.96,9440.7026
Bitcoin,24/09/2023,BTC,26575.97,26738.54,26122.08,26248.38,15706.65771
Bitcoin,25/09/2023,BTC,26248.39,26446.15,25990.46,26304.81,26266.2039
Bitcoin,26/09/2023,BTC,26304.8,26397.46,26088.34,26221.67,18495.35066
Bitcoin,27/09/2023,BTC,26221.68,26850,26112.06,26372.99,34771.57978
Bitcoin,28/09/2023,BTC,26373,27308.48,26342.4,27021.39,44517.83491
Bitcoin,29/09/2023,BTC,27021.39,27244.89,26665.16,26906.96,28478.76219
Bitcoin,30/09/2023,BTC,26906.96,27094.99,26886.31,26962.56,12804.62307
Bitcoin,01/10/2023,BTC,26962.57,28065.51,26954.09,27992.57,24602.81468
Bitcoin,02/10/2023,BTC,27992.58,28580,27281.44,27494.51,57071.14241
Bitcoin,03/10/2023,BTC,27494.51,27676.52,27160.5,27426.46,28928.96555
Bitcoin,04/10/2023,BTC,27426.45,27839.72,27202,27778.57,29816.142
Bitcoin,05/10/2023,BTC,27778.57,28120.39,27352,27410.39,30681.49619
Bitcoin,06/10/2023,BTC,27410.39,28295,27175.94,27931.09,37983.24277
Bitcoin,07/10/2023,BTC,27931.1,28029.67,27842.08,27956.67,13348.83825
Bitcoin,08/10/2023,BTC,27956.67,28095.14,27687.5,27917.05,19693.56921
Bitcoin,09/10/2023,BTC,27917.06,27987.93,27260,27590.12,31534.74639
Bitcoin,10/10/2023,BTC,27590.12,27735,27298,27390.12,22776.84383
Bitcoin,11/10/2023,BTC,27390.12,27477.39,26538.66,26875.52,37349.44706
Bitcoin,12/10/2023,BTC,26875.52,26947.04,26555,26759.63,23428.64112
Bitcoin,13/10/2023,BTC,26759.63,27130,26685,26862,24115.76499
Bitcoin,14/10/2023,BTC,26862,26989.58,26789,26852.48,10417.25576
Bitcoin,15/10/2023,BTC,26852.48,27293.33,26808.25,27154.15,15274.6917
Bitcoin,16/10/2023,BTC,27154.14,30000,27112.66,28500.78,78399.22445
Bitcoin,17/10/2023,BTC,28500.77,28613.65,28069.32,28395.91,38428.44532
Bitcoin,18/10/2023,BTC,28395.91,28982.36,28142.87,28320,32162.47591
Bitcoin,19/10/2023,BTC,28320,28916.89,28100.66,28713.71,35895.50179
Bitcoin,20/10/2023,BTC,28713.71,30207.55,28578.29,29669.04,59422.0992
Bitcoin,21/10/2023,BTC,29669.05,30379.99,29464.77,29909.8,27517.51897
Bitcoin,22/10/2023,BTC,29909.8,30248,29640,29992.46,22852.54563
Bitcoin,23/10/2023,BTC,29992.46,34741.91,29883.6,33069.99,93513.64246
Bitcoin,24/10/2023,BTC,33069.99,35280,32832.34,33922.73,115265.0242
Bitcoin,25/10/2023,BTC,33922.73,35132.85,33679.05,34496.05,54887.02529
Bitcoin,26/10/2023,BTC,34496.05,34824.13,33751,34151.66,39744.66255
Bitcoin,27/10/2023,BTC,34151.66,34245,33390.95,33892.02,32330.40106
Bitcoin,28/10/2023,BTC,33892.01,34493.33,33860,34081,16880.13144
Bitcoin,29/10/2023,BTC,34081.01,34750.11,33930,34525.89,20685.52176
Bitcoin,30/10/2023,BTC,34525.88,34856,34062.84,34474.73,33657.95976
Bitcoin,31/10/2023,BTC,34474.74,34720.49,34025,34639.77,32737.89822
Bitcoin,01/11/2023,BTC,34639.78,35582,34097.39,35421.43,53473.28165
Bitcoin,02/11/2023,BTC,35421.43,35984.99,34300,34941.59,48015.57732
Bitcoin,03/11/2023,BTC,34941.58,34946.5,34120,34716.78,39071.20644
Bitcoin,04/11/2023,BTC,34716.78,35255,34585.18,35062.07,18377.55545
Bitcoin,05/11/2023,BTC,35062.06,35380,34448,35011.88,24528.73376
Bitcoin,06/11/2023,BTC,35011.89,35276.33,34725.9,35046.09,22346.47086
Bitcoin,07/11/2023,BTC,35046.09,35888,34523.06,35399.12,38688.73692
Bitcoin,08/11/2023,BTC,35399.13,36106,35100,35624.72,33401.34137
Bitcoin,09/11/2023,BTC,35624.72,37972.24,35534.05,36701.09,82537.88885
Bitcoin,10/11/2023,BTC,36701.1,37526,36324.71,37301.63,43414.04898
Bitcoin,11/11/2023,BTC,37301.63,37408.26,36666.93,37130,22984.97235
Bitcoin,12/11/2023,BTC,37129.99,37222.22,36731.1,37064.13,17687.18874
Bitcoin,13/11/2023,BTC,37064.13,37417.99,36333,36462.93,32798.18252
Bitcoin,14/11/2023,BTC,36462.93,36744,34800,35551.19,45503.68416
Bitcoin,15/11/2023,BTC,35551.2,37980,35360,37858.2,53569.13385
Bitcoin,16/11/2023,BTC,37858.2,37929.54,35500,36163.51,47490.39566
Bitcoin,17/11/2023,BTC,36163.51,36800,35861.1,36613.92,38283.61112
Bitcoin,18/11/2023,BTC,36613.91,36845.49,36178.58,36568.1,17102.24186
Bitcoin,19/11/2023,BTC,36568.11,37500,36384.02,37359.86,21246.34648
Bitcoin,20/11/2023,BTC,37359.85,37750,36677,37448.78,36022.70291
Bitcoin,21/11/2023,BTC,37448.79,37649.44,35735,35741.65,47646.54804
Bitcoin,22/11/2023,BTC,35741.65,37861.1,35632.01,37408.34,45051.30697
Bitcoin,23/11/2023,BTC,37408.35,37653.44,36870,37294.28,23827.92882
Bitcoin,24/11/2023,BTC,37294.27,38414,37251.51,37713.57,44680.80646
Bitcoin,25/11/2023,BTC,37713.57,37888,37591.1,37780.67,11396.14464
Bitcoin,26/11/2023,BTC,37780.67,37814.63,37150,37447.43,21264.53723
Bitcoin,27/11/2023,BTC,37447.42,37569.23,36707,37242.7,30001.07376
Bitcoin,28/11/2023,BTC,37242.7,38377,36868.41,37818.87,37544.46667
Bitcoin,29/11/2023,BTC,37818.88,38450,37570,37854.64,32994.19107
Bitcoin,30/11/2023,BTC,37854.65,38145.85,37500,37723.96,24740.29147
Bitcoin,01/12/2023,BTC,37723.97,38999,37615.86,38682.52,43415.66324
Bitcoin,02/12/2023,BTC,38682.51,39717.14,38641.61,39450.35,26696.92161
Bitcoin,03/12/2023,BTC,39450.35,40250,39274.86,39972.26,26710.65335
Bitcoin,04/12/2023,BTC,39972.26,42420,39972.26,41991.1,79272.33059
Bitcoin,05/12/2023,BTC,41991.1,44488,41414,44073.32,67490.74644
Bitcoin,06/12/2023,BTC,44073.82,44297.21,43335.28,43762.69,51431.10492
Bitcoin,07/12/2023,BTC,43762.69,44047.33,42821.1,43273.14,47103.26845
Bitcoin,08/12/2023,BTC,43273.15,44700,43081.1,44170.99,42900.37556
Bitcoin,09/12/2023,BTC,44171,44358.02,43584.51,43713.6,24925.97008
Bitcoin,10/12/2023,BTC,43713.59,44049,43563,43789.51,18956.61758
Bitcoin,11/12/2023,BTC,43789.5,43804.5,40222,41253.4,76663.89804
Bitcoin,12/12/2023,BTC,41253.41,42104.12,40680,41492.39,42722.69773
Bitcoin,13/12/2023,BTC,41492.38,43475.2,40555,42869.03,45865.99773
Bitcoin,14/12/2023,BTC,42869.03,43420,41400,43022.26,42047.05709
Bitcoin,15/12/2023,BTC,43022.26,43080.81,41666,41940.3,33421.7932
Bitcoin,16/12/2023,BTC,41940.29,42724.43,41605,42278.03,24118.85747
Bitcoin,17/12/2023,BTC,42278.02,42424.07,41252,41374.65,27722.11452
Bitcoin,18/12/2023,BTC,41374.64,42757.81,40542.93,42657.8,46734.0925
Bitcoin,19/12/2023,BTC,42657.8,43497,41811.1,42275.99,40927.86444
Bitcoin,20/12/2023,BTC,42275.99,44283,42206,43668.93,48710.2947
Bitcoin,21/12/2023,BTC,43668.92,44242.35,43286.72,43861.8,34624.29384
Bitcoin,22/12/2023,BTC,43861.79,44398.26,43412.54,43969.04,32783.19638
Bitcoin,23/12/2023,BTC,43969.04,43988.68,43291.1,43702.16,16557.1293
Bitcoin,24/12/2023,BTC,43702.15,43946,42500,42991.5,25144.33496
Bitcoin,25/12/2023,BTC,42991.5,43802.32,42720.43,43576.13,27021.23992
Bitcoin,26/12/2023,BTC,43576.12,43592.68,41637.6,42508.93,41010.04282
Bitcoin,27/12/2023,BTC,42508.93,43677,42098.69,43428.85,36191.21136
Bitcoin,28/12/2023,BTC,43428.86,43787.57,42241.79,42563.76,35150.52485
Bitcoin,29/12/2023,BTC,42563.76,43111,41300,42066.95,42597.18912
Bitcoin,30/12/2023,BTC,42066.94,42612.32,41520.3,42140.28,22906.57818
Bitcoin,31/12/2023,BTC,42140.29,42899,41965.84,42283.58,23585.91603
Bitcoin,01/01/2024,BTC,42283.58,44184.1,42180.77,44179.55,27174.29903
Bitcoin,02/01/2024,BTC,44179.55,45879.63,44148.34,44946.91,65146.40661
Bitcoin,03/01/2024,BTC,44946.91,45500,40750,42845.23,81194.55173
Bitcoin,04/01/2024,BTC,42845.23,44729.58,42613.77,44151.1,48038.06334
Bitcoin,05/01/2024,BTC,44151.1,44357.46,42450,44145.11,48075.25327
Bitcoin,06/01/2024,BTC,44145.12,44214.42,43397.05,43968.32,17835.06144
Bitcoin,07/01/2024,BTC,43968.32,44480.59,43572.09,43929.02,23023.8508
Bitcoin,08/01/2024,BTC,43929.01,47248.99,43175,46951.04,72814.57589
Bitcoin,09/01/2024,BTC,46951.04,47972,44748.67,46110,69927.66617
Bitcoin,10/01/2024,BTC,46110,47695.93,44300.36,46653.99,89911.41203
Bitcoin,11/01/2024,BTC,46654,48969.48,45606.06,46339.16,87470.3296
Bitcoin,12/01/2024,BTC,46339.16,46515.53,41500,42782.73,86327.93707
Bitcoin,13/01/2024,BTC,42782.74,43257,42436.12,42847.99,36118.47464
Bitcoin,14/01/2024,BTC,42847.99,43079,41720,41732.35,28228.40894
Bitcoin,15/01/2024,BTC,41732.35,43400.43,41718.05,42511.1,40269.89303
Bitcoin,16/01/2024,BTC,42511.1,43578.01,42050,43137.95,45045.74589
Bitcoin,17/01/2024,BTC,43137.94,43198,42200.69,42776.1,33266.21388
Bitcoin,18/01/2024,BTC,42776.09,42930,40683.28,41327.5,43907.51641
Bitcoin,19/01/2024,BTC,41327.51,42196.86,40280,41659.03,48342.74559
Bitcoin,20/01/2024,BTC,41659.03,41872.56,41456.3,41696.04,15923.99493
Bitcoin,21/01/2024,BTC,41696.05,41881.39,41500.98,41580.33,11730.16301
Bitcoin,22/01/2024,BTC,41580.32,41689.65,39431.58,39568.02,55426.19911
Bitcoin,23/01/2024,BTC,39568.02,40176.74,38555,39897.6,57956.63351
Bitcoin,24/01/2024,BTC,39897.59,40555,39484.19,40084.88,39293.82861
Bitcoin,25/01/2024,BTC,40084.89,40300.24,39550,39961.09,31022.11853
Bitcoin,26/01/2024,BTC,39961.09,42246.82,39822.52,41823.51,47384.96726
Bitcoin,27/01/2024,BTC,41823.51,42200,41394.34,42120.63,16224.41667
Bitcoin,28/01/2024,BTC,42120.63,42842.68,41620.81,42031.06,27294.99838
Bitcoin,29/01/2024,BTC,42031.05,43333,41804.88,43302.7,31542.74207
Bitcoin,30/01/2024,BTC,43302.71,43882.36,42683.99,42941.1,37619.24546
Bitcoin,31/01/2024,BTC,42941.1,43745.11,42276.84,42580,39871.13688
Bitcoin,01/02/2024,BTC,42580,43285.13,41884.28,43082.94,35231.04664
Bitcoin,02/02/2024,BTC,43082.95,43488,42546.79,43200,29672.14418
Bitcoin,03/02/2024,BTC,43199.99,43380.01,42880,43011.09,12033.40998
Bitcoin,04/02/2024,BTC,43011.1,43119.04,42222,42582.88,17066.89404
Bitcoin,05/02/2024,BTC,42582.88,43569.76,42258.1,42708.7,29467.75905
Bitcoin,06/02/2024,BTC,42708.7,43399.98,42574,43098.95,24675.85433
Bitcoin,07/02/2024,BTC,43098.96,44396.5,42788,44349.6,34392.59915
Bitcoin,08/02/2024,BTC,44349.6,45614.3,44331.1,45288.65,45439.62231
Bitcoin,09/02/2024,BTC,45288.66,48200,45242.12,47132.77,73503.481
Bitcoin,10/02/2024,BTC,47132.78,48170,46800,47751.09,24802.35936
Bitcoin,11/02/2024,BTC,47751.08,48592.66,47557.16,48299.99,29958.80837
Bitcoin,12/02/2024,BTC,48300,50334.82,47710.01,49917.27,59009.96705
