Name,Date,Symbol,Open,High,Low,Close,Volume LINK
Chainlink,22/09/2020,LINK,8.7162,9.08,8.54,8.7401,8384112.37
Chainlink,23/09/2020,LINK,8.744,8.8016,7.2869,7.6364,18221835.52
Chainlink,24/09/2020,LINK,7.6404,10.53,7.4761,9.87,26948146.31
Chainlink,25/09/2020,LINK,9.8701,11.199,9.3771,10.7279,20220142.07
Chainlink,26/09/2020,LINK,10.7218,11.1,9.9757,10.3169,12020281.92
Chainlink,27/09/2020,LINK,10.3079,10.991,9.9122,10.7939,10053108.71
Chainlink,28/09/2020,LINK,10.8,11.07,10.15,10.283,8731492.42
Chainlink,29/09/2020,LINK,10.2809,10.3882,9.4502,10.135,13378180.79
Chainlink,30/09/2020,LINK,10.1356,10.2314,9.5768,9.8694,6665669.78
Chainlink,01/10/2020,LINK,9.8727,10.4119,9.2457,9.6394,9704023.92
Chainlink,02/10/2020,LINK,9.6394,9.8449,8.7975,9.2167,11180624.68
Chainlink,03/10/2020,LINK,9.2132,9.5555,9.104,9.269,4805191.52
Chainlink,04/10/2020,LINK,9.2686,9.466,9.1141,9.3922,4665626.69
Chainlink,05/10/2020,LINK,9.3906,9.72,9.2629,9.6176,6217366.67
Chainlink,06/10/2020,LINK,9.6134,9.658,8.563,8.7689,7424722.62
Chainlink,07/10/2020,LINK,8.769,9.01,8.3817,8.9799,7543306.98
Chainlink,08/10/2020,LINK,8.9801,9.6909,8.4016,9.5594,10913109.33
Chainlink,09/10/2020,LINK,9.5519,10.5254,9.3701,10.3959,11276147.45
Chainlink,10/10/2020,LINK,10.3923,10.92,10.37,10.5198,9504046.97
Chainlink,11/10/2020,LINK,10.5168,11.0258,10.15,10.8515,8174876.86
Chainlink,12/10/2020,LINK,10.8515,11.8028,10.6807,11.4259,11882241.47
Chainlink,13/10/2020,LINK,11.4259,11.5833,10.5221,11.0016,9695225.65
Chainlink,14/10/2020,LINK,11.0016,11.3536,10.6201,10.8896,7758446.61
Chainlink,15/10/2020,LINK,10.8896,10.9317,10.455,10.7483,6983355.76
Chainlink,16/10/2020,LINK,10.7472,10.8935,10.2694,10.5877,6662666.86
Chainlink,17/10/2020,LINK,10.5867,10.7149,10.4082,10.6267,3322174.05
Chainlink,18/10/2020,LINK,10.6254,11,10.6,10.9409,3679623.94
Chainlink,19/10/2020,LINK,10.9435,11.2226,10.651,10.9147,4474849.31
Chainlink,20/10/2020,LINK,10.9116,10.9349,9.7665,9.8589,7095706.59
Chainlink,21/10/2020,LINK,9.8589,11.1372,9.7864,10.7863,8276637.42
Chainlink,22/10/2020,LINK,10.7805,12.4173,10.7142,11.9539,10308176.43
Chainlink,23/10/2020,LINK,11.9551,12.264,11.5784,12.1586,8789968.21
Chainlink,24/10/2020,LINK,12.1592,12.95,11.9839,12.7001,7538193.48
Chainlink,25/10/2020,LINK,12.7002,12.8574,11.908,12.1481,7000941.96
Chainlink,26/10/2020,LINK,12.148,12.4472,11.2594,11.7096,8858167.82
Chainlink,27/10/2020,LINK,11.7086,12.4774,11.49,11.9224,7621232.43
Chainlink,28/10/2020,LINK,11.921,12.16,11.15,11.4403,8020300.25
Chainlink,29/10/2020,LINK,11.4448,11.81,11.0816,11.2772,8541785.18
Chainlink,30/10/2020,LINK,11.2743,11.4811,10.72,11.09,7960249.95
Chainlink,31/10/2020,LINK,11.0947,11.3981,10.9053,11.2277,4971547.22
Chainlink,01/11/2020,LINK,11.2259,11.5885,11.0181,11.5722,3872679.99
Chainlink,02/11/2020,LINK,11.5681,11.685,10.7049,10.7814,6924910.69
Chainlink,03/11/2020,LINK,10.7814,10.7814,9.9454,10.3911,9964299.86
Chainlink,04/11/2020,LINK,10.3982,10.675,9.75,10.4713,8587173.03
Chainlink,05/11/2020,LINK,10.473,11.2749,10.0764,10.9794,10634722.28
Chainlink,06/11/2020,LINK,10.9822,12.2813,10.9286,12.1687,10971288.73
Chainlink,07/11/2020,LINK,12.1686,13.5956,11.3123,11.7638,24928180.96
Chainlink,08/11/2020,LINK,11.7668,13.1,11.477,12.71,12949524.47
Chainlink,09/11/2020,LINK,12.7083,13.0026,12.04,12.5107,12660359.23
Chainlink,10/11/2020,LINK,12.5182,13.278,12.3156,13.0017,12355950.65
Chainlink,11/11/2020,LINK,13.0017,13.4293,12.75,12.753,9416548.92
Chainlink,12/11/2020,LINK,12.753,13.0956,12.27,12.4038,8920340.53
Chainlink,13/11/2020,LINK,12.4038,13,12.3079,12.8687,7892649.62
Chainlink,14/11/2020,LINK,12.8679,12.9335,12.3,12.5574,5010394.11
Chainlink,15/11/2020,LINK,12.557,12.6484,11.8156,12.1192,5716347.24
Chainlink,16/11/2020,LINK,12.1199,12.8132,11.9971,12.6223,5982803.38
Chainlink,17/11/2020,LINK,12.6204,13.4228,12.5414,13.3944,11150763.55
Chainlink,18/11/2020,LINK,13.3943,14.2669,12.585,13.5598,18517527.67
Chainlink,19/11/2020,LINK,13.5602,14,13.0111,13.6187,9805683.27
Chainlink,20/11/2020,LINK,13.6117,14.477,13.4618,14.0933,11203096.77
Chainlink,21/11/2020,LINK,14.0913,15.5,13.6876,15.4511,14003272.57
Chainlink,22/11/2020,LINK,15.4408,15.7179,13.8402,14.5098,14244002.32
Chainlink,23/11/2020,LINK,14.5098,15.425,14.252,15.2746,12472333.45
Chainlink,24/11/2020,LINK,15.2648,16.39,14.943,15.6703,15636471.17
Chainlink,25/11/2020,LINK,15.6637,15.86,13.79,14.2016,9521564.1
Chainlink,26/11/2020,LINK,14.218,14.4743,11.2939,12.603,24596535.81
Chainlink,27/11/2020,LINK,12.6036,12.953,11.9454,12.4989,9129104.44
Chainlink,28/11/2020,LINK,12.5038,13.43,12.3489,13.0853,7286264.48
Chainlink,29/11/2020,LINK,13.0848,13.4765,12.8408,13.38,6551088.54
Chainlink,30/11/2020,LINK,13.3855,14.437,13.3855,14.2677,10302701.22
Chainlink,01/12/2020,LINK,14.2626,14.8328,13.0456,13.3461,11186350.89
Chainlink,02/12/2020,LINK,13.3544,14.1482,13.05,13.9799,6173228.08
Chainlink,03/12/2020,LINK,13.9785,14.22,13.6446,13.9749,4275317.88
Chainlink,04/12/2020,LINK,13.9749,14.0332,12.5101,12.68,5795163.01
Chainlink,05/12/2020,LINK,12.68,13.3478,12.5265,13.1748,3447469.25
Chainlink,06/12/2020,LINK,13.1743,13.5282,12.7671,13.5057,3871281.59
Chainlink,07/12/2020,LINK,13.509,13.5536,12.8671,13.0704,3224398.04
Chainlink,08/12/2020,LINK,13.0737,13.1929,12,12.1356,5176177.45
Chainlink,09/12/2020,LINK,12.128,12.829,11.5726,12.6212,6780799.24
Chainlink,10/12/2020,LINK,12.62,12.673,11.8549,11.9172,3569558.42
Chainlink,11/12/2020,LINK,11.9172,11.9899,11.43,11.6335,5013258.55
Chainlink,12/12/2020,LINK,11.6393,12.3529,11.601,12.2259,4394492.22
Chainlink,13/12/2020,LINK,12.228,13.2697,12.021,12.9392,6036848.97
Chainlink,14/12/2020,LINK,12.9389,12.98,12.3238,12.8502,4529267.12
Chainlink,15/12/2020,LINK,12.8513,13.022,12.4659,12.6818,3202210.62
Chainlink,16/12/2020,LINK,12.6786,13.5,12.3119,13.4852,6700261.8
Chainlink,17/12/2020,LINK,13.484,14.5038,13.0575,13.444,11585591.26
Chainlink,18/12/2020,LINK,13.444,14.0235,13.1725,13.5001,5520717.04
Chainlink,19/12/2020,LINK,13.5,13.9697,13.2981,13.4747,4606603.33
Chainlink,20/12/2020,LINK,13.4748,13.8,12.6752,13.0604,5227497.02
Chainlink,21/12/2020,LINK,13.0603,13.27,12.1354,12.3049,5719339.88
Chainlink,22/12/2020,LINK,12.3028,12.84,11.8117,12.7842,6175240.24
Chainlink,23/12/2020,LINK,12.7811,12.8634,8.05,10.9736,15255910.26
Chainlink,24/12/2020,LINK,10.973,11.6877,9.8564,11.5724,14771438.4
Chainlink,25/12/2020,LINK,11.5705,11.9234,11.0601,11.5543,7386434.11
Chainlink,26/12/2020,LINK,11.564,11.8151,10.6238,10.9809,9097514.52
Chainlink,27/12/2020,LINK,10.984,13.2448,10.4763,12.1541,18965140.77
Chainlink,28/12/2020,LINK,12.1542,12.9781,11.971,12.6081,11288955.85
Chainlink,29/12/2020,LINK,12.608,13.0351,10.8161,11.7786,12895731.37
Chainlink,30/12/2020,LINK,11.7786,11.99,11.0671,11.2435,7720859.08
Chainlink,31/12/2020,LINK,11.2437,11.753,10.9039,11.2364,6640134.19
Chainlink,01/01/2021,LINK,11.2364,12.46,11.0638,11.8477,8296826.17
Chainlink,02/01/2021,LINK,11.8453,12.4188,11.4303,12.2215,9618221.31
Chainlink,03/01/2021,LINK,12.2206,13.9999,11.8355,13.6814,15938080.42
Chainlink,04/01/2021,LINK,13.6815,15.644,12.3713,13.5935,23288863.81
Chainlink,05/01/2021,LINK,13.5962,14.89,13.0928,14.5162,14842337.83
Chainlink,06/01/2021,LINK,14.5141,17.2997,14.1427,17.2322,21381167.21
Chainlink,07/01/2021,LINK,17.2342,17.41,15.0657,15.9628,16881688.42
Chainlink,08/01/2021,LINK,15.9659,16.1917,14.12,15.2381,14986392.75
Chainlink,09/01/2021,LINK,15.2395,17.8888,15.0029,17.5501,12818964.22
Chainlink,10/01/2021,LINK,17.5501,18.4386,15.4418,16.206,16496553.31
Chainlink,11/01/2021,LINK,16.1998,16.2596,12.5,14.6393,21926235.45
Chainlink,12/01/2021,LINK,14.6312,15.476,13.6701,13.9655,11921544.49
Chainlink,13/01/2021,LINK,13.9609,16.2356,13.3701,15.9356,11467831.41
Chainlink,14/01/2021,LINK,15.9396,17.99,15.33,17.9804,13484717.13
Chainlink,15/01/2021,LINK,17.9888,21.4533,17.5355,20.7375,38649175.6
Chainlink,16/01/2021,LINK,20.7405,22.96,19.628,20.1054,27884173.39
Chainlink,17/01/2021,LINK,20.1003,23.767,19.3729,23.2819,21794612.18
Chainlink,18/01/2021,LINK,23.2676,23.6862,21.06,22.0336,13781943.03
Chainlink,19/01/2021,LINK,22.0325,22.8564,20.3774,20.5557,10968890.7
Chainlink,20/01/2021,LINK,20.5437,21.9788,19.0645,21.8482,12454231.89
Chainlink,21/01/2021,LINK,21.8421,22.0307,18.0611,18.4119,14637366.25
Chainlink,22/01/2021,LINK,18.4109,22.4997,17.1269,21.5519,17060778.1
Chainlink,23/01/2021,LINK,21.5467,25.5,21.14,24.8046,19024881.67
Chainlink,24/01/2021,LINK,24.8168,24.953,23.1612,24.7935,11910682.71
Chainlink,25/01/2021,LINK,24.7912,25.7824,22.6,23.3418,12581468.33
Chainlink,26/01/2021,LINK,23.3418,23.9761,21.65,23.0981,8984444.57
Chainlink,27/01/2021,LINK,23.0914,23.2295,20.2767,20.9586,10837677.2
Chainlink,28/01/2021,LINK,20.9586,24.4716,20.501,23.0145,11205369.43
Chainlink,29/01/2021,LINK,22.9869,24.24,22.045,22.748,11638550.99
Chainlink,30/01/2021,LINK,22.748,23.98,22.1534,23.6399,7393324.48
Chainlink,31/01/2021,LINK,23.6491,24.678,22.0603,22.5613,7645210.89
Chainlink,01/02/2021,LINK,22.5643,23.2,21.6526,22.8757,6446970.41
Chainlink,02/02/2021,LINK,22.8752,24.1693,22.7354,23.6582,6484871.27
Chainlink,03/02/2021,LINK,23.6578,25.5674,23.5318,25.087,8466371.72
Chainlink,04/02/2021,LINK,25.0814,26.15,22.6174,24.492,8646387.1
Chainlink,05/02/2021,LINK,24.4841,27,24.4081,26.3034,10000326.58
Chainlink,06/02/2021,LINK,26.3023,26.8,24.2081,25.0231,7063684.91
Chainlink,07/02/2021,LINK,25.0336,25.2836,22.81,24.7254,6514277.3
Chainlink,08/02/2021,LINK,24.7335,25.98,23.9587,25.4115,7026903.54
Chainlink,09/02/2021,LINK,25.407,28,25,27.6034,9472870.32
Chainlink,10/02/2021,LINK,27.615,28.6412,25.1227,26.8121,11721097.14
Chainlink,11/02/2021,LINK,26.8,28.5705,26.2172,27.8475,6660619.1
Chainlink,12/02/2021,LINK,27.8645,31.4485,26.6746,30.6265,9762295.77
Chainlink,13/02/2021,LINK,30.6404,34.7573,29.07,34.1941,11028490.78
Chainlink,14/02/2021,LINK,34.1969,35.6945,32.3088,33.1565,9440094.38
Chainlink,15/02/2021,LINK,33.1555,34.9252,27.5,32.5899,10844636.76
Chainlink,16/02/2021,LINK,32.5853,33.4269,30.784,31.9632,7062989.71
Chainlink,17/02/2021,LINK,31.963,32.6705,30,32.2324,5680522.18
Chainlink,18/02/2021,LINK,32.2256,33.5961,31.7785,32.4801,5452990.6
Chainlink,19/02/2021,LINK,32.4727,35.5072,31.3799,34.6846,8412150.64
Chainlink,20/02/2021,LINK,34.6846,36.9307,32,33.9387,10078348.9
Chainlink,21/02/2021,LINK,33.9293,35.2918,33.2712,34.0915,5179283.24
Chainlink,22/02/2021,LINK,34.0916,34.2185,25.2312,31.4542,13342706.36
Chainlink,23/02/2021,LINK,31.4482,31.6822,20.8088,25.9249,24333706.63
Chainlink,24/02/2021,LINK,25.9573,29.337,24.505,28.0851,11441037.71
Chainlink,25/02/2021,LINK,28.0737,28.6802,24.2509,24.7144,7925390.07
Chainlink,26/02/2021,LINK,24.7144,26.9906,23.6574,25.1862,9141896.37
Chainlink,27/02/2021,LINK,25.165,27.4472,24.8545,26.1896,7629090.66
Chainlink,28/02/2021,LINK,26.1941,26.7624,22.8578,24.7016,7913084.04
Chainlink,01/03/2021,LINK,24.6954,27.7326,24.5758,27.7116,12300905.73
Chainlink,02/03/2021,LINK,27.7187,30.5251,27.1757,28.4769,9716494.53
Chainlink,03/03/2021,LINK,28.464,31.43,28.1272,29.85,6863848.85
Chainlink,04/03/2021,LINK,29.8334,30.5731,27.1891,27.6943,6809212.29
Chainlink,05/03/2021,LINK,27.6856,28.2338,25.6483,27.8343,5835770.65
Chainlink,06/03/2021,LINK,27.8195,28.3985,26.2889,28.1479,3809103.37
Chainlink,07/03/2021,LINK,28.1608,29.1258,27.3859,28.5932,4599258.02
Chainlink,08/03/2021,LINK,28.5918,31.8469,28.2652,31.8469,7181496.7
Chainlink,09/03/2021,LINK,31.8227,32,30.3639,31.4914,5209845.28
Chainlink,10/03/2021,LINK,31.4914,31.7934,29.2545,29.9036,4916671.7
Chainlink,11/03/2021,LINK,29.8743,30.5285,28.5516,30.1166,5079711.85
Chainlink,12/03/2021,LINK,30.1227,30.411,27.3717,28.3553,4815001.06
Chainlink,13/03/2021,LINK,28.3523,30.57,26.9326,29.7384,5690169.1
Chainlink,14/03/2021,LINK,29.7506,30.2,28.5108,28.5469,3148221.83
Chainlink,15/03/2021,LINK,28.531,29.4217,26.8,27.5091,5267823.29
Chainlink,16/03/2021,LINK,27.5006,28.1883,26.3975,27.9099,3775086.95
Chainlink,17/03/2021,LINK,27.91,31.2,27.3027,31.0579,8170703.32
Chainlink,18/03/2021,LINK,31.0579,31.3588,29,29.3949,4993129.5
Chainlink,19/03/2021,LINK,29.3929,30.551,28.6802,29.777,3576087.99
Chainlink,20/03/2021,LINK,29.7866,31.4325,29.5701,29.6465,3370847.33
Chainlink,21/03/2021,LINK,29.6564,30.08,28.5817,29.2097,2589005.21
Chainlink,22/03/2021,LINK,29.2117,29.4444,27.1362,27.2431,3569707.65
Chainlink,23/03/2021,LINK,27.2551,27.9351,26.6283,26.7813,3697991.34
Chainlink,24/03/2021,LINK,26.7831,27.8814,23.61,24.8684,5130184.12
Chainlink,25/03/2021,LINK,24.8679,26.6401,24.3665,25.535,5165569.26
Chainlink,26/03/2021,LINK,25.53,27.4,25.3591,27.3927,4214750.51
Chainlink,27/03/2021,LINK,27.3988,27.4982,26.003,26.8766,2033830.6
Chainlink,28/03/2021,LINK,26.8765,27.6624,26.0889,26.6588,2209824.35
Chainlink,29/03/2021,LINK,26.6576,28.6203,26.3886,28.0357,3631401.63
Chainlink,30/03/2021,LINK,28.0356,28.5735,27.446,27.8301,2522498.95
Chainlink,31/03/2021,LINK,27.83,29.4401,26.18,29.4167,4354539.16
Chainlink,01/04/2021,LINK,29.4168,31.125,29.3143,30.0684,5441691.37
Chainlink,02/04/2021,LINK,30.0808,32.5555,29.361,32.4864,4541298.12
Chainlink,03/04/2021,LINK,32.4867,33.1707,29.1256,29.293,5352533.08
Chainlink,04/04/2021,LINK,29.293,31.4643,28.6801,30.7471,3036730.2
Chainlink,05/04/2021,LINK,30.7473,32.6399,29.6179,32.3791,5116263.33
Chainlink,06/04/2021,LINK,32.3791,34.9,31.3074,34.725,8893492.94
Chainlink,07/04/2021,LINK,34.7295,35.12,30.2286,31.109,7354475.72
Chainlink,08/04/2021,LINK,31.1008,32.8999,30.9466,32.7884,3548631.28
Chainlink,09/04/2021,LINK,32.787,33.2876,31.2348,31.5893,3146093.79
Chainlink,10/04/2021,LINK,31.5961,33,31,31.8944,3548018.58
Chainlink,11/04/2021,LINK,31.898,34.4397,31.7283,33.8811,4950189.88
Chainlink,12/04/2021,LINK,33.8811,34.1468,31.8601,33.108,4114028.73
Chainlink,13/04/2021,LINK,33.1023,35.8645,32.3842,35.5217,6101006.72
Chainlink,14/04/2021,LINK,35.5416,41.9901,35,41.3641,14042147.72
Chainlink,15/04/2021,LINK,41.3371,44.33,39.6638,42.5601,12590877.74
Chainlink,16/04/2021,LINK,42.5654,43.2902,38.5273,41.9861,9660045.35
Chainlink,17/04/2021,LINK,41.9797,44.1116,39.8304,39.9137,6767640.23
Chainlink,18/04/2021,LINK,39.9135,40.3436,28.8,39.0799,16201648.58
Chainlink,19/04/2021,LINK,39.0858,41.99,34.8144,35.7359,13081158.33
Chainlink,20/04/2021,LINK,35.7504,39.3901,33.1933,38.9954,12155649.58
Chainlink,21/04/2021,LINK,38.9983,39.4872,35.8933,36.2274,7984885.79
Chainlink,22/04/2021,LINK,36.2364,40.82,33.7859,35.1306,14019133.9
Chainlink,23/04/2021,LINK,35.1256,35.9643,30.02,35.2121,15422132.24
Chainlink,24/04/2021,LINK,35.2121,35.3033,31,31.2443,6655452.01
Chainlink,25/04/2021,LINK,31.237,33.432,29.801,31.692,4590476.743
Chainlink,26/04/2021,LINK,31.69,35.275,31.363,35.13,6660309.239
Chainlink,27/04/2021,LINK,35.112,37.665,34.483,36.788,5463142.477
Chainlink,28/04/2021,LINK,36.786,37.808,34.901,36.233,5219076.553
Chainlink,29/04/2021,LINK,36.253,37.45,35,36.467,5148499.846
Chainlink,30/04/2021,LINK,36.465,38.79,35.827,38.1,5295313.708
Chainlink,01/05/2021,LINK,38.101,41.27,37.428,41.257,5227786.221
Chainlink,02/05/2021,LINK,41.249,41.46,38.69,39.461,5208051.325
Chainlink,03/05/2021,LINK,39.461,42.728,39.166,42.052,6029697.571
Chainlink,04/05/2021,LINK,42.06,48.54,38.634,45.527,19637684.71
Chainlink,05/05/2021,LINK,45.508,51.2,44.865,49.575,16873790.9
Chainlink,06/05/2021,LINK,49.576,49.9,45.343,47.154,9895004.189
Chainlink,07/05/2021,LINK,47.148,51.969,45.666,49.129,10599319.11
Chainlink,08/05/2021,LINK,49.134,50.265,46.5,48.597,5902382.664
Chainlink,09/05/2021,LINK,48.607,52.426,45.83,52.269,8601375.485
Chainlink,10/05/2021,LINK,52.277,53,40.7,46.334,11459163.62
Chainlink,11/05/2021,LINK,46.326,49,44.576,48.826,7532480.798
Chainlink,12/05/2021,LINK,48.805,49.836,40.914,41.622,8304570.51
Chainlink,13/05/2021,LINK,41.541,44.958,39.227,43.287,10978718.59
Chainlink,14/05/2021,LINK,43.273,47.875,42.935,46.567,6310269.001
Chainlink,15/05/2021,LINK,46.558,47.8,40.975,41.492,9858340.364
Chainlink,16/05/2021,LINK,41.512,44.901,37.944,40.67,9820375.699
Chainlink,17/05/2021,LINK,40.662,40.674,35.068,37.177,10672040.79
Chainlink,18/05/2021,LINK,37.176,44.69,36.655,42.566,11237931.79
Chainlink,19/05/2021,LINK,42.555,43.5,21,26.227,30087569.96
Chainlink,20/05/2021,LINK,26.227,33.05,22.35,30.606,20474453.97
Chainlink,21/05/2021,LINK,30.633,31.945,22.019,25.546,16394437.61
Chainlink,22/05/2021,LINK,25.548,26.2,22.225,23.296,13176375.35
Chainlink,23/05/2021,LINK,23.293,24.368,15,19.844,28838486.25
Chainlink,24/05/2021,LINK,19.849,26.431,19.677,26.412,18781247.48
Chainlink,25/05/2021,LINK,26.4,27.644,23.673,27.503,13594283.82
Chainlink,26/05/2021,LINK,27.505,34.285,26.847,34.018,15626091.01
Chainlink,27/05/2021,LINK,34.03,35.334,30.033,31.732,14928881.51
Chainlink,28/05/2021,LINK,31.723,32.185,26.821,27.878,18329155.02
Chainlink,29/05/2021,LINK,27.872,29.734,24.12,25.365,11852877.57
Chainlink,30/05/2021,LINK,25.377,29.168,23.7,26.818,11581989.14
Chainlink,31/05/2021,LINK,26.813,32.159,25.555,32.098,11530173.54
Chainlink,01/06/2021,LINK,32.098,32.65,29.035,30.719,8541347.958
Chainlink,02/06/2021,LINK,30.729,32.218,29.669,30.67,6690371.855
Chainlink,03/06/2021,LINK,30.669,32.856,30,32.198,7153659.069
Chainlink,04/06/2021,LINK,32.199,32.267,27.172,28.826,11814359.67
Chainlink,05/06/2021,LINK,28.829,30.186,26.044,27.129,8061770.985
Chainlink,06/06/2021,LINK,27.127,28.19,26.818,27.532,4103120.692
Chainlink,07/06/2021,LINK,27.53,28.693,24.234,24.584,7596956.78
Chainlink,08/06/2021,LINK,24.574,25.098,21.334,24.076,12541378
Chainlink,09/06/2021,LINK,24.079,25.626,22.441,25.585,10774426.55
Chainlink,10/06/2021,LINK,25.589,25.78,22.721,23.114,8528580.189
Chainlink,11/06/2021,LINK,23.117,23.374,21,21.478,7708441.111
Chainlink,12/06/2021,LINK,21.475,22.287,20,21.67,8866594.23
Chainlink,13/06/2021,LINK,21.671,23.886,20.396,23.312,8518777.758
Chainlink,14/06/2021,LINK,23.314,25.28,22.837,24.973,8601439.911
Chainlink,15/06/2021,LINK,24.967,26.458,24.376,24.482,7591140.11
Chainlink,16/06/2021,LINK,24.48,24.64,22.918,23.044,7504910.032
Chainlink,17/06/2021,LINK,23.042,24.445,22.81,23.396,5252377.095
Chainlink,18/06/2021,LINK,23.401,23.425,20.526,21.233,6991986.015
Chainlink,19/06/2021,LINK,21.236,21.95,20,20.246,5051884.872
Chainlink,20/06/2021,LINK,20.263,22.071,19.077,21.646,6747456.736
Chainlink,21/06/2021,LINK,21.641,21.881,16.981,17.365,16334287.91
Chainlink,22/06/2021,LINK,17.357,18.797,15,16.85,19816152.57
Chainlink,23/06/2021,LINK,16.84,19.199,16.149,18.395,10955575.37
Chainlink,24/06/2021,LINK,18.393,19.525,17.352,19.06,6913929.289
Chainlink,25/06/2021,LINK,19.06,19.5,16.813,16.87,10064722.52
Chainlink,26/06/2021,LINK,16.872,17.495,15.92,16.952,8397555.9
Chainlink,27/06/2021,LINK,16.951,18.412,16.591,18.406,6672229.029
Chainlink,28/06/2021,LINK,18.407,19.434,17.902,18.83,7730969.378
Chainlink,29/06/2021,LINK,18.83,20.546,18.752,19.535,7920272.502
Chainlink,30/06/2021,LINK,19.531,19.776,18.149,19.516,7407061.566
Chainlink,01/07/2021,LINK,19.517,19.533,17.603,18.186,6081147.359
Chainlink,02/07/2021,LINK,18.184,18.523,17.256,18.274,5454370.72
Chainlink,03/07/2021,LINK,18.277,18.894,17.864,18.543,3457947.186
Chainlink,04/07/2021,LINK,18.543,19.925,18.002,19.242,4719545.203
Chainlink,05/07/2021,LINK,19.238,19.242,17.767,18.362,5293286.65
Chainlink,06/07/2021,LINK,18.364,20.271,18.317,20.073,8365971.342
Chainlink,07/07/2021,LINK,20.073,21.274,19.62,19.788,7382310.549
Chainlink,08/07/2021,LINK,19.786,19.873,18.138,18.353,7810651.198
Chainlink,09/07/2021,LINK,18.365,18.877,17.617,18.656,5274715.584
Chainlink,10/07/2021,LINK,18.656,18.988,17.734,18.204,4080693.184
Chainlink,11/07/2021,LINK,18.209,18.581,17.861,18.383,2750998.477
Chainlink,12/07/2021,LINK,18.382,18.609,17,17.518,3787713.432
Chainlink,13/07/2021,LINK,17.514,17.766,16.663,16.87,3654707.118
Chainlink,14/07/2021,LINK,16.873,17.419,16.014,16.936,5451319.438
Chainlink,15/07/2021,LINK,16.936,17.238,15.517,15.764,6244804.485
Chainlink,16/07/2021,LINK,15.764,16.33,15.125,15.234,5213696.453
Chainlink,17/07/2021,LINK,15.234,15.678,15.02,15.352,5177561.722
Chainlink,18/07/2021,LINK,15.352,16.078,15.155,15.47,3946695.121
Chainlink,19/07/2021,LINK,15.475,15.641,14.404,14.528,5829694.304
Chainlink,20/07/2021,LINK,14.529,14.783,13.384,13.742,7700512.325
Chainlink,21/07/2021,LINK,13.744,15.797,13.46,15.297,8493449.369
Chainlink,22/07/2021,LINK,15.3,16.176,14.961,16.071,5864766.171
Chainlink,23/07/2021,LINK,16.073,16.572,15.23,16.502,5208073.46
Chainlink,24/07/2021,LINK,16.507,17.132,16.307,16.683,5410931.847
Chainlink,25/07/2021,LINK,16.687,17.062,16.156,16.746,4708980.418
Chainlink,26/07/2021,LINK,16.745,19.958,16.662,18.028,14210837.67
Chainlink,27/07/2021,LINK,18.03,19.58,17.602,19.489,8327513.617
Chainlink,28/07/2021,LINK,19.483,19.987,18.611,19.109,7596790.315
Chainlink,29/07/2021,LINK,19.106,19.472,18.608,19.37,4161840.776
Chainlink,30/07/2021,LINK,19.372,22.666,18.823,22.269,12896563.78
Chainlink,31/07/2021,LINK,22.269,23.375,21.266,22.713,7637055.914
Chainlink,01/08/2021,LINK,22.722,23.94,21.789,22.062,8728644.337
Chainlink,02/08/2021,LINK,22.065,23.975,21.401,23.472,7225124.74
Chainlink,03/08/2021,LINK,23.474,24.431,22.039,23.942,9465472.392
Chainlink,04/08/2021,LINK,23.942,25,22.869,24.193,8225660.808
Chainlink,05/08/2021,LINK,24.188,24.335,22.468,24.057,7144781.467
Chainlink,06/08/2021,LINK,24.051,24.391,22.996,23.89,7433704.425
Chainlink,07/08/2021,LINK,23.889,25.157,23.626,24.694,6218217.158
Chainlink,08/08/2021,LINK,24.688,24.946,22.565,23.029,5179399.165
Chainlink,09/08/2021,LINK,23.026,24.691,22.072,24.197,5994876.946
Chainlink,10/08/2021,LINK,24.198,25.518,23.736,24.537,6592102.333
Chainlink,11/08/2021,LINK,24.536,27.313,24.459,25.906,7843592.877
Chainlink,12/08/2021,LINK,25.902,26.902,24.085,24.944,6385288.818
Chainlink,13/08/2021,LINK,24.941,27.771,24.715,27.748,4895829.581
Chainlink,14/08/2021,LINK,27.748,27.955,26.371,27.144,5869978.184
Chainlink,15/08/2021,LINK,27.139,27.983,25.901,27.901,4492523.836
Chainlink,16/08/2021,LINK,27.901,30.51,27.638,27.944,9364186.799
Chainlink,17/08/2021,LINK,27.95,30.299,25.881,26.146,9870163.634
Chainlink,18/08/2021,LINK,26.145,26.922,24.847,25.341,8437887.642
Chainlink,19/08/2021,LINK,25.341,27.132,24.479,27.096,7978787.57
Chainlink,20/08/2021,LINK,27.101,29.048,26.647,28.678,6765096.705
Chainlink,21/08/2021,LINK,28.681,29.156,27.648,27.844,5165729.464
Chainlink,22/08/2021,LINK,27.85,28.663,26.785,27.982,4266944.356
Chainlink,23/08/2021,LINK,27.981,29.3,27.78,28.552,6106352.511
Chainlink,24/08/2021,LINK,28.556,28.923,25.712,25.728,6394087.605
Chainlink,25/08/2021,LINK,25.728,26.879,25.279,26.612,5810278.155
Chainlink,26/08/2021,LINK,26.612,26.94,23.88,24.39,5809610.757
Chainlink,27/08/2021,LINK,24.38,26.14,24,26.04,5116792.068
Chainlink,28/08/2021,LINK,26.05,26.2,25.36,25.73,2939678.44
Chainlink,29/08/2021,LINK,25.74,26.57,25.14,25.76,3384982.599
Chainlink,30/08/2021,LINK,25.77,26.49,24.3,25.04,4514605.77
Chainlink,31/08/2021,LINK,25.03,27.537,24.69,26.7,7673601.309
Chainlink,01/09/2021,LINK,26.7,29.81,26.09,29.72,8266693.87
Chainlink,02/09/2021,LINK,29.72,30.88,28.75,29.95,7084187.065
Chainlink,03/09/2021,LINK,29.95,31.75,29.05,30.75,6866886.796
Chainlink,04/09/2021,LINK,30.75,31.17,29.39,29.88,4242332.29
Chainlink,05/09/2021,LINK,29.89,33.61,29.54,33.55,5891988.187
Chainlink,06/09/2021,LINK,33.54,36.33,32.44,34.81,10355273.27
Chainlink,07/09/2021,LINK,34.8,35.34,23.79,28.26,22716428.31
Chainlink,08/09/2021,LINK,28.25,29.19,25.18,27.16,13670715.16
Chainlink,09/09/2021,LINK,27.17,30.18,26.46,28.01,10379368.4
Chainlink,10/09/2021,LINK,28.01,29.56,25.62,26.39,9834554.01
Chainlink,11/09/2021,LINK,26.39,27.71,26.25,26.99,4993779.99
Chainlink,12/09/2021,LINK,27,29.77,26.36,29.42,6990717.38
Chainlink,13/09/2021,LINK,29.42,29.95,25.17,26.96,13538132.86
Chainlink,14/09/2021,LINK,26.96,30.85,26.73,30.8,10233565.39
Chainlink,15/09/2021,LINK,30.78,31.46,29.57,30.67,9772286.29
Chainlink,16/09/2021,LINK,30.68,32.11,29.04,29.8,9659752.1
Chainlink,17/09/2021,LINK,29.81,30.12,27.38,27.72,7110390.59
Chainlink,18/09/2021,LINK,27.73,29.46,27.39,28.39,4567816.67
Chainlink,19/09/2021,LINK,28.39,28.8,26.93,27.36,3892742.39
Chainlink,20/09/2021,LINK,27.37,27.43,23,23.57,12265514.89
Chainlink,21/09/2021,LINK,23.57,24.39,20.82,21.42,11263574.24
Chainlink,22/09/2021,LINK,21.42,24.5,21.03,24.45,7772096.46
Chainlink,23/09/2021,LINK,24.45,25.48,23.39,25.41,6813474.989
Chainlink,24/09/2021,LINK,25.42,25.5,21.35,23.26,10530560.3
Chainlink,25/09/2021,LINK,23.26,24.7,22.03,24.51,6978838.89
Chainlink,26/09/2021,LINK,24.5,25.38,22.36,24.6,11996414.44
Chainlink,27/09/2021,LINK,24.59,25.47,22.96,23.01,5674010.84
Chainlink,28/09/2021,LINK,23.02,23.75,22,22.1,6277178.15
Chainlink,29/09/2021,LINK,22.09,23.93,22.01,22.85,5352492.64
Chainlink,30/09/2021,LINK,22.85,24.4,22.72,24,5584599.18
Chainlink,01/10/2021,LINK,24,26.7,23.59,26.31,7425309.08
Chainlink,02/10/2021,LINK,26.32,27.81,25.82,26.89,5235579.85
Chainlink,03/10/2021,LINK,26.88,28.16,26.5,27.57,4506819.77
Chainlink,04/10/2021,LINK,27.56,27.67,25.59,26.6,5539695.96
Chainlink,05/10/2021,LINK,26.62,27.49,26.19,27.23,5119998.39
Chainlink,06/10/2021,LINK,27.23,28.19,25.2,26.8,6976264.13
Chainlink,07/10/2021,LINK,26.8,27.71,25.9,26.83,6025827.07
Chainlink,08/10/2021,LINK,26.84,27.46,26.12,26.39,4972738.23
Chainlink,09/10/2021,LINK,26.4,27.89,26.05,27.45,4731175.38
Chainlink,10/10/2021,LINK,27.45,27.49,25.44,25.56,3914402.57
Chainlink,11/10/2021,LINK,25.55,26.76,24.63,25.22,4293243.83
Chainlink,12/10/2021,LINK,25.22,25.27,23.53,24.65,5370932.72
Chainlink,13/10/2021,LINK,24.63,25.67,24.16,25.66,6207286.13
Chainlink,14/10/2021,LINK,25.67,27.88,25.38,26.72,7753968.37
Chainlink,15/10/2021,LINK,26.71,27.38,26.01,27.01,7635027.67
Chainlink,16/10/2021,LINK,27.01,28.7,26.92,27.23,6223161.96
Chainlink,17/10/2021,LINK,27.22,27.63,25.58,26.54,4590060.14
Chainlink,18/10/2021,LINK,26.54,26.74,25.26,25.71,4419668.63
Chainlink,19/10/2021,LINK,25.71,26.29,25.36,25.91,3568771.92
Chainlink,20/10/2021,LINK,25.9,27.66,25.85,27.49,4477050.21
Chainlink,21/10/2021,LINK,27.48,29.34,27.19,28.26,9719211.48
Chainlink,22/10/2021,LINK,28.27,30.04,28.02,28.67,7699280.53
Chainlink,23/10/2021,LINK,28.68,31.46,28.3,31.36,8142359.19
Chainlink,24/10/2021,LINK,31.37,31.53,28.72,29.7,5743439.15
Chainlink,25/10/2021,LINK,29.71,32.9,29.53,32.38,7440428.58
Chainlink,26/10/2021,LINK,32.38,33.82,31.31,32.52,6553789.22
Chainlink,27/10/2021,LINK,32.52,33.91,27.91,28.88,12021487.77
Chainlink,28/10/2021,LINK,28.89,30.85,28.61,30.19,7186569.57
Chainlink,29/10/2021,LINK,30.19,31.96,29.94,30.96,5402654.58
Chainlink,30/10/2021,LINK,30.96,31.12,29.16,29.79,3768896.65
Chainlink,31/10/2021,LINK,29.78,30.68,28.65,30,4380461.27
Chainlink,01/11/2021,LINK,30,31.87,29.14,31.66,4961708.55
Chainlink,02/11/2021,LINK,31.67,32.48,31,32.26,4634421.26
Chainlink,03/11/2021,LINK,32.27,32.78,30.54,31.96,4908993.56
Chainlink,04/11/2021,LINK,31.97,32.11,30.2,31,3782722.68
Chainlink,05/11/2021,LINK,30.99,33.71,30.66,32.86,6695588.25
Chainlink,06/11/2021,LINK,32.86,33.2,30.72,32.05,4479318.72
Chainlink,07/11/2021,LINK,32.05,32.59,31.71,32.34,2854681.46
Chainlink,08/11/2021,LINK,32.34,34.82,32.18,34.46,6265144.9
Chainlink,09/11/2021,LINK,34.46,35.62,33.38,33.82,5454354.68
Chainlink,10/11/2021,LINK,33.82,38.31,31.9,34.21,13584912.63
Chainlink,11/11/2021,LINK,34.21,36.95,33.34,34.69,7608988.9
Chainlink,12/11/2021,LINK,34.68,35.46,32.67,34.26,5997062.19
Chainlink,13/11/2021,LINK,34.26,34.58,33.19,34,3374260.7
Chainlink,14/11/2021,LINK,34,34.43,32.53,33.75,2898724.84
Chainlink,15/11/2021,LINK,33.75,34.5,31.98,32.04,4212705.79
Chainlink,16/11/2021,LINK,32.05,32.06,28,29.16,10287002.12
Chainlink,17/11/2021,LINK,29.16,29.74,28.03,29.18,5076689.07
Chainlink,18/11/2021,LINK,29.19,29.72,25.82,26.55,7061894.53
Chainlink,19/11/2021,LINK,26.55,28.85,26.08,28.27,5005660.19
Chainlink,20/11/2021,LINK,28.27,28.72,27.26,28.36,4535914.25
Chainlink,21/11/2021,LINK,28.37,29.26,27.69,28.98,3837676.91
Chainlink,22/11/2021,LINK,29,29.09,26.31,26.77,4773826.99
Chainlink,23/11/2021,LINK,26.77,27.57,26.17,26.94,4650554.32
Chainlink,24/11/2021,LINK,26.94,27.15,25.15,25.58,4968971.25
Chainlink,25/11/2021,LINK,25.58,27.61,25.37,26.41,5650379.16
Chainlink,26/11/2021,LINK,26.41,26.59,22.9,23.96,10693190.38
Chainlink,27/11/2021,LINK,23.96,24.99,23.78,24.1,3976318.59
Chainlink,28/11/2021,LINK,24.09,25.01,22.63,24.76,4563690.39
Chainlink,29/11/2021,LINK,24.76,25.61,24.54,24.99,4733398.72
Chainlink,30/11/2021,LINK,24.99,26.52,24.11,25.31,5806301.22
Chainlink,01/12/2021,LINK,25.31,26.9,24.96,25.32,4642138.01
Chainlink,02/12/2021,LINK,25.32,25.33,24.16,24.55,3910782.56
Chainlink,03/12/2021,LINK,24.54,25.85,22.44,23.31,5725480.6
Chainlink,04/12/2021,LINK,23.31,23.36,15.32,20.64,20782013.83
Chainlink,05/12/2021,LINK,20.65,20.93,18.46,19.48,7454749.61
Chainlink,06/12/2021,LINK,19.49,20.01,17.21,19.8,8513440.09
Chainlink,07/12/2021,LINK,19.79,21.18,19.7,21.09,7483015.81
Chainlink,08/12/2021,LINK,21.08,23.2,20.75,22.91,11114837.71
Chainlink,09/12/2021,LINK,22.91,23.05,20.25,20.25,8209134.24
Chainlink,10/12/2021,LINK,20.25,20.88,18.46,18.56,7767639.78
Chainlink,11/12/2021,LINK,18.55,20.22,18.16,19.97,5569559.09
Chainlink,12/12/2021,LINK,19.97,20.8,19.2,20.41,3211538.08
Chainlink,13/12/2021,LINK,20.41,20.56,17.3,17.78,7022411.65
Chainlink,14/12/2021,LINK,17.78,18.61,17.44,18.44,5679303.2
Chainlink,15/12/2021,LINK,18.43,20,17.26,19.69,7026159.04
Chainlink,16/12/2021,LINK,19.7,20.34,18.69,18.76,4943919.45
Chainlink,17/12/2021,LINK,18.77,19.23,17.74,18.25,5458704.38
Chainlink,18/12/2021,LINK,18.26,20,17.81,19.54,5362509.6
Chainlink,19/12/2021,LINK,19.53,20.38,18.8,18.86,4918775.96
Chainlink,20/12/2021,LINK,18.86,19.2,18.04,18.78,5052339.6
Chainlink,21/12/2021,LINK,18.79,19.67,18.37,19.42,3667347.22
Chainlink,22/12/2021,LINK,19.41,20.83,19.2,19.93,5032493.39
Chainlink,23/12/2021,LINK,19.92,22.22,19.57,22.17,7579889.52
Chainlink,24/12/2021,LINK,22.18,22.66,21.2,21.48,5590940.6
Chainlink,25/12/2021,LINK,21.48,22.39,21.29,22.1,3223439.24
Chainlink,26/12/2021,LINK,22.11,23.58,21.12,22.98,6566168.47
Chainlink,27/12/2021,LINK,22.99,24.49,22.75,23.02,6522187.76
Chainlink,28/12/2021,LINK,23.02,23.02,20.32,20.37,9022968.5
Chainlink,29/12/2021,LINK,20.38,20.97,19.53,19.74,6951841.9
Chainlink,30/12/2021,LINK,19.74,20.44,19.17,19.93,6009325.13
Chainlink,31/12/2021,LINK,19.94,20.63,19.04,19.51,5579016.19
Chainlink,01/01/2022,LINK,19.52,20.79,19.5,20.76,3459474.38
Chainlink,02/01/2022,LINK,20.75,22.2,20.57,21.87,5108786.84
Chainlink,03/01/2022,LINK,21.86,23.75,21.25,23.72,7982877.02
Chainlink,04/01/2022,LINK,23.72,24.49,22.71,23.42,10784755.22
Chainlink,05/01/2022,LINK,23.43,27.48,22.29,25.24,24289357.8
Chainlink,06/01/2022,LINK,25.24,25.98,23.34,25.38,17086946.69
Chainlink,07/01/2022,LINK,25.39,27.33,22.65,25.98,22033325.64
Chainlink,08/01/2022,LINK,25.98,27.33,23.51,25.32,15635153.07
Chainlink,09/01/2022,LINK,25.31,28.68,25.08,27.54,18630446.63
Chainlink,10/01/2022,LINK,27.54,28.51,25.07,27.98,18516507.58
Chainlink,11/01/2022,LINK,27.98,28.71,25.84,26.59,13498246.97
Chainlink,12/01/2022,LINK,26.6,27.25,25.61,26.75,10319762.43
Chainlink,13/01/2022,LINK,26.76,26.76,24.43,24.86,7890385.69
Chainlink,14/01/2022,LINK,24.86,25.89,23.91,25.72,6488595.95
Chainlink,15/01/2022,LINK,25.72,26.22,25.11,25.17,4141482.21
Chainlink,16/01/2022,LINK,25.17,26.34,24.65,25.5,4415951.38
Chainlink,17/01/2022,LINK,25.51,25.62,23.27,23.79,4471877.32
Chainlink,18/01/2022,LINK,23.79,24.34,22.04,22.96,4910863.58
Chainlink,19/01/2022,LINK,22.96,23.15,21.22,21.55,5688676.47
Chainlink,20/01/2022,LINK,21.54,22.98,20.04,20.17,5603272.17
Chainlink,21/01/2022,LINK,20.18,20.51,17.1,17.42,14621190.27
Chainlink,22/01/2022,LINK,17.41,17.82,14.24,15.85,18934134.95
Chainlink,23/01/2022,LINK,15.86,16.88,15.15,16.64,9533639.18
Chainlink,24/01/2022,LINK,16.63,16.65,13.48,15.58,14743581
Chainlink,25/01/2022,LINK,15.58,16.03,14.59,15.49,7694012.53
Chainlink,26/01/2022,LINK,15.5,16.8,14.68,15.23,9794747
Chainlink,27/01/2022,LINK,15.23,15.71,14.29,15.22,8536301.47
Chainlink,28/01/2022,LINK,15.22,16.28,14.74,16.15,6246161.02
Chainlink,29/01/2022,LINK,16.14,16.75,15.96,16.23,3920458.64
Chainlink,30/01/2022,LINK,16.23,18.1,16.01,17.77,7593446.41
Chainlink,31/01/2022,LINK,17.76,17.88,16.45,17.15,7695443.58
Chainlink,01/02/2022,LINK,17.15,17.91,16.8,16.98,5923564.6
Chainlink,02/02/2022,LINK,16.98,17.38,15.56,15.78,4741039.26
Chainlink,03/02/2022,LINK,15.78,16.33,15.26,16.3,5327213.34
Chainlink,04/02/2022,LINK,16.31,17.55,16,17.5,5829149.36
Chainlink,05/02/2022,LINK,17.5,18.32,17.42,17.76,5007027.59
Chainlink,06/02/2022,LINK,17.75,18.17,17.17,18.07,3114467.57
Chainlink,07/02/2022,LINK,18.06,19.4,17.65,18.88,6242937.28
Chainlink,08/02/2022,LINK,18.89,19.54,17.72,18.38,6603587.99
Chainlink,09/02/2022,LINK,18.38,18.75,17.75,18.67,3742482.7
Chainlink,10/02/2022,LINK,18.67,18.75,17.35,17.5,5796638.84
Chainlink,11/02/2022,LINK,17.51,17.81,15.89,16.21,4468507.35
Chainlink,12/02/2022,LINK,16.2,16.38,15.56,15.95,4161869.44
Chainlink,13/02/2022,LINK,15.96,16.33,15.52,15.6,2671296.28
Chainlink,14/02/2022,LINK,15.61,16.12,15.2,15.9,3638626.12
Chainlink,15/02/2022,LINK,15.91,17.45,15.81,17.34,4132749.5
Chainlink,16/02/2022,LINK,17.34,17.41,16.49,17.12,3608928.92
Chainlink,17/02/2022,LINK,17.13,17.45,15.45,15.59,4927491.83
Chainlink,18/02/2022,LINK,15.6,16.06,15.03,15.19,3855947.82
Chainlink,19/02/2022,LINK,15.18,15.68,14.84,15.51,3219793.29
Chainlink,20/02/2022,LINK,15.52,15.53,14.39,14.6,3837683.54
Chainlink,21/02/2022,LINK,14.61,15.31,13.38,13.51,7372976.51
Chainlink,22/02/2022,LINK,13.5,14.2,13.02,13.99,5856340.62
Chainlink,23/02/2022,LINK,13.98,14.66,13.3,13.35,5114288.86
Chainlink,24/02/2022,LINK,13.34,13.95,11.4,13.27,15759305
Chainlink,25/02/2022,LINK,13.27,14.49,13.08,14.36,6030934.14
Chainlink,26/02/2022,LINK,14.36,15.05,14.09,14.72,5169319.32
Chainlink,27/02/2022,LINK,14.71,14.86,13.47,13.64,6636801.7
Chainlink,28/02/2022,LINK,13.64,15.15,13.31,15.13,6565276.42
Chainlink,01/03/2022,LINK,15.12,15.73,14.72,15.35,6417303.01
Chainlink,02/03/2022,LINK,15.34,15.87,14.91,15.28,6289045.87
Chainlink,03/03/2022,LINK,15.29,15.38,14.46,14.89,4619929.39
Chainlink,04/03/2022,LINK,14.89,14.98,13.54,13.73,6010183.64
Chainlink,05/03/2022,LINK,13.74,14.27,13.41,14.03,2774984.85
Chainlink,06/03/2022,LINK,14.02,14.12,13.25,13.32,3535626.53
Chainlink,07/03/2022,LINK,13.31,13.67,12.42,12.68,7302965.91
Chainlink,08/03/2022,LINK,12.67,13.56,12.58,13.08,6877422.56
Chainlink,09/03/2022,LINK,13.08,14.46,13.05,14.01,6462680.43
Chainlink,10/03/2022,LINK,14,14.11,12.96,13.17,5469282.04
Chainlink,11/03/2022,LINK,13.18,13.65,12.8,13.05,4657580.01
Chainlink,12/03/2022,LINK,13.04,13.46,13.02,13.15,2499460.74
Chainlink,13/03/2022,LINK,13.15,13.43,12.59,12.7,2732503.8
Chainlink,14/03/2022,LINK,12.71,13.44,12.6,13.41,4643719.7
Chainlink,15/03/2022,LINK,13.41,13.8,12.87,13.69,3454099.55
Chainlink,16/03/2022,LINK,13.69,14.78,13.66,14.66,6546791.14
Chainlink,17/03/2022,LINK,14.66,14.93,14.23,14.4,4152174.08
Chainlink,18/03/2022,LINK,14.41,15.27,14.12,15.01,4421110.43
Chainlink,19/03/2022,LINK,15,15.4,14.83,15.01,3285256.26
Chainlink,20/03/2022,LINK,15.01,15.13,14.42,14.54,2883923.42
Chainlink,21/03/2022,LINK,14.54,15.28,14.3,15,3719572.96
Chainlink,22/03/2022,LINK,14.99,15.86,14.98,15.43,4500280.54
Chainlink,23/03/2022,LINK,15.43,15.98,15.13,15.83,3827078.04
Chainlink,24/03/2022,LINK,15.84,16.44,15.6,16.17,5204988.98
Chainlink,25/03/2022,LINK,16.16,16.46,15.47,15.59,4654254.07
Chainlink,26/03/2022,LINK,15.6,15.96,15.49,15.83,2425031.02
Chainlink,27/03/2022,LINK,15.83,16.91,15.63,16.87,3937478.83
Chainlink,28/03/2022,LINK,16.86,17.37,16.34,16.5,5918598.6
Chainlink,29/03/2022,LINK,16.5,17.52,16.47,16.98,4496577.65
Chainlink,30/03/2022,LINK,16.98,17.58,16.53,17.22,4866676.4
Chainlink,31/03/2022,LINK,17.21,18.05,16.64,16.91,5770687.14
Chainlink,01/04/2022,LINK,16.91,17.37,16.16,17.34,4521915.84
Chainlink,02/04/2022,LINK,17.34,17.87,17.1,17.4,3634084.25
Chainlink,03/04/2022,LINK,17.4,18.32,17.15,18.08,3430897.49
Chainlink,04/04/2022,LINK,18.07,18.08,16.82,17.5,3811139.33
Chainlink,05/04/2022,LINK,17.51,17.66,16.66,16.74,2337093.84
Chainlink,06/04/2022,LINK,16.75,16.79,15.27,15.41,4629748.58
Chainlink,07/04/2022,LINK,15.41,15.88,15.1,15.75,2867861.76
Chainlink,08/04/2022,LINK,15.74,15.91,15.01,15.13,2321153.06
Chainlink,09/04/2022,LINK,15.12,15.47,15.12,15.43,1366727.9
Chainlink,10/04/2022,LINK,15.43,15.93,15.17,15.24,1611326.85
Chainlink,11/04/2022,LINK,15.23,15.28,13.51,13.76,3982122.72
Chainlink,12/04/2022,LINK,13.76,14.33,13.63,13.98,2649528.63
Chainlink,13/04/2022,LINK,13.98,14.22,13.68,14.19,2228609.09
Chainlink,14/04/2022,LINK,14.2,14.33,13.33,13.65,2905294.96
Chainlink,15/04/2022,LINK,13.64,14.19,13.63,14.11,1819449.78
Chainlink,16/04/2022,LINK,14.11,14.28,13.83,14.14,1517456.04
Chainlink,17/04/2022,LINK,14.14,14.62,13.65,13.73,2635685.7
Chainlink,18/04/2022,LINK,13.72,14.06,13.14,14.06,3940066.58
Chainlink,19/04/2022,LINK,14.06,14.42,13.83,14.24,2269575.91
Chainlink,20/04/2022,LINK,14.24,14.5,13.7,14.02,3259324.92
Chainlink,21/04/2022,LINK,14.02,14.37,13.34,13.57,2982911.59
Chainlink,22/04/2022,LINK,13.57,13.88,13.47,13.58,2458584.25
Chainlink,23/04/2022,LINK,13.58,13.68,13.18,13.31,1566301.36
Chainlink,24/04/2022,LINK,13.32,13.63,13.21,13.26,1809966.78
Chainlink,25/04/2022,LINK,13.27,13.51,12.53,13.44,4158403.4
Chainlink,26/04/2022,LINK,13.44,13.51,12.14,12.37,3283715.22
Chainlink,27/04/2022,LINK,12.36,12.8,12.3,12.74,3202787.51
Chainlink,28/04/2022,LINK,12.74,12.99,12.4,12.66,3668346.34
Chainlink,29/04/2022,LINK,12.66,12.73,11.83,11.97,3050465.77
Chainlink,30/04/2022,LINK,11.98,12.25,10.65,10.95,4336325.59
Chainlink,01/05/2022,LINK,10.96,11.5,10.81,11.31,4020103.97
Chainlink,02/05/2022,LINK,11.3,11.45,10.77,11.17,3937746.95
Chainlink,03/05/2022,LINK,11.17,11.5,10.8,11.12,3860280.78
Chainlink,04/05/2022,LINK,11.13,12.23,11.08,12.2,4762067.09
Chainlink,05/05/2022,LINK,12.2,12.29,10.63,10.91,6346341.8
Chainlink,06/05/2022,LINK,10.91,11.03,10.4,10.79,5327741.571
Chainlink,07/05/2022,LINK,10.78,10.84,10,10.21,2641029.994
Chainlink,08/05/2022,LINK,10.21,10.38,9.84,10,4021452.062
Chainlink,09/05/2022,LINK,10,10.16,8.01,8.1,11098749.49
Chainlink,10/05/2022,LINK,8.1,9.33,7.89,8.59,13985725.05
Chainlink,11/05/2022,LINK,8.58,8.85,6.54,6.95,18694665.89
Chainlink,12/05/2022,LINK,6.95,7.43,5.53,6.56,20649629.97
Chainlink,13/05/2022,LINK,6.57,7.8,6.48,7.15,9752518.3
Chainlink,14/05/2022,LINK,7.14,7.44,6.64,7.26,5661831.53
Chainlink,15/05/2022,LINK,7.26,7.99,7.01,7.96,5054597.35
Chainlink,16/05/2022,LINK,7.97,7.97,7.16,7.42,7682510.94
Chainlink,17/05/2022,LINK,7.42,7.98,7.3,7.72,5287316.89
Chainlink,18/05/2022,LINK,7.72,7.81,6.78,6.81,5450468.13
Chainlink,19/05/2022,LINK,6.81,7.26,6.64,7.22,5891795.13
Chainlink,20/05/2022,LINK,7.23,7.37,6.75,6.87,5326415.7
Chainlink,21/05/2022,LINK,6.86,7.12,6.77,7.06,2165477.61
Chainlink,22/05/2022,LINK,7.05,7.41,6.92,7.33,5525822.44
Chainlink,23/05/2022,LINK,7.32,7.68,6.98,7.02,5136136.21
Chainlink,24/05/2022,LINK,7.03,7.81,6.72,7.23,5997773.04
Chainlink,25/05/2022,LINK,7.23,7.4,6.94,6.96,4738917.15
Chainlink,26/05/2022,LINK,6.96,7.09,6.22,6.57,6011561.06
Chainlink,27/05/2022,LINK,6.57,6.71,6.2,6.29,6403701.79
Chainlink,28/05/2022,LINK,6.29,6.66,6.21,6.58,3597414
Chainlink,29/05/2022,LINK,6.58,6.75,6.34,6.71,2495176.05
Chainlink,30/05/2022,LINK,6.72,7.52,6.65,7.46,5964086.79
Chainlink,31/05/2022,LINK,7.45,7.73,7.18,7.59,5256209.91
Chainlink,01/06/2022,LINK,7.59,7.77,6.75,6.93,6436515.03
Chainlink,02/06/2022,LINK,6.93,7.25,6.81,7.19,3846549.94
Chainlink,03/06/2022,LINK,7.19,7.22,6.69,6.85,3738907.2
Chainlink,04/06/2022,LINK,6.86,7.44,6.68,7.4,3007035.99
Chainlink,05/06/2022,LINK,7.41,7.89,7.25,7.64,5204882.16
Chainlink,06/06/2022,LINK,7.64,8.2,7.62,7.97,6805688.94
Chainlink,07/06/2022,LINK,7.98,9,7.31,8.71,11449915.03
Chainlink,08/06/2022,LINK,8.72,9,8.23,8.7,12751229.89
Chainlink,09/06/2022,LINK,8.71,9.64,8.49,9.27,12151419.13
Chainlink,10/06/2022,LINK,9.27,9.54,8,8.04,12553253.98
Chainlink,11/06/2022,LINK,8.04,8.42,6.94,7.04,12079552.59
Chainlink,12/06/2022,LINK,7.04,7.14,6.25,6.27,10758386.83
Chainlink,13/06/2022,LINK,6.26,6.35,5.3,5.93,23703953.67
Chainlink,14/06/2022,LINK,5.92,6.88,5.39,6.74,22195143.72
Chainlink,15/06/2022,LINK,6.73,7.38,5.83,7.33,28804901.14
Chainlink,16/06/2022,LINK,7.33,7.51,6.2,6.36,16785768.12
Chainlink,17/06/2022,LINK,6.36,6.74,6.26,6.36,8044145.27
Chainlink,18/06/2022,LINK,6.36,6.47,5.41,5.92,15948947.65
Chainlink,19/06/2022,LINK,5.92,6.82,5.83,6.6,9867779.28
Chainlink,20/06/2022,LINK,6.6,7.29,6.31,6.98,10165932.01
Chainlink,21/06/2022,LINK,6.98,7.57,6.75,6.86,9463662.53
Chainlink,22/06/2022,LINK,6.86,7.03,6.44,6.63,8513601.16
Chainlink,23/06/2022,LINK,6.62,7.09,6.61,6.99,6672460.2
Chainlink,24/06/2022,LINK,6.99,7.44,6.95,7.26,6466777.49
Chainlink,25/06/2022,LINK,7.27,7.38,6.79,7.26,5651119.11
Chainlink,26/06/2022,LINK,7.27,7.49,6.68,6.7,5600782.15
Chainlink,27/06/2022,LINK,6.7,6.99,6.41,6.55,6501336.11
Chainlink,28/06/2022,LINK,6.56,7.26,6.27,6.32,10657624.7
Chainlink,29/06/2022,LINK,6.32,6.49,6.13,6.23,6958633.85
Chainlink,30/06/2022,LINK,6.23,6.32,5.88,6.27,6704771.13
Chainlink,01/07/2022,LINK,6.27,6.43,5.93,6.08,6544501.16
Chainlink,02/07/2022,LINK,6.07,6.29,5.98,6.22,2769828.44
Chainlink,03/07/2022,LINK,6.23,6.25,6.01,6.22,2777067
Chainlink,04/07/2022,LINK,6.22,6.46,6.02,6.43,4520606.05
Chainlink,05/07/2022,LINK,6.43,6.56,6.06,6.31,5814668.1
Chainlink,06/07/2022,LINK,6.31,6.42,6.17,6.34,3956691.82
Chainlink,07/07/2022,LINK,6.34,6.76,6.31,6.64,4475514.81
Chainlink,08/07/2022,LINK,6.64,6.84,6.33,6.36,6115037.79
Chainlink,09/07/2022,LINK,6.35,6.59,6.34,6.48,2687603.38
Chainlink,10/07/2022,LINK,6.49,6.49,6.1,6.2,3373071.93
Chainlink,11/07/2022,LINK,6.2,6.43,5.98,6.04,4876457.92
Chainlink,12/07/2022,LINK,6.05,6.24,5.92,5.94,3787474.63
Chainlink,13/07/2022,LINK,5.95,6.19,5.7,6.175,6781550.56
Chainlink,14/07/2022,LINK,6.176,6.387,5.993,6.275,7059352.99
Chainlink,15/07/2022,LINK,6.275,6.457,6.121,6.325,9989551.15
Chainlink,16/07/2022,LINK,6.325,6.618,6.142,6.595,6864043.49
Chainlink,17/07/2022,LINK,6.596,6.715,6.32,6.347,5345851.61
Chainlink,18/07/2022,LINK,6.347,7.149,6.329,7.037,10405880.84
Chainlink,19/07/2022,LINK,7.037,7.37,6.734,7.254,11657400.23
Chainlink,20/07/2022,LINK,7.255,7.581,6.83,6.867,9617554.21
Chainlink,21/07/2022,LINK,6.867,7.055,6.645,6.994,6368824.05
Chainlink,22/07/2022,LINK,6.994,7.285,6.744,6.782,6994223.62
Chainlink,23/07/2022,LINK,6.783,7.03,6.608,6.844,4232714.82
Chainlink,24/07/2022,LINK,6.844,7.247,6.841,7.094,4994618.62
Chainlink,25/07/2022,LINK,7.093,7.145,6.411,6.431,6144463.03
Chainlink,26/07/2022,LINK,6.431,6.448,6.077,6.341,5500963.87
Chainlink,27/07/2022,LINK,6.341,6.869,6.187,6.86,5426141.68
Chainlink,28/07/2022,LINK,6.86,7.295,6.677,7.217,6859329.18
Chainlink,29/07/2022,LINK,7.218,8.118,7.11,7.883,12769838.65
Chainlink,30/07/2022,LINK,7.883,8.21,7.668,7.82,8374838.83
Chainlink,31/07/2022,LINK,7.82,8.092,7.578,7.651,6185487.29
Chainlink,01/08/2022,LINK,7.652,7.88,7.407,7.57,5133233.8
Chainlink,02/08/2022,LINK,7.572,7.665,7.02,7.177,7189977.1
Chainlink,03/08/2022,LINK,7.179,7.638,7.05,7.284,4537931.2
Chainlink,04/08/2022,LINK,7.284,7.54,7.176,7.364,3904773.33
Chainlink,05/08/2022,LINK,7.364,7.9,7.348,7.878,5243900.93
Chainlink,06/08/2022,LINK,7.88,8.11,7.735,7.792,3210801.4
Chainlink,07/08/2022,LINK,7.792,8.375,7.658,8.343,4206785.59
Chainlink,08/08/2022,LINK,8.343,8.78,8.224,8.608,8106496.09
Chainlink,09/08/2022,LINK,8.605,8.953,8.27,8.742,9851012.47
Chainlink,10/08/2022,LINK,8.74,9.3,8.297,9.055,9014475.12
Chainlink,11/08/2022,LINK,9.056,9.227,8.823,8.958,6036670.62
Chainlink,12/08/2022,LINK,8.96,9.5,8.8,9.324,7821288.89
Chainlink,13/08/2022,LINK,9.326,9.482,9.06,9.144,3780601.51
Chainlink,14/08/2022,LINK,9.147,9.369,8.677,8.765,4419480.65
Chainlink,15/08/2022,LINK,8.768,9.057,8.493,8.646,5174239.24
Chainlink,16/08/2022,LINK,8.644,8.826,8.37,8.452,3458071.07
Chainlink,17/08/2022,LINK,8.45,8.749,7.99,8.061,5048616.87
Chainlink,18/08/2022,LINK,8.061,8.241,7.615,7.649,3942547.81
Chainlink,19/08/2022,LINK,7.647,7.701,6.816,6.899,8503684.17
Chainlink,20/08/2022,LINK,6.898,7.207,6.66,6.9,5183524.99
Chainlink,21/08/2022,LINK,6.899,7.177,6.88,7.082,3494331.78
Chainlink,22/08/2022,LINK,7.083,7.088,6.68,7.044,3717077.28
Chainlink,23/08/2022,LINK,7.043,7.355,6.772,7.241,4171438.41
Chainlink,24/08/2022,LINK,7.243,7.376,7.016,7.124,2677109.42
Chainlink,25/08/2022,LINK,7.123,7.372,6.998,7.124,3854369.74
Chainlink,26/08/2022,LINK,7.125,7.187,6.404,6.504,5882866
Chainlink,27/08/2022,LINK,6.501,6.614,6.414,6.529,3261835.63
Chainlink,28/08/2022,LINK,6.531,6.634,6.226,6.255,3410582.54
Chainlink,29/08/2022,LINK,6.255,6.734,6.2,6.7,3497049.43
Chainlink,30/08/2022,LINK,6.699,6.827,6.366,6.556,3526118.71
Chainlink,31/08/2022,LINK,6.558,6.9,6.545,6.627,3745292.73
Chainlink,01/09/2022,LINK,6.627,6.961,6.445,6.925,3358074.69
Chainlink,02/09/2022,LINK,6.924,7.24,6.787,6.926,3995703.78
Chainlink,03/09/2022,LINK,6.926,6.966,6.721,6.859,1632727.92
Chainlink,04/09/2022,LINK,6.859,7.278,6.79,7.156,4063993.58
Chainlink,05/09/2022,LINK,7.153,7.424,7.094,7.375,4038036.05
Chainlink,06/09/2022,LINK,7.375,7.568,6.576,6.659,5614260.23
Chainlink,07/09/2022,LINK,6.656,7.15,6.57,7.085,4855936.5
Chainlink,08/09/2022,LINK,7.086,7.5,7.006,7.406,5886218.74
Chainlink,09/09/2022,LINK,7.406,8.099,7.392,7.742,7480952.81
Chainlink,10/09/2022,LINK,7.746,8.034,7.616,7.904,6041837.88
Chainlink,11/09/2022,LINK,7.906,8.173,7.732,8.028,5046847.02
Chainlink,12/09/2022,LINK,8.029,8.3,7.609,7.762,6491820.37
Chainlink,13/09/2022,LINK,7.759,7.963,7.02,7.025,7208485.39
Chainlink,14/09/2022,LINK,7.024,7.54,6.982,7.456,5913599.99
Chainlink,15/09/2022,LINK,7.454,7.605,7.011,7.566,7092549.47
Chainlink,16/09/2022,LINK,7.568,7.803,7.419,7.656,6626471.8
Chainlink,17/09/2022,LINK,7.657,8.143,7.641,8.092,5062423.99
Chainlink,18/09/2022,LINK,8.092,8.14,7.402,7.523,5466342.65
Chainlink,19/09/2022,LINK,7.524,7.677,7.005,7.301,7816123.17
Chainlink,20/09/2022,LINK,7.3,7.337,6.81,6.883,5309023.06
Chainlink,21/09/2022,LINK,6.884,7.318,6.519,6.68,8284440.77
Chainlink,22/09/2022,LINK,6.679,7.176,6.638,7.123,4570101.39
Chainlink,23/09/2022,LINK,7.123,7.492,6.963,7.449,7636318.05
Chainlink,24/09/2022,LINK,7.45,7.874,7.371,7.629,6935588.81
Chainlink,25/09/2022,LINK,7.629,8.078,7.563,7.865,8545949.27
Chainlink,26/09/2022,LINK,7.866,7.957,7.465,7.945,6539945.09
Chainlink,27/09/2022,LINK,7.942,8.399,7.651,8.056,11918766.06
Chainlink,28/09/2022,LINK,8.056,8.54,7.722,7.795,16016947.82
Chainlink,29/09/2022,LINK,7.795,7.949,7.57,7.899,7686852.42
Chainlink,30/09/2022,LINK,7.904,7.919,7.505,7.585,5589081.1
Chainlink,01/10/2022,LINK,7.584,7.646,7.313,7.394,3432480.55
Chainlink,02/10/2022,LINK,7.393,7.545,7.09,7.11,4104285.81
Chainlink,03/10/2022,LINK,7.111,7.354,7.01,7.33,5135856.74
Chainlink,04/10/2022,LINK,7.328,7.83,7.323,7.723,6319868.05
Chainlink,05/10/2022,LINK,7.724,7.943,7.585,7.875,6151566.03
Chainlink,06/10/2022,LINK,7.876,7.939,7.595,7.632,4060166.94
Chainlink,07/10/2022,LINK,7.63,7.802,7.473,7.606,4087837.73
Chainlink,08/10/2022,LINK,7.606,7.656,7.339,7.455,2060120.82
Chainlink,09/10/2022,LINK,7.455,7.657,7.417,7.63,1649107.98
Chainlink,10/10/2022,LINK,7.628,7.733,7.321,7.335,3592487.93
Chainlink,11/10/2022,LINK,7.334,7.384,7.068,7.135,4132067.46
Chainlink,12/10/2022,LINK,7.135,7.278,7.087,7.145,2205045.13
Chainlink,13/10/2022,LINK,7.145,7.157,6.306,7.027,7403456.5
Chainlink,14/10/2022,LINK,7.026,7.25,6.796,6.887,4417987.63
Chainlink,15/10/2022,LINK,6.886,6.991,6.818,6.886,1997815.4
Chainlink,16/10/2022,LINK,6.886,7.237,6.876,7.173,2251234.69
Chainlink,17/10/2022,LINK,7.167,7.374,7.067,7.328,3223224.95
Chainlink,18/10/2022,LINK,7.33,7.372,6.963,7.127,3812172.36
Chainlink,19/10/2022,LINK,7.126,7.135,6.698,6.772,2898811.58
Chainlink,20/10/2022,LINK,6.773,6.912,6.601,6.657,3053738.2
Chainlink,21/10/2022,LINK,6.658,6.847,6.444,6.809,3884356.73
Chainlink,22/10/2022,LINK,6.81,6.931,6.725,6.868,1242501.08
Chainlink,23/10/2022,LINK,6.87,7.092,6.799,7.066,2603397.53
Chainlink,24/10/2022,LINK,7.067,7.086,6.791,6.906,3517550.87
Chainlink,25/10/2022,LINK,6.908,7.28,6.814,7.063,5408134.51
Chainlink,26/10/2022,LINK,7.063,7.29,7.027,7.157,4195506.95
Chainlink,27/10/2022,LINK,7.158,7.365,6.858,6.892,4318895.49
Chainlink,28/10/2022,LINK,6.893,7.2,6.83,7.109,3195848.02
Chainlink,29/10/2022,LINK,7.108,7.661,7.076,7.636,5922885.58
Chainlink,30/10/2022,LINK,7.637,7.932,7.48,7.782,6277383.29
Chainlink,31/10/2022,LINK,7.783,8.333,7.664,7.857,8476588.97
Chainlink,01/11/2022,LINK,7.854,7.923,7.63,7.684,3790469.73
Chainlink,02/11/2022,LINK,7.683,8,7.338,7.437,8337674.08
Chainlink,03/11/2022,LINK,7.436,8.02,7.388,7.72,8014383.31
Chainlink,04/11/2022,LINK,7.72,8.898,7.66,8.715,11886503.72
Chainlink,05/11/2022,LINK,8.715,9.008,8.562,8.663,6375166.7
Chainlink,06/11/2022,LINK,8.664,8.772,8.094,8.101,5402107.02
Chainlink,07/11/2022,LINK,8.101,9.261,7.895,8.956,11376076.89
Chainlink,08/11/2022,LINK,8.956,9.47,6.578,7.708,36115113.39
Chainlink,09/11/2022,LINK,7.708,7.9,5.775,6.231,23647479.31
Chainlink,10/11/2022,LINK,6.232,7.51,6.087,7.21,18632257.98
Chainlink,11/11/2022,LINK,7.209,7.339,6.513,7.044,11210254.17
Chainlink,12/11/2022,LINK,7.045,7.074,6.158,6.281,15181553.03
Chainlink,13/11/2022,LINK,6.28,6.545,5.94,6.078,7288028.03
Chainlink,14/11/2022,LINK,6.077,6.438,5.69,6.291,12214030.16
Chainlink,15/11/2022,LINK,6.291,6.672,6.207,6.421,9028489.34
Chainlink,16/11/2022,LINK,6.421,6.564,6.077,6.179,6291977.07
Chainlink,17/11/2022,LINK,6.18,6.342,6.029,6.225,4888412.25
Chainlink,18/11/2022,LINK,6.224,6.44,6.069,6.183,5216596.13
Chainlink,19/11/2022,LINK,6.184,6.22,5.99,6.146,2913602.05
Chainlink,20/11/2022,LINK,6.146,6.252,5.709,5.768,4952741.6
Chainlink,21/11/2022,LINK,5.767,5.896,5.528,5.876,7858097.01
Chainlink,22/11/2022,LINK,5.874,6.485,5.837,6.422,11891787.33
Chainlink,23/11/2022,LINK,6.423,6.809,6.343,6.707,9877403.25
Chainlink,24/11/2022,LINK,6.708,6.978,6.586,6.831,6713104.24
Chainlink,25/11/2022,LINK,6.83,6.993,6.661,6.848,5761022.33
Chainlink,26/11/2022,LINK,6.848,7.299,6.824,7.156,8067345.14
Chainlink,27/11/2022,LINK,7.157,7.278,6.858,6.902,4986550.69
Chainlink,28/11/2022,LINK,6.904,7.347,6.53,7.194,13592230.54
Chainlink,29/11/2022,LINK,7.194,7.513,7.123,7.318,9043323.82
Chainlink,30/11/2022,LINK,7.317,7.75,7.272,7.672,8332281.04
Chainlink,01/12/2022,LINK,7.673,7.812,7.441,7.681,7617442.3
Chainlink,02/12/2022,LINK,7.681,7.726,7.479,7.61,5062435.56
Chainlink,03/12/2022,LINK,7.611,7.633,7.207,7.235,3708734.4
Chainlink,04/12/2022,LINK,7.238,7.47,7.185,7.444,3401151.78
Chainlink,05/12/2022,LINK,7.442,7.594,7.16,7.275,5610549.45
Chainlink,06/12/2022,LINK,7.275,7.336,6.957,7.132,5417019.69
Chainlink,07/12/2022,LINK,7.132,7.158,6.77,6.881,4586810.78
Chainlink,08/12/2022,LINK,6.881,7.069,6.775,7,3737485.32
Chainlink,09/12/2022,LINK,7.001,7.054,6.796,6.863,3053488.23
Chainlink,10/12/2022,LINK,6.863,6.921,6.694,6.858,2430271.44
Chainlink,11/12/2022,LINK,6.857,6.96,6.646,6.7,2014728.27
Chainlink,12/12/2022,LINK,6.698,6.728,6.457,6.701,3916237.64
Chainlink,13/12/2022,LINK,6.702,7.101,6.466,6.926,6912945.43
Chainlink,14/12/2022,LINK,6.926,6.965,6.687,6.718,3469806.01
Chainlink,15/12/2022,LINK,6.719,6.732,6.386,6.456,4035740.38
Chainlink,16/12/2022,LINK,6.456,6.543,5.778,5.893,6985610
Chainlink,17/12/2022,LINK,5.892,6.067,5.789,6.03,4125251.26
Chainlink,18/12/2022,LINK,6.03,6.064,5.914,5.949,2206062.25
Chainlink,19/12/2022,LINK,5.95,6.066,5.671,5.79,4022803.84
Chainlink,20/12/2022,LINK,5.789,6.12,5.752,6.013,3550497.69
Chainlink,21/12/2022,LINK,6.014,6.044,5.885,5.989,2101320.78
Chainlink,22/12/2022,LINK,5.988,6.04,5.856,6.005,2921902.73
Chainlink,23/12/2022,LINK,6.005,6.053,5.924,5.941,2227204.91
Chainlink,24/12/2022,LINK,5.94,5.962,5.88,5.916,1051133.66
Chainlink,25/12/2022,LINK,5.915,5.996,5.887,5.99,1728090.48
Chainlink,26/12/2022,LINK,5.989,6.048,5.94,6.048,1779029.19
Chainlink,27/12/2022,LINK,6.048,6.068,5.846,5.903,2483617.2
Chainlink,28/12/2022,LINK,5.905,5.913,5.625,5.675,3313018.41
Chainlink,29/12/2022,LINK,5.676,5.731,5.5,5.601,3568750.37
Chainlink,30/12/2022,LINK,5.6,5.642,5.413,5.475,3416846.41
Chainlink,31/12/2022,LINK,5.475,5.627,5.387,5.575,2312337.82
Chainlink,01/01/2023,LINK,5.575,5.64,5.505,5.628,1468070.67
Chainlink,02/01/2023,LINK,5.63,5.76,5.548,5.691,2634300.76
Chainlink,03/01/2023,LINK,5.691,5.724,5.567,5.621,2144096.39
Chainlink,04/01/2023,LINK,5.621,5.895,5.61,5.809,3831647.37
Chainlink,05/01/2023,LINK,5.809,5.818,5.606,5.66,2841645.64
Chainlink,06/01/2023,LINK,5.661,5.73,5.523,5.712,2697540.01
Chainlink,07/01/2023,LINK,5.713,5.846,5.691,5.83,1991098.15
Chainlink,08/01/2023,LINK,5.832,5.977,5.755,5.963,2333904.16
Chainlink,09/01/2023,LINK,5.965,6.255,5.931,6.065,5682130.67
Chainlink,10/01/2023,LINK,6.064,6.3,5.968,6.166,3453264.89
Chainlink,11/01/2023,LINK,6.167,6.305,6.01,6.284,3599580.1
Chainlink,12/01/2023,LINK,6.284,6.412,6.05,6.387,5862705.97
Chainlink,13/01/2023,LINK,6.386,6.618,6.26,6.605,4441199.22
Chainlink,14/01/2023,LINK,6.604,7.107,6.45,6.856,10425339.64
Chainlink,15/01/2023,LINK,6.857,6.926,6.6,6.694,5652541.29
Chainlink,16/01/2023,LINK,6.694,6.948,6.413,6.669,7143088.32
Chainlink,17/01/2023,LINK,6.67,6.995,6.543,6.804,6038879.49
Chainlink,18/01/2023,LINK,6.807,6.985,6.256,6.334,8425216.27
Chainlink,19/01/2023,LINK,6.333,6.545,6.314,6.506,3290241.13
Chainlink,20/01/2023,LINK,6.506,6.971,6.414,6.941,4178985.33
Chainlink,21/01/2023,LINK,6.942,7.11,6.802,6.853,6497547.24
Chainlink,22/01/2023,LINK,6.853,7.271,6.777,6.984,6817766.36
Chainlink,23/01/2023,LINK,6.983,7.234,6.848,7.015,6475146.95
Chainlink,24/01/2023,LINK,7.015,7.2,6.525,6.661,5392217.62
Chainlink,25/01/2023,LINK,6.661,7.099,6.51,6.954,6744418.44
Chainlink,26/01/2023,LINK,6.955,7.316,6.824,7.169,7008005.12
Chainlink,27/01/2023,LINK,7.17,7.496,6.922,7.384,6803663.45
Chainlink,28/01/2023,LINK,7.384,7.509,7.12,7.211,4021763.73
Chainlink,29/01/2023,LINK,7.21,7.518,7.144,7.372,5028035
Chainlink,30/01/2023,LINK,7.373,7.439,6.748,6.914,5014854.05
Chainlink,31/01/2023,LINK,6.915,7.074,6.855,6.952,3336356.54
Chainlink,01/02/2023,LINK,6.952,7.277,6.67,7.214,5493548.16
Chainlink,02/02/2023,LINK,7.214,7.484,7.035,7.099,5767987.46
Chainlink,03/02/2023,LINK,7.1,7.338,7.012,7.294,4395091.81
Chainlink,04/02/2023,LINK,7.293,7.364,7.126,7.237,3211192.96
Chainlink,05/02/2023,LINK,7.24,7.252,6.861,6.985,3416697.21
Chainlink,06/02/2023,LINK,6.985,7.063,6.765,6.832,3504454.35
Chainlink,07/02/2023,LINK,6.831,7.214,6.814,7.197,4543771.59
Chainlink,08/02/2023,LINK,7.199,7.3,6.952,7.136,4910694.89
Chainlink,09/02/2023,LINK,7.137,7.817,6.818,6.984,18751956.03
Chainlink,10/02/2023,LINK,6.983,7.12,6.777,6.89,6619057.31
Chainlink,11/02/2023,LINK,6.889,7.036,6.853,7.003,2293574.29
Chainlink,12/02/2023,LINK,7.003,7.09,6.685,6.808,3320809.33
Chainlink,13/02/2023,LINK,6.81,6.847,6.4,6.669,5424849.87
Chainlink,14/02/2023,LINK,6.669,6.832,6.527,6.808,4395799.03
Chainlink,15/02/2023,LINK,6.808,7.31,6.726,7.281,5174614.29
Chainlink,16/02/2023,LINK,7.28,7.495,6.997,7.011,8199081.68
Chainlink,17/02/2023,LINK,7.011,7.711,6.972,7.65,8097968.31
Chainlink,18/02/2023,LINK,7.649,8.256,7.495,7.989,11389046.79
Chainlink,19/02/2023,LINK,7.986,8.289,7.82,8.014,9416026.58
Chainlink,20/02/2023,LINK,8.01,8.4,7.721,8.017,8065377.47
Chainlink,21/02/2023,LINK,8.019,8.077,7.505,7.64,5893974.86
Chainlink,22/02/2023,LINK,7.641,7.752,7.294,7.717,6496942.59
Chainlink,23/02/2023,LINK,7.717,8.21,7.67,7.935,10150106.82
Chainlink,24/02/2023,LINK,7.937,8.149,7.22,7.466,9713019.08
Chainlink,25/02/2023,LINK,7.466,7.491,7.168,7.373,4277893.98
Chainlink,26/02/2023,LINK,7.371,7.548,7.293,7.497,2541969.05
Chainlink,27/02/2023,LINK,7.494,7.508,7.121,7.274,4004585.73
Chainlink,28/02/2023,LINK,7.274,7.422,7.096,7.195,4034405.79
Chainlink,01/03/2023,LINK,7.196,7.547,7.146,7.536,3750777.74
Chainlink,02/03/2023,LINK,7.536,7.585,7.163,7.275,2870686.88
Chainlink,03/03/2023,LINK,7.275,7.276,6.655,6.958,5309534.51
Chainlink,04/03/2023,LINK,6.958,7.011,6.708,6.857,2738464.51
Chainlink,05/03/2023,LINK,6.857,7.017,6.807,6.945,1968494.16
Chainlink,06/03/2023,LINK,6.946,6.981,6.819,6.854,2608480.81
Chainlink,07/03/2023,LINK,6.857,6.974,6.667,6.881,3015787.65
Chainlink,08/03/2023,LINK,6.884,6.948,6.494,6.577,4098815.39
Chainlink,09/03/2023,LINK,6.578,6.69,6.007,6.16,5988809.54
Chainlink,10/03/2023,LINK,6.161,6.264,5.89,6.215,6622037.72
Chainlink,11/03/2023,LINK,6.214,6.392,5.92,6.162,5658192.38
Chainlink,12/03/2023,LINK,6.161,6.574,6.07,6.551,4811076.25
Chainlink,13/03/2023,LINK,6.552,6.885,6.395,6.761,7817274.03
Chainlink,14/03/2023,LINK,6.76,7.2,6.608,6.96,8906153.46
Chainlink,15/03/2023,LINK,6.959,7.11,6.379,6.546,6800328.84
Chainlink,16/03/2023,LINK,6.546,6.678,6.443,6.656,3617223.3
Chainlink,17/03/2023,LINK,6.656,7.258,6.597,7.207,6885611.19
Chainlink,18/03/2023,LINK,7.206,7.299,6.85,6.922,5649288.39
Chainlink,19/03/2023,LINK,6.922,7.281,6.916,7.081,3603006.94
Chainlink,20/03/2023,LINK,7.081,7.48,6.91,7.05,8993047.32
Chainlink,21/03/2023,LINK,7.05,7.47,6.838,7.375,6546284.62
Chainlink,22/03/2023,LINK,7.375,7.723,7.001,7.173,12062579.73
Chainlink,23/03/2023,LINK,7.173,7.637,7.086,7.61,5950130.81
Chainlink,24/03/2023,LINK,7.608,7.659,7.111,7.191,4842235.46
Chainlink,25/03/2023,LINK,7.191,7.254,6.97,7.075,3022565.33
Chainlink,26/03/2023,LINK,7.074,7.29,7.049,7.261,1964988.21
Chainlink,27/03/2023,LINK,7.26,7.274,6.747,6.87,4551721.99
Chainlink,28/03/2023,LINK,6.871,7.046,6.75,6.947,4084989.03
Chainlink,29/03/2023,LINK,6.947,7.499,6.927,7.382,5824927.72
Chainlink,30/03/2023,LINK,7.382,7.558,7.132,7.233,5273756.88
Chainlink,31/03/2023,LINK,7.23,7.69,7.225,7.588,6318296.29
Chainlink,01/04/2023,LINK,7.588,7.636,7.427,7.548,2706651.34
Chainlink,02/04/2023,LINK,7.545,7.546,7.191,7.255,2630646.16
Chainlink,03/04/2023,LINK,7.255,7.441,7.022,7.245,5219378.14
Chainlink,04/04/2023,LINK,7.244,7.477,7.202,7.37,4364091.42
Chainlink,05/04/2023,LINK,7.37,7.606,7.217,7.321,5169868.03
Chainlink,06/04/2023,LINK,7.322,7.333,7.113,7.201,2983063.07
Chainlink,07/04/2023,LINK,7.2,7.308,7.106,7.267,1893828.83
Chainlink,08/04/2023,LINK,7.267,7.297,7.076,7.13,1440334.33
Chainlink,09/04/2023,LINK,7.129,7.255,7.05,7.203,1281793
Chainlink,10/04/2023,LINK,7.203,7.367,7.131,7.343,2638647.13
Chainlink,11/04/2023,LINK,7.344,7.453,7.28,7.301,3009556.43
Chainlink,12/04/2023,LINK,7.3,7.372,7.1,7.23,3823180.7
Chainlink,13/04/2023,LINK,7.23,7.546,7.167,7.458,3853982.96
Chainlink,14/04/2023,LINK,7.458,7.899,7.457,7.743,7807389.3
Chainlink,15/04/2023,LINK,7.743,8.089,7.613,8.005,4830720.05
Chainlink,16/04/2023,LINK,8.005,8.19,7.902,8.14,4303246.65
Chainlink,17/04/2023,LINK,8.136,8.299,7.861,8.16,7702069.05
Chainlink,18/04/2023,LINK,8.161,8.798,8.03,8.578,9356075.46
Chainlink,19/04/2023,LINK,8.578,8.6,7.63,7.752,10140445.27
Chainlink,20/04/2023,LINK,7.752,7.967,7.453,7.512,7428716.2
Chainlink,21/04/2023,LINK,7.512,7.609,7.006,7.113,6884596.68
Chainlink,22/04/2023,LINK,7.113,7.242,7.08,7.175,3015617.24
Chainlink,23/04/2023,LINK,7.174,7.174,6.866,7.082,4150416.52
Chainlink,24/04/2023,LINK,7.082,7.269,6.996,7.068,4023418.3
Chainlink,25/04/2023,LINK,7.069,7.3,6.948,7.274,3659091.95
Chainlink,26/04/2023,LINK,7.275,7.503,6.703,7.004,7272868.62
Chainlink,27/04/2023,LINK,7.004,7.232,6.982,7.17,5324313.93
Chainlink,28/04/2023,LINK,7.17,7.187,6.949,7.04,3510662.05
Chainlink,29/04/2023,LINK,7.04,7.22,6.992,7.185,2390310.55
Chainlink,30/04/2023,LINK,7.185,7.305,7.014,7.025,2775030.59
Chainlink,01/05/2023,LINK,7.025,7.082,6.797,6.898,3285344.74
Chainlink,02/05/2023,LINK,6.896,7.013,6.8,6.987,2077200.39
Chainlink,03/05/2023,LINK,6.987,7.151,6.819,7.129,3262366.57
Chainlink,04/05/2023,LINK,7.129,7.162,6.959,6.998,1740570.99
Chainlink,05/05/2023,LINK,6.997,7.28,6.888,7.226,2888965.91
Chainlink,06/05/2023,LINK,7.226,7.279,6.866,6.92,2603213.92
Chainlink,07/05/2023,LINK,6.92,6.989,6.858,6.911,1677014.89
Chainlink,08/05/2023,LINK,6.911,6.913,6.394,6.582,5298917.35
Chainlink,09/05/2023,LINK,6.582,6.633,6.452,6.522,2199712.78
Chainlink,10/05/2023,LINK,6.521,6.696,6.3,6.588,4297013.06
Chainlink,11/05/2023,LINK,6.588,6.592,6.212,6.36,3969206.65
Chainlink,12/05/2023,LINK,6.36,6.64,6.224,6.623,3322966.84
Chainlink,13/05/2023,LINK,6.623,6.636,6.475,6.491,1742486.51
Chainlink,14/05/2023,LINK,6.49,6.61,6.41,6.547,1193769.45
Chainlink,15/05/2023,LINK,6.547,6.711,6.453,6.635,2328720.13
Chainlink,16/05/2023,LINK,6.635,6.728,6.552,6.659,2297423.01
Chainlink,17/05/2023,LINK,6.658,6.812,6.552,6.758,3299636.01
Chainlink,18/05/2023,LINK,6.758,6.767,6.428,6.531,2274544.86
Chainlink,19/05/2023,LINK,6.531,6.555,6.458,6.51,1421337.78
Chainlink,20/05/2023,LINK,6.51,6.543,6.471,6.503,757320.01
Chainlink,21/05/2023,LINK,6.505,6.545,6.356,6.43,1279377.69
Chainlink,22/05/2023,LINK,6.43,6.608,6.334,6.533,2602323.99
Chainlink,23/05/2023,LINK,6.534,6.635,6.474,6.504,1751271.68
Chainlink,24/05/2023,LINK,6.505,6.509,6.206,6.32,3090108.04
Chainlink,25/05/2023,LINK,6.321,6.345,6.164,6.278,1856294.47
Chainlink,26/05/2023,LINK,6.279,6.458,6.235,6.344,1704644.17
Chainlink,27/05/2023,LINK,6.344,6.441,6.327,6.438,1100851.23
Chainlink,28/05/2023,LINK,6.437,6.659,6.419,6.631,2028825.98
Chainlink,29/05/2023,LINK,6.636,6.678,6.527,6.637,2236832.15
Chainlink,30/05/2023,LINK,6.637,6.672,6.536,6.613,2395564.78
Chainlink,31/05/2023,LINK,6.611,6.636,6.396,6.478,2604021.56
Chainlink,01/06/2023,LINK,6.478,6.513,6.317,6.344,2163580.25
Chainlink,02/06/2023,LINK,6.344,6.481,6.306,6.45,2147074.04
Chainlink,03/06/2023,LINK,6.451,6.459,6.361,6.421,868599.69
Chainlink,04/06/2023,LINK,6.421,6.532,6.393,6.452,1209935.67
Chainlink,05/06/2023,LINK,6.45,6.492,5.961,6.054,4495305.78
Chainlink,06/06/2023,LINK,6.054,6.312,6.003,6.261,3709908.32
Chainlink,07/06/2023,LINK,6.261,6.269,5.829,5.917,2998801.55
Chainlink,08/06/2023,LINK,5.919,6.036,5.883,5.995,1426456.09
Chainlink,09/06/2023,LINK,5.994,6.081,5.92,5.993,1267537.07
Chainlink,10/06/2023,LINK,5.992,6.007,4.761,5.233,14028655.59
Chainlink,11/06/2023,LINK,5.233,5.254,5.089,5.175,2454695.33
Chainlink,12/06/2023,LINK,5.175,5.198,5.003,5.16,2746808.8
Chainlink,13/06/2023,LINK,5.16,5.412,5.11,5.3,2495494.52
Chainlink,14/06/2023,LINK,5.299,5.507,5.142,5.25,3786780.65
Chainlink,15/06/2023,LINK,5.25,5.419,5.163,5.312,2895922.21
Chainlink,16/06/2023,LINK,5.312,5.398,5.128,5.324,2176359.41
Chainlink,17/06/2023,LINK,5.325,5.396,5.221,5.279,1878846.73
Chainlink,18/06/2023,LINK,5.282,5.302,5.04,5.156,1966918.59
Chainlink,19/06/2023,LINK,5.157,5.194,4.993,5.133,3234945.88
Chainlink,20/06/2023,LINK,5.134,5.281,5,5.267,4247080.66
Chainlink,21/06/2023,LINK,5.267,5.588,5.242,5.556,5295791.26
Chainlink,22/06/2023,LINK,5.555,5.823,5.507,5.558,4647546.09
Chainlink,23/06/2023,LINK,5.557,6.154,5.551,6.07,6720273.6
Chainlink,24/06/2023,LINK,6.071,6.196,5.912,6.133,3204444.17
Chainlink,25/06/2023,LINK,6.133,6.378,6.059,6.157,3200149.72
Chainlink,26/06/2023,LINK,6.157,6.259,6.005,6.057,3875112.66
Chainlink,27/06/2023,LINK,6.058,6.255,6.046,6.198,3250133.19
Chainlink,28/06/2023,LINK,6.2,6.205,5.703,5.815,4135037.15
Chainlink,29/06/2023,LINK,5.814,6.183,5.787,5.891,4221854.85
Chainlink,30/06/2023,LINK,5.891,6.452,5.721,6.313,8723371.76
Chainlink,01/07/2023,LINK,6.313,6.524,6.122,6.503,5141414.75
Chainlink,02/07/2023,LINK,6.503,6.565,6.333,6.54,4086985.57
Chainlink,03/07/2023,LINK,6.541,6.692,6.468,6.628,3237642.64
Chainlink,04/07/2023,LINK,6.628,6.63,6.392,6.521,2606479.19
Chainlink,05/07/2023,LINK,6.523,6.571,6.214,6.299,3023680.6
Chainlink,06/07/2023,LINK,6.299,6.507,6.08,6.08,3733833.93
Chainlink,07/07/2023,LINK,6.08,6.223,6.012,6.156,2063365.14
Chainlink,08/07/2023,LINK,6.157,6.222,6.094,6.196,1286251.86
Chainlink,09/07/2023,LINK,6.198,6.24,6.123,6.15,1197225.34
Chainlink,10/07/2023,LINK,6.149,6.303,6.02,6.167,2162467.25
Chainlink,11/07/2023,LINK,6.169,6.238,6.121,6.206,1065079.1
Chainlink,12/07/2023,LINK,6.205,6.35,6.196,6.252,2069557.14
Chainlink,13/07/2023,LINK,6.252,7.198,6.211,7.124,6685843.19
Chainlink,14/07/2023,LINK,7.125,7.343,6.687,6.958,7159768.77
Chainlink,15/07/2023,LINK,6.957,7.02,6.832,6.918,1900374.37
Chainlink,16/07/2023,LINK,6.918,6.921,6.567,6.607,2658534.07
Chainlink,17/07/2023,LINK,6.608,7.265,6.45,7.186,8290250.05
Chainlink,18/07/2023,LINK,7.186,7.3,6.757,6.911,8507881.88
Chainlink,19/07/2023,LINK,6.913,7.048,6.773,6.915,4134376.74
Chainlink,20/07/2023,LINK,6.916,8.464,6.884,8.361,24470179.81
Chainlink,21/07/2023,LINK,8.361,8.449,8.042,8.133,8987313.71
Chainlink,22/07/2023,LINK,8.128,8.383,7.76,7.881,6296766.28
Chainlink,23/07/2023,LINK,7.88,8.099,7.817,7.89,3092197
Chainlink,24/07/2023,LINK,7.89,7.89,7.435,7.586,5711968.64
Chainlink,25/07/2023,LINK,7.584,7.643,7.34,7.392,3513090.68
Chainlink,26/07/2023,LINK,7.391,7.835,7.275,7.742,5983258.79
Chainlink,27/07/2023,LINK,7.741,8.145,7.68,7.989,5477383.07
Chainlink,28/07/2023,LINK,7.987,8.092,7.763,7.77,3119106.93
Chainlink,29/07/2023,LINK,7.77,7.897,7.724,7.842,1906734.68
Chainlink,30/07/2023,LINK,7.843,7.863,7.343,7.555,2980351.07
Chainlink,31/07/2023,LINK,7.555,7.716,7.433,7.547,3457040.23
Chainlink,01/08/2023,LINK,7.55,7.648,7.139,7.641,3839827.85
Chainlink,02/08/2023,LINK,7.643,7.715,7.334,7.351,4200718.29
Chainlink,03/08/2023,LINK,7.35,7.409,7.07,7.125,3398269.99
Chainlink,04/08/2023,LINK,7.125,7.265,7.007,7.143,3081770.63
Chainlink,05/08/2023,LINK,7.143,7.246,7.103,7.231,1621170.15
Chainlink,06/08/2023,LINK,7.231,7.275,7.076,7.102,1700576.48
Chainlink,07/08/2023,LINK,7.101,7.397,6.94,7.324,3324085.3
Chainlink,08/08/2023,LINK,7.328,7.534,7.29,7.461,3984515.4
Chainlink,09/08/2023,LINK,7.458,7.919,7.378,7.678,5356202.6
Chainlink,10/08/2023,LINK,7.678,7.735,7.559,7.619,3233781.21
Chainlink,11/08/2023,LINK,7.619,7.642,7.405,7.492,1848871.59
Chainlink,12/08/2023,LINK,7.492,7.539,7.385,7.442,1315001.68
Chainlink,13/08/2023,LINK,7.443,7.56,7.313,7.369,2060255.56
Chainlink,14/08/2023,LINK,7.368,7.636,7.307,7.412,3793787.02
Chainlink,15/08/2023,LINK,7.412,7.434,6.8,7.043,6078471.09
Chainlink,16/08/2023,LINK,7.041,7.072,6.6,6.762,6063000.38
Chainlink,17/08/2023,LINK,6.763,6.871,5.6,6.189,8367039.19
Chainlink,18/08/2023,LINK,6.187,6.287,6.065,6.176,4839502.37
Chainlink,19/08/2023,LINK,6.175,6.264,6.114,6.181,2324385.09
Chainlink,20/08/2023,LINK,6.18,6.236,6.118,6.22,1272820.99
Chainlink,21/08/2023,LINK,6.22,6.256,6.002,6.174,3063645.91
Chainlink,22/08/2023,LINK,6.175,6.255,5.865,6.112,3937580
Chainlink,23/08/2023,LINK,6.116,6.435,6.103,6.352,3611220.57
Chainlink,24/08/2023,LINK,6.351,6.368,5.984,6.084,3008240.96
Chainlink,25/08/2023,LINK,6.084,6.085,5.913,6.014,3107452.3
Chainlink,26/08/2023,LINK,6.014,6.043,5.955,6.006,1636733.49
Chainlink,27/08/2023,LINK,6.005,6.045,5.953,6.03,1327983.29
Chainlink,28/08/2023,LINK,6.029,6.051,5.85,5.981,3374414.54
Chainlink,29/08/2023,LINK,5.981,6.318,5.842,6.194,5586925.4
Chainlink,30/08/2023,LINK,6.193,6.198,5.881,5.925,3206141.49
Chainlink,31/08/2023,LINK,5.925,6.064,5.73,5.879,4186968.01
Chainlink,01/09/2023,LINK,5.878,6.034,5.817,5.941,3668052.2
Chainlink,02/09/2023,LINK,5.941,5.999,5.89,5.972,1272779.56
Chainlink,03/09/2023,LINK,5.972,6.064,5.948,6.027,1783671.76
Chainlink,04/09/2023,LINK,6.03,6.164,5.944,6.012,2785879.47
Chainlink,05/09/2023,LINK,6.013,6.154,5.906,6.137,2961423.42
Chainlink,06/09/2023,LINK,6.138,6.35,6.094,6.302,4754687.99
Chainlink,07/09/2023,LINK,6.301,6.47,6.195,6.387,3097345.2
Chainlink,08/09/2023,LINK,6.388,6.404,6.144,6.28,2003043.64
Chainlink,09/09/2023,LINK,6.28,6.293,6.157,6.165,1037278.42
Chainlink,10/09/2023,LINK,6.165,6.165,5.949,6.015,2940010.89
Chainlink,11/09/2023,LINK,6.016,6.035,5.737,5.829,4285220.96
Chainlink,12/09/2023,LINK,5.827,6.077,5.808,5.957,3107349.35
Chainlink,13/09/2023,LINK,5.958,6.094,5.927,6.02,2998925.26
Chainlink,14/09/2023,LINK,6.021,6.213,6.006,6.151,3421841.03
Chainlink,15/09/2023,LINK,6.152,6.381,6.099,6.367,2517925.91
Chainlink,16/09/2023,LINK,6.367,6.421,6.184,6.281,1902334.13
Chainlink,17/09/2023,LINK,6.279,6.282,6.051,6.146,1503567.78
Chainlink,18/09/2023,LINK,6.146,6.84,6.099,6.567,7921921.79
Chainlink,19/09/2023,LINK,6.566,6.969,6.515,6.846,5536761.2
Chainlink,20/09/2023,LINK,6.846,7.045,6.741,6.905,4549051.69
Chainlink,21/09/2023,LINK,6.907,6.946,6.605,6.664,4270233.81
Chainlink,22/09/2023,LINK,6.665,6.972,6.593,6.958,3083344.65
Chainlink,23/09/2023,LINK,6.959,7.232,6.917,7.189,6314709.67
Chainlink,24/09/2023,LINK,7.189,7.25,6.95,6.972,3149084.7
Chainlink,25/09/2023,LINK,6.972,7.509,6.908,7.494,4956186.61
Chainlink,26/09/2023,LINK,7.494,7.576,7.248,7.356,3877254.09
Chainlink,27/09/2023,LINK,7.355,7.901,7.271,7.645,7180632.89
Chainlink,28/09/2023,LINK,7.641,8.07,7.572,7.807,7218442.3
Chainlink,29/09/2023,LINK,7.81,8.082,7.674,7.946,4632422.26
Chainlink,30/09/2023,LINK,7.947,8.276,7.939,8.191,5316780.65
Chainlink,01/10/2023,LINK,8.19,8.26,7.778,8.054,5741530.2
Chainlink,02/10/2023,LINK,8.053,8.103,7.352,7.47,7388633.58
Chainlink,03/10/2023,LINK,7.472,7.744,7.366,7.409,4753914.76
Chainlink,04/10/2023,LINK,7.408,7.78,7.2,7.674,5466659.39
Chainlink,05/10/2023,LINK,7.673,7.793,7.451,7.465,3846525.19
Chainlink,06/10/2023,LINK,7.469,7.764,7.432,7.639,3176035.64
Chainlink,07/10/2023,LINK,7.64,7.68,7.47,7.524,2235442.95
Chainlink,08/10/2023,LINK,7.521,7.948,7.5,7.673,5220385.39
Chainlink,09/10/2023,LINK,7.671,7.696,7.134,7.276,5400392.17
Chainlink,10/10/2023,LINK,7.276,7.392,7.174,7.259,3315249.53
Chainlink,11/10/2023,LINK,7.259,7.43,7.1,7.391,3701911.87
Chainlink,12/10/2023,LINK,7.39,7.416,7.115,7.197,3425077.36
Chainlink,13/10/2023,LINK,7.198,7.403,7.107,7.256,4244477.6
Chainlink,14/10/2023,LINK,7.257,7.373,7.205,7.331,1522386.46
Chainlink,15/10/2023,LINK,7.331,7.568,7.285,7.423,2299972.73
Chainlink,16/10/2023,LINK,7.422,7.832,7.411,7.525,4491818.19
Chainlink,17/10/2023,LINK,7.525,7.559,7.262,7.32,2869585.65
Chainlink,18/10/2023,LINK,7.32,7.483,7.28,7.356,2301928.23
Chainlink,19/10/2023,LINK,7.356,7.435,7.215,7.304,2421707.11
Chainlink,20/10/2023,LINK,7.304,7.71,7.261,7.57,4329807.55
Chainlink,21/10/2023,LINK,7.57,9.171,7.52,8.914,15593852.19
Chainlink,22/10/2023,LINK,8.914,10.288,8.839,10.19,18639585.65
Chainlink,23/10/2023,LINK,10.189,11.058,9.789,10.577,24657322.01
Chainlink,24/10/2023,LINK,10.578,11.15,9.661,10.372,17094050.82
Chainlink,25/10/2023,LINK,10.371,11.788,10.337,11.058,17153705.46
Chainlink,26/10/2023,LINK,11.059,11.392,10.348,10.928,10983527.2
Chainlink,27/10/2023,LINK,10.927,11.434,10.605,11.185,11720249.83
Chainlink,28/10/2023,LINK,11.184,11.666,10.819,10.923,7686066.07
Chainlink,29/10/2023,LINK,10.923,11.297,10.75,11.081,5275457.69
Chainlink,30/10/2023,LINK,11.085,11.854,10.89,11.22,9454805.93
Chainlink,31/10/2023,LINK,11.22,12.026,10.92,11.353,12476688.51
Chainlink,01/11/2023,LINK,11.352,11.786,10.647,11.638,10588892.04
Chainlink,02/11/2023,LINK,11.639,11.749,10.806,11.007,8003890.51
Chainlink,03/11/2023,LINK,11.007,11.596,10.5,11.46,8887394.75
Chainlink,04/11/2023,LINK,11.457,11.626,11.147,11.496,5234888.3
Chainlink,05/11/2023,LINK,11.496,12.559,11.356,12.231,11907068.54
Chainlink,06/11/2023,LINK,12.231,13.255,12.118,12.984,10027182.42
Chainlink,07/11/2023,LINK,12.984,13.34,12.528,13.04,11935472.54
Chainlink,08/11/2023,LINK,13.04,14.98,12.81,14.919,12601104.84
Chainlink,09/11/2023,LINK,14.918,15.99,13.589,14.603,18901164.92
Chainlink,10/11/2023,LINK,14.603,15.644,14.122,15.493,12832103.89
Chainlink,11/11/2023,LINK,15.502,16.6,14.708,16.477,11922184.55
Chainlink,12/11/2023,LINK,16.477,16.543,15.371,16.025,9480541.7
Chainlink,13/11/2023,LINK,16.025,16.3,14.304,14.358,10117089.62
Chainlink,14/11/2023,LINK,14.354,14.91,13.361,13.945,12808258.53
Chainlink,15/11/2023,LINK,13.947,15.389,13.93,15.027,9561100.03
Chainlink,16/11/2023,LINK,15.027,15.22,13.55,13.866,11515683.62
Chainlink,17/11/2023,LINK,13.866,14.269,12.853,13.702,10376868.15
Chainlink,18/11/2023,LINK,13.707,13.81,12.921,13.75,5989655.98
Chainlink,19/11/2023,LINK,13.751,15.054,13.369,14.908,8024107.07
Chainlink,20/11/2023,LINK,14.911,15.393,14.365,14.477,7852547.72
Chainlink,21/11/2023,LINK,14.475,14.663,13.3,13.359,9307600.94
Chainlink,22/11/2023,LINK,13.362,14.621,13.24,14.212,7341318.89
Chainlink,23/11/2023,LINK,14.213,14.887,14.122,14.398,5780105.38
Chainlink,24/11/2023,LINK,14.398,14.843,14.208,14.482,4360537.63
Chainlink,25/11/2023,LINK,14.481,14.975,14.376,14.762,3318038.65
Chainlink,26/11/2023,LINK,14.763,15.333,14.364,14.766,5240707.85
Chainlink,27/11/2023,LINK,14.768,15.3,13.88,14.186,6146071.04
Chainlink,28/11/2023,LINK,14.186,14.712,13.765,14.521,5394866.99
Chainlink,29/11/2023,LINK,14.524,14.993,14.376,14.511,4845528.8
Chainlink,30/11/2023,LINK,14.514,14.832,14.268,14.412,4398464.68
Chainlink,01/12/2023,LINK,14.411,15.048,14.271,14.988,4634512.61
Chainlink,02/12/2023,LINK,14.987,16.199,14.919,15.992,6568892.92
Chainlink,03/12/2023,LINK,15.992,16.29,15.666,15.705,4379093.89
Chainlink,04/12/2023,LINK,15.706,16.396,15.11,15.813,8826925.32
Chainlink,05/12/2023,LINK,15.812,16.088,15.178,15.729,7193745.83
Chainlink,06/12/2023,LINK,15.72,16.164,15.232,15.268,8057101.19
Chainlink,07/12/2023,LINK,15.266,15.802,14.658,15.691,9080106.82
Chainlink,08/12/2023,LINK,15.688,17.324,15.55,16.925,10827786.35
Chainlink,09/12/2023,LINK,16.926,17.299,16.023,16.196,8430393.84
Chainlink,10/12/2023,LINK,16.195,16.454,15.791,16.367,4766574.66
Chainlink,11/12/2023,LINK,16.368,16.462,13.78,14.768,14107495.09
Chainlink,12/12/2023,LINK,14.767,15.138,14.17,14.523,7450890.25
Chainlink,13/12/2023,LINK,14.527,14.959,13.857,14.77,8205912.53
Chainlink,14/12/2023,LINK,14.773,15.586,14.21,15.37,8398653.34
Chainlink,15/12/2023,LINK,15.372,15.394,14.257,14.281,5588024
Chainlink,16/12/2023,LINK,14.281,14.801,14.086,14.32,3975469.06
Chainlink,17/12/2023,LINK,14.32,14.372,13.91,14.013,3560218.31
Chainlink,18/12/2023,LINK,14.016,14.681,13.633,14.674,8220244.73
Chainlink,19/12/2023,LINK,14.669,14.808,13.923,14.1,4715602.5
Chainlink,20/12/2023,LINK,14.1,14.805,13.975,14.253,5093239.98
Chainlink,21/12/2023,LINK,14.252,15.311,14.179,15.305,6978195.1
Chainlink,22/12/2023,LINK,15.306,15.729,14.969,15.479,6378166.47
Chainlink,23/12/2023,LINK,15.478,15.9,14.894,15.682,6241227.2
Chainlink,24/12/2023,LINK,15.682,15.95,15.11,15.262,5937006.95
Chainlink,25/12/2023,LINK,15.263,15.802,15.12,15.585,5182592.13
Chainlink,26/12/2023,LINK,15.586,15.9,14.3,15.092,6443612.14
Chainlink,27/12/2023,LINK,15.092,16.75,14.646,16.709,8604959.81
Chainlink,28/12/2023,LINK,16.711,17.672,15.975,16.005,12399584.63
Chainlink,29/12/2023,LINK,16.006,16.224,15.116,15.54,7020535.98
Chainlink,30/12/2023,LINK,15.539,15.623,15.017,15.167,2951588.48
Chainlink,31/12/2023,LINK,15.17,15.528,14.77,14.941,3495890.27
Chainlink,01/01/2024,LINK,14.942,15.58,14.81,15.548,3173937.89
Chainlink,02/01/2024,LINK,15.547,16.063,15.017,15.166,5675020.93
Chainlink,03/01/2024,LINK,15.165,15.578,12.2,14.148,10147635.17
Chainlink,04/01/2024,LINK,14.148,14.777,13.975,14.526,4365827.16
Chainlink,05/01/2024,LINK,14.53,14.655,13.705,14.091,6076419.59
Chainlink,06/01/2024,LINK,14.092,14.098,13.18,13.436,3565461.87
Chainlink,07/01/2024,LINK,13.435,13.741,13,13.151,3045099.87
Chainlink,08/01/2024,LINK,13.155,14.402,12.527,14.139,6343630.56
Chainlink,09/01/2024,LINK,14.143,14.25,13.242,13.716,6089402.93
Chainlink,10/01/2024,LINK,13.716,15.363,13.563,15.072,6108662.9
Chainlink,11/01/2024,LINK,15.073,15.695,14.597,15.022,5971021.52
Chainlink,12/01/2024,LINK,15.021,15.304,13.59,14.151,5199803.58
Chainlink,13/01/2024,LINK,14.155,14.43,13.788,14.345,2403223.09
Chainlink,14/01/2024,LINK,14.345,15.434,14.267,14.755,6981289.71
Chainlink,15/01/2024,LINK,14.755,16.018,14.75,15.185,7120605.92
Chainlink,16/01/2024,LINK,15.185,15.365,14.739,15.271,3995089.65
Chainlink,17/01/2024,LINK,15.267,16.395,15.267,15.761,8906227.12
Chainlink,18/01/2024,LINK,15.761,15.773,14.189,14.658,6730412.48
Chainlink,19/01/2024,LINK,14.658,16.415,14.461,16.118,9958120.37
Chainlink,20/01/2024,LINK,16.118,16.61,15.624,15.781,8343648.47
Chainlink,21/01/2024,LINK,15.781,15.912,15.365,15.396,3466755.98
Chainlink,22/01/2024,LINK,15.393,15.974,14.507,14.598,8999991.39
Chainlink,23/01/2024,LINK,14.597,14.886,13.561,14.3,7634724.2
Chainlink,24/01/2024,LINK,14.298,14.442,13.911,14.243,4902671.9
Chainlink,25/01/2024,LINK,14.242,14.261,13.506,13.744,3983863.76
Chainlink,26/01/2024,LINK,13.744,14.3,13.637,14.187,4124078.3
Chainlink,27/01/2024,LINK,14.188,14.4,14.091,14.345,2101656.52
Chainlink,28/01/2024,LINK,14.341,14.7,14.201,14.48,3924457.9
Chainlink,29/01/2024,LINK,14.479,15.081,14.265,15.004,5591006.51
Chainlink,30/01/2024,LINK,15.004,15.805,14.895,15.475,6613663.41
Chainlink,31/01/2024,LINK,15.474,16.06,15.083,15.429,9675848.46
Chainlink,01/02/2024,LINK,15.427,17.382,15.147,17.19,15982416.79
Chainlink,02/02/2024,LINK,17.192,18.88,17.132,17.828,18593885.47
Chainlink,03/02/2024,LINK,17.827,18.148,17.502,17.658,7618053.39
Chainlink,04/02/2024,LINK,17.661,18.711,17.532,18.153,7542592.91
Chainlink,05/02/2024,LINK,18.154,19.794,17.806,19.164,11701737.55
Chainlink,06/02/2024,LINK,19.163,19.333,18.21,18.287,7718020.78
Chainlink,07/02/2024,LINK,18.287,19.077,18.021,18.817,6288753.44
Chainlink,08/02/2024,LINK,18.818,19.271,17.969,18.212,6386966.04
Chainlink,09/02/2024,LINK,18.209,18.625,17.973,18.47,5692887.07
Chainlink,10/02/2024,LINK,18.47,19.17,17.986,19.084,4237108.87
Chainlink,11/02/2024,LINK,19.083,20.676,18.829,20.146,8729373.41
Chainlink,12/02/2024,LINK,20.147,20.856,19.751,20.465,9061699.87
