Name,Date,Symbol,Open,High,Low,Close,Volume AVAX
Avalanche,22/09/2020,AVAX,0.85,7,0.85,5.3193,31441883.16
Avalanche,23/09/2020,AVAX,5.3279,5.36,3.4,3.535,12620608.01
Avalanche,24/09/2020,AVAX,3.5305,4.8873,3.4033,4.6411,7107843.86
Avalanche,25/09/2020,AVAX,4.6366,5.0234,4.2001,4.7134,3886096.71
Avalanche,26/09/2020,AVAX,4.7164,4.82,4.3294,4.52,1814932.97
Avalanche,27/09/2020,AVAX,4.5214,4.7134,4.1068,4.6484,1500134.56
Avalanche,28/09/2020,AVAX,4.6485,4.705,4.1667,4.2021,1210446.38
Avalanche,29/09/2020,AVAX,4.1999,4.2899,3.9607,4.1394,1057878.53
Avalanche,30/09/2020,AVAX,4.1429,4.411,3.9958,4.3293,915518.31
Avalanche,01/10/2020,AVAX,4.3293,4.53,4.014,4.15,1477288.72
Avalanche,02/10/2020,AVAX,4.1422,4.2198,3.6332,3.9115,1847614.48
Avalanche,03/10/2020,AVAX,3.9156,4.19,3.8696,4.0168,679798.03
Avalanche,04/10/2020,AVAX,4.0202,4.0798,3.8334,3.964,630849.97
Avalanche,05/10/2020,AVAX,3.9582,4.0456,3.87,3.9813,475912.76
Avalanche,06/10/2020,AVAX,3.9949,4,3.5,3.5424,971155.87
Avalanche,07/10/2020,AVAX,3.5401,3.5462,3.207,3.442,988661.32
Avalanche,08/10/2020,AVAX,3.4409,3.9599,3.3228,3.9147,900977.83
Avalanche,09/10/2020,AVAX,3.9147,4.3252,3.8034,4.2491,573063.37
Avalanche,10/10/2020,AVAX,4.2427,4.2693,4.0001,4.023,821315.35
Avalanche,11/10/2020,AVAX,4.0205,4.1762,3.9333,4.096,542437.49
Avalanche,12/10/2020,AVAX,4.0841,4.71,4.054,4.41,851811.15
Avalanche,13/10/2020,AVAX,4.4099,4.5636,4.3203,4.4806,776819.51
Avalanche,14/10/2020,AVAX,4.4808,4.4848,4.0125,4.1596,512479.12
Avalanche,15/10/2020,AVAX,4.15,4.2312,3.9985,4.1269,306544.02
Avalanche,16/10/2020,AVAX,4.1266,4.1582,3.8755,4.0433,538055.06
Avalanche,17/10/2020,AVAX,4.0462,4.21,3.9673,4.1946,258634.77
Avalanche,18/10/2020,AVAX,4.1874,4.2461,4.0701,4.1195,138296.5
Avalanche,19/10/2020,AVAX,4.1371,4.1748,3.9926,4.05,274925.09
Avalanche,20/10/2020,AVAX,4.0568,4.0908,3.6925,3.804,589447.62
Avalanche,21/10/2020,AVAX,3.8007,4.103,3.7918,3.9585,319446.86
Avalanche,22/10/2020,AVAX,3.9574,4.4904,3.9511,4.3385,741499.28
Avalanche,23/10/2020,AVAX,4.3406,4.4872,4.1354,4.2568,324892.94
Avalanche,24/10/2020,AVAX,4.2539,4.362,4.14,4.1821,218601.98
Avalanche,25/10/2020,AVAX,4.1803,4.2526,4.1,4.1479,209663.9
Avalanche,26/10/2020,AVAX,4.1409,4.4897,4.0141,4.148,661155.33
Avalanche,27/10/2020,AVAX,4.1454,4.35,4.0343,4.1217,292754.21
Avalanche,28/10/2020,AVAX,4.1214,4.1792,3.9308,4.0596,359147.72
Avalanche,29/10/2020,AVAX,4.0607,4.1051,3.7296,3.7758,422589.86
Avalanche,30/10/2020,AVAX,3.7744,3.8226,3.5781,3.7224,850092.33
Avalanche,31/10/2020,AVAX,3.7116,3.7612,3.5876,3.6456,346114.94
Avalanche,01/11/2020,AVAX,3.6355,3.7142,3.5521,3.6814,295468.18
Avalanche,02/11/2020,AVAX,3.6851,3.8775,3.6145,3.617,322604.28
Avalanche,03/11/2020,AVAX,3.6174,3.6513,3.2368,3.323,664899.75
Avalanche,04/11/2020,AVAX,3.3299,3.3759,3,3.1718,466205.93
Avalanche,05/11/2020,AVAX,3.1736,3.3841,3.0211,3.3348,644688.78
Avalanche,06/11/2020,AVAX,3.335,3.6666,3.3194,3.5913,910038.31
Avalanche,07/11/2020,AVAX,3.594,3.9193,3.37,3.4126,832528.78
Avalanche,08/11/2020,AVAX,3.4093,3.67,3.3613,3.4754,543130.62
Avalanche,09/11/2020,AVAX,3.4674,3.5399,3.2619,3.4125,534923.49
Avalanche,10/11/2020,AVAX,3.421,3.63,3.369,3.5713,482731.01
Avalanche,11/11/2020,AVAX,3.5775,3.82,3.46,3.4842,389355.68
Avalanche,12/11/2020,AVAX,3.4918,3.5691,3.32,3.4243,314355.65
Avalanche,13/11/2020,AVAX,3.4268,3.7018,3.3911,3.6745,585394.03
Avalanche,14/11/2020,AVAX,3.6779,3.7042,3.396,3.4894,443020.54
Avalanche,15/11/2020,AVAX,3.484,3.6415,3.4101,3.5453,438362.91
Avalanche,16/11/2020,AVAX,3.5348,3.82,3.455,3.7,658000.76
Avalanche,17/11/2020,AVAX,3.7062,3.9333,3.6881,3.8355,490826.18
Avalanche,18/11/2020,AVAX,3.8476,3.8739,3.55,3.7445,531913.49
Avalanche,19/11/2020,AVAX,3.7498,3.8272,3.5563,3.6399,386309.17
Avalanche,20/11/2020,AVAX,3.6432,4.0111,3.6224,3.715,657029.12
Avalanche,21/11/2020,AVAX,3.7124,4.0983,3.67,4.0281,557225
Avalanche,22/11/2020,AVAX,4.0291,4.0602,3.71,3.8892,562448.53
Avalanche,23/11/2020,AVAX,3.9066,4.2575,3.8519,4.0747,611842.99
Avalanche,24/11/2020,AVAX,4.0748,4.3334,3.865,4.26,855854.35
Avalanche,25/11/2020,AVAX,4.26,4.3989,3.9001,4.0453,763623.28
Avalanche,26/11/2020,AVAX,4.0363,4.089,3.28,3.5447,1011308.69
Avalanche,27/11/2020,AVAX,3.5399,3.7581,3.4178,3.5942,382067.49
Avalanche,28/11/2020,AVAX,3.5903,3.6998,3.4752,3.6271,256600.45
Avalanche,29/11/2020,AVAX,3.6299,3.7662,3.531,3.7013,222772.03
Avalanche,30/11/2020,AVAX,3.7124,3.82,3.6418,3.7024,266744.6
Avalanche,01/12/2020,AVAX,3.7044,3.8128,3.4501,3.5543,453003.61
Avalanche,02/12/2020,AVAX,3.55,3.8458,3.5059,3.74,255368.39
Avalanche,03/12/2020,AVAX,3.7384,3.8966,3.7103,3.8123,217818.87
Avalanche,04/12/2020,AVAX,3.8076,3.86,3.5091,3.5348,306354.06
Avalanche,05/12/2020,AVAX,3.5337,3.7182,3.5059,3.6382,176697.58
Avalanche,06/12/2020,AVAX,3.6384,3.6733,3.5077,3.6055,198916.73
Avalanche,07/12/2020,AVAX,3.6036,3.6096,3.3,3.3895,319608.12
Avalanche,08/12/2020,AVAX,3.3896,3.3948,3.085,3.1172,947986.45
Avalanche,09/12/2020,AVAX,3.1185,3.4411,2.8001,3.2652,1491988.4
Avalanche,10/12/2020,AVAX,3.2644,3.3583,3.0643,3.1499,1121704.58
Avalanche,11/12/2020,AVAX,3.1482,3.307,3.0131,3.2375,740274.35
Avalanche,12/12/2020,AVAX,3.232,3.45,3.2318,3.3332,695480.54
Avalanche,13/12/2020,AVAX,3.3409,3.4173,3.2806,3.3405,598125.27
Avalanche,14/12/2020,AVAX,3.3401,3.3424,3.1357,3.1433,1041542.84
Avalanche,15/12/2020,AVAX,3.1439,3.5441,3.06,3.3014,899508.23
Avalanche,16/12/2020,AVAX,3.3012,3.3844,3.1451,3.3409,660892.42
Avalanche,17/12/2020,AVAX,3.3444,3.3823,3.1761,3.2079,634136.04
Avalanche,18/12/2020,AVAX,3.2068,3.4737,3.1424,3.4081,642895.11
Avalanche,19/12/2020,AVAX,3.4081,3.6076,3.3783,3.4651,506114.81
Avalanche,20/12/2020,AVAX,3.458,3.498,3.2755,3.304,415890.15
Avalanche,21/12/2020,AVAX,3.3041,3.3564,2.925,3.0892,827256.68
Avalanche,22/12/2020,AVAX,3.0922,3.1331,2.9198,3.0761,488812.87
Avalanche,23/12/2020,AVAX,3.0705,3.6937,2.7501,2.9465,2874448.39
Avalanche,24/12/2020,AVAX,2.9525,3.1153,2.7679,3.1006,910977.44
Avalanche,25/12/2020,AVAX,3.1171,3.1301,2.84,2.9517,870245.85
Avalanche,26/12/2020,AVAX,2.9497,2.9975,2.85,2.9178,475916.53
Avalanche,27/12/2020,AVAX,2.9223,3.0759,2.8401,2.9026,566733.02
Avalanche,28/12/2020,AVAX,2.9168,3.0496,2.8685,2.9577,932674.77
Avalanche,29/12/2020,AVAX,2.9609,3.01,2.8322,2.9248,831346.83
Avalanche,30/12/2020,AVAX,2.925,2.94,2.8327,2.9162,443153.2
Avalanche,31/12/2020,AVAX,2.9166,3.2997,2.78,3.1859,861034.14
Avalanche,01/01/2021,AVAX,3.1859,3.86,3.0178,3.6497,3817118.74
Avalanche,02/01/2021,AVAX,3.6544,3.939,3.2851,3.4956,1768205.15
Avalanche,03/01/2021,AVAX,3.5005,3.83,3.3916,3.4691,989465.26
Avalanche,04/01/2021,AVAX,3.477,3.83,3.2283,3.5999,1242545.27
Avalanche,05/01/2021,AVAX,3.5999,4.3556,3.4703,4.2501,2403396.82
Avalanche,06/01/2021,AVAX,4.2502,4.9773,4.1361,4.5788,2925158.25
Avalanche,07/01/2021,AVAX,4.5803,4.8205,4.1827,4.4707,1471492.75
Avalanche,08/01/2021,AVAX,4.4728,5.9,4,5.7,3037659.66
Avalanche,09/01/2021,AVAX,5.6999,7.487,5.5761,7.1877,4060100.24
Avalanche,10/01/2021,AVAX,7.2115,7.4969,6.15,6.5416,1865913.15
Avalanche,11/01/2021,AVAX,6.541,7,5.72,6.4713,2065125.52
Avalanche,12/01/2021,AVAX,6.4623,8.2356,6.4198,7.72,3138438.02
Avalanche,13/01/2021,AVAX,7.7254,8.5,7.1356,8.4695,1712008.71
Avalanche,14/01/2021,AVAX,8.4693,9.6004,8.21,9.3177,2550051.08
Avalanche,15/01/2021,AVAX,9.3192,9.89,8.57,9.3794,1991192.96
Avalanche,16/01/2021,AVAX,9.3795,13.4991,9.1629,12.8421,3898717.61
Avalanche,17/01/2021,AVAX,12.8222,14.69,12.3231,13.1746,3568856.68
Avalanche,18/01/2021,AVAX,13.1748,13.858,12.5737,12.7035,1317372.42
Avalanche,19/01/2021,AVAX,12.6825,14,11.3433,11.7367,1846921.9
Avalanche,20/01/2021,AVAX,11.7346,13.0765,11.03,12.3768,1515429.53
Avalanche,21/01/2021,AVAX,12.3768,13.0147,11.0659,11.3225,1710782.31
Avalanche,22/01/2021,AVAX,11.3329,13.3899,10.673,12.7097,2250602.42
Avalanche,23/01/2021,AVAX,12.7153,13.48,12.5059,12.8669,1224349.08
Avalanche,24/01/2021,AVAX,12.8914,13.1725,12.2,12.4801,907179.12
Avalanche,25/01/2021,AVAX,12.4801,12.95,12.0598,12.1816,613873.67
Avalanche,26/01/2021,AVAX,12.1816,12.7333,11.3804,12.2088,873414.18
Avalanche,27/01/2021,AVAX,12.178,12.215,10.77,11.158,740335.46
Avalanche,28/01/2021,AVAX,11.1379,12.7524,10.8,11.9615,1091962.84
Avalanche,29/01/2021,AVAX,11.9596,12.6757,11.3145,11.6158,1470197.45
Avalanche,30/01/2021,AVAX,11.6158,12.65,11.293,12.0433,1122825.05
Avalanche,31/01/2021,AVAX,12.0125,15.3728,11.83,13.4704,5017946.71
Avalanche,01/02/2021,AVAX,13.4704,13.6408,12.5741,13.2153,1820891.9
Avalanche,02/02/2021,AVAX,13.2105,13.725,12.765,13.4703,748745.41
Avalanche,03/02/2021,AVAX,13.47,14.9409,13.1814,14.84,1267446.12
Avalanche,04/02/2021,AVAX,14.84,15.8795,13.7978,15.2697,1649348.48
Avalanche,05/02/2021,AVAX,15.2738,18.0321,15.1206,17.8973,1654441.43
Avalanche,06/02/2021,AVAX,17.8971,18.6228,15.8,18.1216,1547693.33
Avalanche,07/02/2021,AVAX,18.1232,24.4268,17.8802,23.705,4884650.65
Avalanche,08/02/2021,AVAX,23.7374,33.8167,23.55,30.056,5774862.08
Avalanche,09/02/2021,AVAX,30.0564,33,27.4769,31.9194,2664482.65
Avalanche,10/02/2021,AVAX,31.8487,60.3035,31.3408,54.6861,9715755.01
Avalanche,11/02/2021,AVAX,54.6872,56.4998,41.6728,46.9673,4310924.37
Avalanche,12/02/2021,AVAX,46.9726,54.4775,43.5,48.2978,3209807.22
Avalanche,13/02/2021,AVAX,48.2961,51.9,43.4014,44.0832,1890974.72
Avalanche,14/02/2021,AVAX,44.0691,45.75,38.3724,39.1711,2829524.14
Avalanche,15/02/2021,AVAX,39.17,44.98,33.5,38.309,3933303.2
Avalanche,16/02/2021,AVAX,38.3362,40,35.1417,36.5402,2556745.82
Avalanche,17/02/2021,AVAX,36.5402,42.1299,34.1386,37.3003,3076680.22
Avalanche,18/02/2021,AVAX,37.3046,44.4907,36.19,40.9656,3097214.68
Avalanche,19/02/2021,AVAX,41.023,41.2754,37.5,38.7274,2047933.74
Avalanche,20/02/2021,AVAX,38.7264,42.8463,31.9376,35.9985,3400687.05
Avalanche,21/02/2021,AVAX,35.9553,38.0037,34.7906,36.1855,1516510.61
Avalanche,22/02/2021,AVAX,36.1932,36.2941,25.47,32.1502,2970210.71
Avalanche,23/02/2021,AVAX,32.1504,32.4108,22.51,27.5924,3657984.88
Avalanche,24/02/2021,AVAX,27.5966,32.2699,25.2501,29.7396,3233830.55
Avalanche,25/02/2021,AVAX,29.732,32.1836,26.4439,26.7,2431285.39
Avalanche,26/02/2021,AVAX,26.7718,28.0474,24.7703,25.9695,1804008.06
Avalanche,27/02/2021,AVAX,25.9695,27.4999,25,25.7616,1690910.72
Avalanche,28/02/2021,AVAX,25.7423,25.9299,22.1237,23.9566,1816997.15
Avalanche,01/03/2021,AVAX,23.9698,27.8227,23.6073,27.5107,2250036.68
Avalanche,02/03/2021,AVAX,27.5189,31.99,25.8604,27.1101,5223868.87
Avalanche,03/03/2021,AVAX,27.1144,29.4503,26.5202,27.22,2841940.87
Avalanche,04/03/2021,AVAX,27.2126,28.82,24.2222,25.7781,3087747.13
Avalanche,05/03/2021,AVAX,25.7781,25.7781,23.5269,24.2414,2367099.9
Avalanche,06/03/2021,AVAX,24.2708,25.5,23.8267,24.911,1483862.28
Avalanche,07/03/2021,AVAX,24.9225,27.95,24.9225,26.6863,3010972.81
Avalanche,08/03/2021,AVAX,26.6884,27.1147,24.8921,25.6179,2182937.86
Avalanche,09/03/2021,AVAX,25.6178,34.7857,23.4102,34.314,10511803.75
Avalanche,10/03/2021,AVAX,34.3007,35.8,28.691,29.5858,8435059.85
Avalanche,11/03/2021,AVAX,29.6171,32.8333,28.4,30.8005,5275313.55
Avalanche,12/03/2021,AVAX,30.798,31.5823,26.7837,27.9561,4025302.52
Avalanche,13/03/2021,AVAX,27.9469,33.2249,26.8568,30.8799,4641909.98
Avalanche,14/03/2021,AVAX,30.9086,32.3,28.8,28.8423,2905962.81
Avalanche,15/03/2021,AVAX,28.8383,30.6472,27,28.9472,3223256.17
Avalanche,16/03/2021,AVAX,28.9221,33.25,27.5189,33.036,3919260.34
Avalanche,17/03/2021,AVAX,33.036,33.9899,30.5307,32.6789,3711302.21
Avalanche,18/03/2021,AVAX,32.6789,35.6073,31.8187,33.2132,3784343.49
Avalanche,19/03/2021,AVAX,33.2131,38.4866,31.3409,37.3166,4561567.37
Avalanche,20/03/2021,AVAX,37.3219,39.3,34.1701,34.2022,2545309.31
Avalanche,21/03/2021,AVAX,34.1783,35.4516,32.0001,32.8117,2817582.7
Avalanche,22/03/2021,AVAX,32.8109,33.5892,28.6202,29.17,2819087.11
Avalanche,23/03/2021,AVAX,29.1805,30.8899,28.1111,28.4704,2208298
Avalanche,24/03/2021,AVAX,28.4541,30.4914,24.6652,25.8387,2924723.82
Avalanche,25/03/2021,AVAX,25.8,27.5152,24.3291,25.825,2616910.89
Avalanche,26/03/2021,AVAX,25.8109,28.8782,25.7873,28.2527,2119177.62
Avalanche,27/03/2021,AVAX,28.2744,28.6667,26.789,27.6225,1664560.96
Avalanche,28/03/2021,AVAX,27.6226,29.5578,27.22,28.7167,2149098.9
Avalanche,29/03/2021,AVAX,28.7392,30.3702,28.2,29.5,1936628.46
Avalanche,30/03/2021,AVAX,29.5,30.9802,28.6023,29.6009,1916568.91
Avalanche,31/03/2021,AVAX,29.6009,29.9641,25.9,28.7218,1991045.26
Avalanche,01/04/2021,AVAX,28.7217,29.373,27.6921,28.2456,1556653.75
Avalanche,02/04/2021,AVAX,28.2686,29.5805,27.9429,29.0353,1502764.68
Avalanche,03/04/2021,AVAX,29.0137,32.8727,27.8274,28.1787,4011015.62
Avalanche,04/04/2021,AVAX,28.1709,29.9171,27.5607,29.1573,1645442.99
Avalanche,05/04/2021,AVAX,29.174,33,28.5455,31.2559,3914406.49
Avalanche,06/04/2021,AVAX,31.2913,34.5578,30,31.4635,3854943.21
Avalanche,07/04/2021,AVAX,31.4838,34.15,28.6023,29.5068,3026403.42
Avalanche,08/04/2021,AVAX,29.54,31.6137,29.2287,30.751,1585910.41
Avalanche,09/04/2021,AVAX,30.7475,32.482,30.3031,31.5178,2411521.93
Avalanche,10/04/2021,AVAX,31.5178,33.97,30.865,31.776,3316903.42
Avalanche,11/04/2021,AVAX,31.7628,32.33,30.8928,31.5976,1817836.56
Avalanche,12/04/2021,AVAX,31.5853,35.6418,31.1,33.8055,4048871.8
Avalanche,13/04/2021,AVAX,33.8125,34.888,31.7,33.6462,3077724.42
Avalanche,14/04/2021,AVAX,33.6426,39.45,32.8907,38.3391,7610260.01
Avalanche,15/04/2021,AVAX,38.3892,40.759,36.21,37.0174,4740728.24
Avalanche,16/04/2021,AVAX,37.0256,37.5412,33.0618,35.45,3675610.8
Avalanche,17/04/2021,AVAX,35.4383,36.9062,33.51,33.9342,2447216.38
Avalanche,18/04/2021,AVAX,33.9673,34.3,22.5473,29.3348,5871628.96
Avalanche,19/04/2021,AVAX,29.323,30.5796,25.5472,26.1827,3255981.02
Avalanche,20/04/2021,AVAX,26.2029,29.9752,23.8766,27.4058,3447186.95
Avalanche,21/04/2021,AVAX,27.4059,28.4899,25.75,25.8131,2761857.45
Avalanche,22/04/2021,AVAX,25.8131,27.7519,22.87,23.9703,3474222.21
Avalanche,23/04/2021,AVAX,23.9692,26.557,19.8,23.5317,4749135.19
Avalanche,24/04/2021,AVAX,23.55,23.9381,21.3801,21.8523,2231443.96
Avalanche,25/04/2021,AVAX,21.8429,23.75,20.359,21.624,1711011.135
Avalanche,26/04/2021,AVAX,21.628,26.5,21.39,26.451,3025256.65
Avalanche,27/04/2021,AVAX,26.441,28,25.7,27.949,2350750.048
Avalanche,28/04/2021,AVAX,27.961,29.077,25.826,28.233,2546834.944
Avalanche,29/04/2021,AVAX,28.246,29.765,26.6,27.912,2274429.724
Avalanche,30/04/2021,AVAX,27.926,33,27.501,32.8,3368373.696
Avalanche,01/05/2021,AVAX,32.819,35.68,31.722,31.805,3589503.042
Avalanche,02/05/2021,AVAX,31.815,32.681,30.383,31.28,2177846.529
Avalanche,03/05/2021,AVAX,31.262,37.36,30.697,35.871,5397490.383
Avalanche,04/05/2021,AVAX,35.885,36.194,29.501,30.287,4452223.237
Avalanche,05/05/2021,AVAX,30.307,35.616,29.7,35.258,3289567.944
Avalanche,06/05/2021,AVAX,35.225,39.3,34.66,38.003,6195375.726
Avalanche,07/05/2021,AVAX,38.002,43.885,35.969,37.875,6802609.557
Avalanche,08/05/2021,AVAX,37.852,39.844,37.157,38.399,2493215.197
Avalanche,09/05/2021,AVAX,38.399,39.5,35.017,38.969,2403153.534
Avalanche,10/05/2021,AVAX,38.988,41.8,29.69,34.652,4334618.088
Avalanche,11/05/2021,AVAX,34.65,37.3,32.575,36.8,2729477.604
Avalanche,12/05/2021,AVAX,36.768,41.47,32,32.8,5512564.2
Avalanche,13/05/2021,AVAX,32.872,37.17,30.739,35.075,4599017.978
Avalanche,14/05/2021,AVAX,35.036,38,33.276,36.999,2531482.455
Avalanche,15/05/2021,AVAX,36.993,39.99,34.031,34.439,4984162.837
Avalanche,16/05/2021,AVAX,34.464,39.7,32.5,36.6,5278663.199
Avalanche,17/05/2021,AVAX,36.597,37.936,31.75,33.67,4761781.536
Avalanche,18/05/2021,AVAX,33.684,37.7,33.268,36.875,3692884.156
Avalanche,19/05/2021,AVAX,36.907,38.535,17.775,23.052,7854204.012
Avalanche,20/05/2021,AVAX,23.064,28.2,20.809,25.086,4667836.199
Avalanche,21/05/2021,AVAX,25.042,26.712,18.368,21.827,3781391.334
Avalanche,22/05/2021,AVAX,21.825,22.474,18.3,18.797,2628918.371
Avalanche,23/05/2021,AVAX,18.809,19.668,12.086,15.606,5463994.514
Avalanche,24/05/2021,AVAX,15.603,20.5,15.034,19.395,4361327.481
Avalanche,25/05/2021,AVAX,19.395,20.243,17.001,19.446,2878326.676
Avalanche,26/05/2021,AVAX,19.431,21.453,18.918,20.797,3101870.521
Avalanche,27/05/2021,AVAX,20.794,21.198,18.717,19.118,1878833.966
Avalanche,28/05/2021,AVAX,19.133,19.568,16.015,16.727,2318888.923
Avalanche,29/05/2021,AVAX,16.727,17.592,15.169,16.168,1260980.209
Avalanche,30/05/2021,AVAX,16.194,17.468,15.101,16.518,1133881.014
Avalanche,31/05/2021,AVAX,16.504,18.198,15.671,18.14,1357131.015
Avalanche,01/06/2021,AVAX,18.153,18.583,17.066,17.748,1195464.415
Avalanche,02/06/2021,AVAX,17.748,19.419,17.145,18.687,1696639.301
Avalanche,03/06/2021,AVAX,18.686,20.7,18.219,20.268,1754635.671
Avalanche,04/06/2021,AVAX,20.247,20.55,17.41,18.243,1844859.941
Avalanche,05/06/2021,AVAX,18.236,19.142,16.86,17.23,1557214.89
Avalanche,06/06/2021,AVAX,17.233,18,17.09,17.383,747036.541
Avalanche,07/06/2021,AVAX,17.38,18.053,15.304,15.536,2846106.846
Avalanche,08/06/2021,AVAX,15.533,16.048,13.639,14.792,2622746.581
Avalanche,09/06/2021,AVAX,14.803,15.765,13.65,15.4,2507532.953
Avalanche,10/06/2021,AVAX,15.403,15.578,13.73,14.193,2406206.41
Avalanche,11/06/2021,AVAX,14.193,14.616,13.14,13.408,1985298.581
Avalanche,12/06/2021,AVAX,13.423,14,12.638,13.545,1721108.689
Avalanche,13/06/2021,AVAX,13.551,14.999,13.241,14.761,1905070.736
Avalanche,14/06/2021,AVAX,14.762,15.419,14.371,15.113,1753753.579
Avalanche,15/06/2021,AVAX,15.111,15.632,14.581,14.714,1618961.454
Avalanche,16/06/2021,AVAX,14.715,14.951,13.913,14.078,1593156.605
Avalanche,17/06/2021,AVAX,14.081,15.498,14.02,14.844,2176578.341
Avalanche,18/06/2021,AVAX,14.858,15.3,13.1,13.64,1646645.548
Avalanche,19/06/2021,AVAX,13.635,14.04,13.209,13.383,677502.975
Avalanche,20/06/2021,AVAX,13.374,14.188,12.783,13.917,1178226.514
Avalanche,21/06/2021,AVAX,13.914,14.069,11.077,11.2,2203255.627
Avalanche,22/06/2021,AVAX,11.19,11.764,9.325,10.578,3283390.301
Avalanche,23/06/2021,AVAX,10.585,11.899,10.15,11.456,2090766.333
Avalanche,24/06/2021,AVAX,11.467,11.757,10.822,11.493,1288733.896
Avalanche,25/06/2021,AVAX,11.499,11.756,10.2,10.235,1369495.419
Avalanche,26/06/2021,AVAX,10.238,10.6,9.784,10.318,1136001.579
Avalanche,27/06/2021,AVAX,10.317,10.98,10.087,10.941,692604.829
Avalanche,28/06/2021,AVAX,10.953,11.469,10.694,11.322,1022964.874
Avalanche,29/06/2021,AVAX,11.333,12.348,11.077,11.92,1388415.123
Avalanche,30/06/2021,AVAX,11.921,12.166,11.035,11.949,1137246.751
Avalanche,01/07/2021,AVAX,11.94,12.08,11,11.181,717086.767
Avalanche,02/07/2021,AVAX,11.19,11.355,10.572,11.112,979100.755
Avalanche,03/07/2021,AVAX,11.117,11.676,10.878,11.509,737397.368
Avalanche,04/07/2021,AVAX,11.499,12.9,11.21,12.345,1361790.033
Avalanche,05/07/2021,AVAX,12.342,12.44,11.519,12.042,1408712.788
Avalanche,06/07/2021,AVAX,12.041,14.226,12.026,13.384,2391422.133
Avalanche,07/07/2021,AVAX,13.369,14.2,13.04,13.105,2048553.788
Avalanche,08/07/2021,AVAX,13.091,13.118,11.838,12.098,1467700.322
Avalanche,09/07/2021,AVAX,12.093,12.88,11.639,12.552,1365886.913
Avalanche,10/07/2021,AVAX,12.559,12.851,11.838,12.015,729693.403
Avalanche,11/07/2021,AVAX,12.023,12.49,11.912,12.433,574831.74
Avalanche,12/07/2021,AVAX,12.437,12.841,11.7,12.157,1105226.312
Avalanche,13/07/2021,AVAX,12.162,12.434,11.744,11.91,937209.081
Avalanche,14/07/2021,AVAX,11.916,12.11,11.111,11.793,916149.504
Avalanche,15/07/2021,AVAX,11.791,12.102,11.128,11.391,799151.217
Avalanche,16/07/2021,AVAX,11.391,11.82,10.8,10.814,869808.847
Avalanche,17/07/2021,AVAX,10.816,11.144,10.716,10.958,588168.81
Avalanche,18/07/2021,AVAX,10.956,11.275,10.65,10.69,669471.278
Avalanche,19/07/2021,AVAX,10.69,10.757,10.01,10.183,613091.689
Avalanche,20/07/2021,AVAX,10.186,10.366,9.327,9.639,784232.566
Avalanche,21/07/2021,AVAX,9.647,10.752,9.473,10.425,994914.755
Avalanche,22/07/2021,AVAX,10.44,10.96,10.238,10.833,879782.503
Avalanche,23/07/2021,AVAX,10.84,11.174,10.53,11.086,695996.732
Avalanche,24/07/2021,AVAX,11.092,11.447,10.954,11.142,839109.691
Avalanche,25/07/2021,AVAX,11.142,11.339,10.765,11.247,601383.149
Avalanche,26/07/2021,AVAX,11.247,12.7,11.213,11.46,2057987.325
Avalanche,27/07/2021,AVAX,11.455,12.352,11.175,11.917,977794.901
Avalanche,28/07/2021,AVAX,11.921,12.485,11.691,12.32,1510307.384
Avalanche,29/07/2021,AVAX,12.331,12.65,11.98,12.433,1634174.61
Avalanche,30/07/2021,AVAX,12.433,13,11.93,12.978,1572248.756
Avalanche,31/07/2021,AVAX,12.978,13.63,12.585,13.525,1248768.221
Avalanche,01/08/2021,AVAX,13.535,14.077,12.617,12.853,1860616.438
Avalanche,02/08/2021,AVAX,12.846,13.374,12.616,12.993,928801.989
Avalanche,03/08/2021,AVAX,12.992,13.522,12.325,12.557,1198368.484
Avalanche,04/08/2021,AVAX,12.568,13.78,12.41,13.696,1246721.964
Avalanche,05/08/2021,AVAX,13.696,14,12.849,13.834,1372439.967
Avalanche,06/08/2021,AVAX,13.834,15.08,13.388,14.77,2108094.949
Avalanche,07/08/2021,AVAX,14.774,15.952,14.612,15.834,2346816.422
Avalanche,08/08/2021,AVAX,15.85,16.1,14.557,14.826,1318372.027
Avalanche,09/08/2021,AVAX,14.83,16.759,14.424,16.169,2569371.614
Avalanche,10/08/2021,AVAX,16.167,17.184,15.801,16.42,2076458.198
Avalanche,11/08/2021,AVAX,16.43,17.547,16.378,16.688,1849892.045
Avalanche,12/08/2021,AVAX,16.674,17.538,15.429,16.575,1704787.841
Avalanche,13/08/2021,AVAX,16.574,18.291,16.389,18.031,1519296.777
Avalanche,14/08/2021,AVAX,18.044,18.433,17.169,18.093,1428803.971
Avalanche,15/08/2021,AVAX,18.09,18.855,17.058,18.762,1404168.533
Avalanche,16/08/2021,AVAX,18.762,21.13,18.441,19.071,3800908.89
Avalanche,17/08/2021,AVAX,19.071,25.46,18.418,23.446,10172036.37
Avalanche,18/08/2021,AVAX,23.452,30.885,21.454,29.993,12872464.95
Avalanche,19/08/2021,AVAX,29.992,33.755,28.714,30.653,11884539.99
Avalanche,20/08/2021,AVAX,30.653,39.229,29.943,39.155,8246852.137
Avalanche,21/08/2021,AVAX,39.148,50.27,37.676,43.676,13275218.25
Avalanche,22/08/2021,AVAX,43.693,45.03,40.537,43.663,8717113.46
Avalanche,23/08/2021,AVAX,43.682,53.623,43.614,46.451,11058622.44
Avalanche,24/08/2021,AVAX,46.407,58.977,44.151,55.474,13474170.16
Avalanche,25/08/2021,AVAX,55.475,57.584,45.65,46.208,11480697.37
Avalanche,26/08/2021,AVAX,46.211,48.463,41.2,41.32,9280721.696
Avalanche,27/08/2021,AVAX,41.32,50.47,40.3,50.14,10990447.1
Avalanche,28/08/2021,AVAX,50.12,51.79,46.12,50.2,7177328.364
Avalanche,29/08/2021,AVAX,50.2,52.4,46.66,47.39,5176181.901
Avalanche,30/08/2021,AVAX,47.43,48.33,41,41.44,6827433.15
Avalanche,31/08/2021,AVAX,41.42,44.22,38.17,39.5,6855430.916
Avalanche,01/09/2021,AVAX,39.51,45.71,38.55,42.47,7820541.217
Avalanche,02/09/2021,AVAX,42.5,47.98,41,47.58,6481497.68
Avalanche,03/09/2021,AVAX,47.6,51.66,44.45,45.89,9097559.66
Avalanche,04/09/2021,AVAX,45.9,49.88,44.07,47.15,6077749.28
Avalanche,05/09/2021,AVAX,47.19,49.4,45.44,48.15,5904540.19
Avalanche,06/09/2021,AVAX,48.14,51.36,42.45,47.1,7931732.22
Avalanche,07/09/2021,AVAX,47.11,47.2,32.23,37.93,12849059.62
Avalanche,08/09/2021,AVAX,37.97,39.5,33.08,37,7464147.83
Avalanche,09/09/2021,AVAX,37.03,44.6,36.21,40.77,10152448.67
Avalanche,10/09/2021,AVAX,40.75,49.7,40.38,49.3,17253541.93
Avalanche,11/09/2021,AVAX,49.33,59.25,48.11,57.02,16295853.42
Avalanche,12/09/2021,AVAX,57.02,64.9,53.59,59.22,16140497.31
Avalanche,13/09/2021,AVAX,59.21,60.92,47.66,53.15,17195092.8
Avalanche,14/09/2021,AVAX,53.14,57.63,48.8,51.5,8170590.05
Avalanche,15/09/2021,AVAX,51.51,58.18,50.3,57.84,6756093.54
Avalanche,16/09/2021,AVAX,57.83,68.33,57.17,67.56,15000080.37
Avalanche,17/09/2021,AVAX,67.59,70.9,60.36,70.11,10905615.53
Avalanche,18/09/2021,AVAX,70.15,75.59,67.16,69.02,10521283.49
Avalanche,19/09/2021,AVAX,69.02,76.27,66.42,70.07,9524488.551
Avalanche,20/09/2021,AVAX,70.06,70.45,55,57.33,15410116.45
Avalanche,21/09/2021,AVAX,57.34,66.24,52.55,58.98,15940591.44
Avalanche,22/09/2021,AVAX,59,74.69,57.72,74.07,13033656.1
Avalanche,23/09/2021,AVAX,74.04,79.8,72.76,76.44,11366707.86
Avalanche,24/09/2021,AVAX,76.43,78.86,66.59,72.31,11472906.45
Avalanche,25/09/2021,AVAX,72.3,72.6,67.5,68.28,4943069.71
Avalanche,26/09/2021,AVAX,68.28,71.44,61.59,66.77,6395395.4
Avalanche,27/09/2021,AVAX,66.77,72.69,65.31,66.33,5974772.52
Avalanche,28/09/2021,AVAX,66.34,69.44,61.11,61.51,4765761.77
Avalanche,29/09/2021,AVAX,61.51,69.5,61.26,65.46,6780246.71
Avalanche,30/09/2021,AVAX,65.46,68.91,64.28,66.63,5085384.45
Avalanche,01/10/2021,AVAX,66.64,69.58,63.12,67.67,6973676.03
Avalanche,02/10/2021,AVAX,67.66,73.41,65.8,69.08,6536616.52
Avalanche,03/10/2021,AVAX,69.09,71.61,67.55,68.69,4467356.39
Avalanche,04/10/2021,AVAX,68.69,68.76,63.3,65.29,4826593.69
Avalanche,05/10/2021,AVAX,65.26,66.78,62.7,64.6,3831519.71
Avalanche,06/10/2021,AVAX,64.6,65.76,58.16,60.01,5068720.14
Avalanche,07/10/2021,AVAX,60,62.29,57.39,61.52,4761648.55
Avalanche,08/10/2021,AVAX,61.53,64.94,59.76,60.51,4392451.39
Avalanche,09/10/2021,AVAX,60.52,62.04,59.7,60.63,1985268.84
Avalanche,10/10/2021,AVAX,60.63,61.01,55.39,56.51,2515959.37
Avalanche,11/10/2021,AVAX,56.5,59.23,53.76,55.3,3407191.2
Avalanche,12/10/2021,AVAX,55.3,55.31,51.04,54.34,4070051.4
Avalanche,13/10/2021,AVAX,54.33,57.09,53.23,55.01,3632007.14
Avalanche,14/10/2021,AVAX,55,58.46,54.92,56.18,3000941.32
Avalanche,15/10/2021,AVAX,56.18,57.61,54.44,56.36,2963326.33
Avalanche,16/10/2021,AVAX,56.33,62.11,55.68,57.61,3914987.29
Avalanche,17/10/2021,AVAX,57.62,58.55,53.27,56.1,2134508.3
Avalanche,18/10/2021,AVAX,56.11,56.46,54.05,55.48,1553173.47
Avalanche,19/10/2021,AVAX,55.47,58.1,55.12,56.8,1873629.97
Avalanche,20/10/2021,AVAX,56.81,61.64,56.7,59.66,2707834.23
Avalanche,21/10/2021,AVAX,59.66,64.35,58.78,61.48,3959021.69
Avalanche,22/10/2021,AVAX,61.48,68.83,61.36,65.54,5522607.5
Avalanche,23/10/2021,AVAX,65.54,69.18,64.51,65.38,2978489.66
Avalanche,24/10/2021,AVAX,65.39,67.61,61.94,64.53,2184761.84
Avalanche,25/10/2021,AVAX,64.53,69.9,64.35,69.73,2270486.65
Avalanche,26/10/2021,AVAX,69.74,73.01,67.61,68.66,3840473.4
Avalanche,27/10/2021,AVAX,68.68,69.82,57.02,61.57,4273308.61
Avalanche,28/10/2021,AVAX,61.58,64.98,61.44,64.34,2484514.38
Avalanche,29/10/2021,AVAX,64.34,66.19,63.43,64.87,1513107.96
Avalanche,30/10/2021,AVAX,64.87,64.96,60.89,62.35,1483432.23
Avalanche,31/10/2021,AVAX,62.33,64.5,60.09,64.5,1531085.26
Avalanche,01/11/2021,AVAX,64.5,66.85,62.19,64.93,2515107.85
Avalanche,02/11/2021,AVAX,64.94,68.04,64.26,67.74,1746644.56
Avalanche,03/11/2021,AVAX,67.75,75.57,67.09,75.55,4504183.21
Avalanche,04/11/2021,AVAX,75.56,80.91,73.91,78.97,4700338.465
Avalanche,05/11/2021,AVAX,78.96,81,72.13,74.19,2367154.9
Avalanche,06/11/2021,AVAX,74.19,78.72,72.32,78.72,1708791.07
Avalanche,07/11/2021,AVAX,78.7,88.88,78,87.57,4847020.516
Avalanche,08/11/2021,AVAX,87.56,96.92,83.61,91.18,6890764.661
Avalanche,09/11/2021,AVAX,91.18,91.49,87,88.33,2716240.59
Avalanche,10/11/2021,AVAX,88.35,94,78.31,85.23,4363326.07
Avalanche,11/11/2021,AVAX,85.19,89.56,83.73,87.88,2085731.8
Avalanche,12/11/2021,AVAX,87.86,89.88,81.11,84.78,2247279.59
Avalanche,13/11/2021,AVAX,84.81,98.69,84.79,97.54,3519352.278
Avalanche,14/11/2021,AVAX,97.56,99.9,91.65,95.4,3548704.679
Avalanche,15/11/2021,AVAX,95.4,101.7,92,93.9,3770997.004
Avalanche,16/11/2021,AVAX,93.86,101.82,83.5,97.84,5618799.05
Avalanche,17/11/2021,AVAX,97.8,110,91.5,107.63,7144221.098
Avalanche,18/11/2021,AVAX,107.62,110.41,92,100.63,5656362.447
Avalanche,19/11/2021,AVAX,100.54,112.35,95.89,111.93,4039089.13
Avalanche,20/11/2021,AVAX,111.91,129.94,111.57,125.83,5546998.32
Avalanche,21/11/2021,AVAX,125.86,147,123.23,128.47,7608661.934
Avalanche,22/11/2021,AVAX,128.52,145,125.76,134.84,6564376
Avalanche,23/11/2021,AVAX,134.84,136.49,121.75,123.83,4209995.63
Avalanche,24/11/2021,AVAX,123.83,124.68,112.64,115.24,4577775.34
Avalanche,25/11/2021,AVAX,115.25,130,114.22,119.27,4680745.85
Avalanche,26/11/2021,AVAX,119.25,119.87,101.31,104.27,4575826.59
Avalanche,27/11/2021,AVAX,104.3,118,103.22,113.52,2842064.96
Avalanche,28/11/2021,AVAX,113.55,113.97,100.57,110.42,3365794.57
Avalanche,29/11/2021,AVAX,110.42,120.41,109.03,120.39,2516574.06
Avalanche,30/11/2021,AVAX,120.39,124.8,114,120.41,3625461.85
Avalanche,01/12/2021,AVAX,120.42,127.41,117.25,119.65,3007063.68
Avalanche,02/12/2021,AVAX,119.64,119.75,106.88,107.78,2475877.81
Avalanche,03/12/2021,AVAX,107.79,113.23,100,108.32,3316203.87
Avalanche,04/12/2021,AVAX,108.36,108.81,76.57,93.05,6768729.16
Avalanche,05/12/2021,AVAX,93.02,95.5,82.55,86.35,3562051.48
Avalanche,06/12/2021,AVAX,86.34,94.9,77,92.97,5155977.54
Avalanche,07/12/2021,AVAX,92.93,96.62,88,89.57,2882225.85
Avalanche,08/12/2021,AVAX,89.54,93.22,86,93.19,1976726.13
Avalanche,09/12/2021,AVAX,93.2,94.57,83.28,85.46,2603024.55
Avalanche,10/12/2021,AVAX,85.41,91.78,80.22,80.61,3342367.08
Avalanche,11/12/2021,AVAX,80.57,87.07,78.32,86.55,2324989.97
Avalanche,12/12/2021,AVAX,86.55,88.97,82.94,88,1544788.55
Avalanche,13/12/2021,AVAX,88.01,89.92,75.5,79.05,3604282.51
Avalanche,14/12/2021,AVAX,79.05,87.46,76.31,87.17,2973253.39
Avalanche,15/12/2021,AVAX,87.16,105.77,86.1,101.24,6449158.02
Avalanche,16/12/2021,AVAX,101.28,110,98,98.21,4989316.02
Avalanche,17/12/2021,AVAX,98.23,116.1,98.14,110.81,6159186.26
Avalanche,18/12/2021,AVAX,110.82,117.39,105.51,115.9,3442233.16
Avalanche,19/12/2021,AVAX,115.91,116.69,106.66,107.61,2140304.15
Avalanche,20/12/2021,AVAX,107.61,116.33,100.96,113.55,4463038.26
Avalanche,21/12/2021,AVAX,113.52,123.97,110.59,123.24,3711910.2
Avalanche,22/12/2021,AVAX,123.23,127.32,115.55,116.69,2949493.16
Avalanche,23/12/2021,AVAX,116.68,125.06,116.22,121.4,2526919.7
Avalanche,24/12/2021,AVAX,121.45,124.57,113.19,114.94,2102188.16
Avalanche,25/12/2021,AVAX,114.95,116.93,112,115.01,1699906.82
Avalanche,26/12/2021,AVAX,114.99,118,109.28,115.02,1883628.3
Avalanche,27/12/2021,AVAX,115.06,120.96,113.23,113.85,1738166.79
Avalanche,28/12/2021,AVAX,113.85,116.73,104.33,107.06,2819996.86
Avalanche,29/12/2021,AVAX,107.05,110.55,102.3,103.1,1941041.1
Avalanche,30/12/2021,AVAX,103.1,105.4,98.25,101.75,1935135.51
Avalanche,31/12/2021,AVAX,101.75,111.99,100.13,109.43,2472910.64
Avalanche,01/01/2022,AVAX,109.43,114.5,108.42,114.13,1211127.98
Avalanche,02/01/2022,AVAX,114.12,117.53,112,113.03,1157325.57
Avalanche,03/01/2022,AVAX,113.02,114.13,106.01,108.11,1518111.91
Avalanche,04/01/2022,AVAX,108.11,109.28,102.78,103.33,1646729.79
Avalanche,05/01/2022,AVAX,103.33,106.66,90.4,97.42,2277529.75
Avalanche,06/01/2022,AVAX,97.42,97.97,91.04,95.11,1633034.05
Avalanche,07/01/2022,AVAX,95.1,95.54,85,86.74,2602084.56
Avalanche,08/01/2022,AVAX,86.74,89.64,79.18,83.9,2469062.48
Avalanche,09/01/2022,AVAX,83.87,91.88,82.46,89.33,1808479.57
Avalanche,10/01/2022,AVAX,89.32,92.4,80.1,84.36,2836094.17
Avalanche,11/01/2022,AVAX,84.42,91,83.21,89.59,1431317.89
Avalanche,12/01/2022,AVAX,89.57,96.89,88.8,95.94,1757081.56
Avalanche,13/01/2022,AVAX,95.95,97.26,89.08,89.65,1429888.43
Avalanche,14/01/2022,AVAX,89.65,91.77,87.23,90.39,1200068.6
Avalanche,15/01/2022,AVAX,90.4,94.44,89.47,92.98,914689.68
Avalanche,16/01/2022,AVAX,92.98,94.9,91.8,92.24,967418.87
Avalanche,17/01/2022,AVAX,92.25,92.5,85.34,86.67,1328305
Avalanche,18/01/2022,AVAX,86.67,87.41,83.7,86,1041520.48
Avalanche,19/01/2022,AVAX,86.03,86.38,81.08,82.61,1139560.79
Avalanche,20/01/2022,AVAX,82.58,87.8,78.68,79.33,1225812.76
Avalanche,21/01/2022,AVAX,79.32,80.38,63.93,66.06,3392205.59
Avalanche,22/01/2022,AVAX,66.03,67.54,52.95,59.78,5109157.94
Avalanche,23/01/2022,AVAX,59.81,66.88,59.02,64.83,2926022.98
Avalanche,24/01/2022,AVAX,64.8,64.83,55.14,63.06,3701249.83
Avalanche,25/01/2022,AVAX,63,70.53,61.65,68.01,2702688.81
Avalanche,26/01/2022,AVAX,68.01,73.5,64.39,65.87,3400732.97
Avalanche,27/01/2022,AVAX,65.87,67.96,61.06,64.7,2519156.06
Avalanche,28/01/2022,AVAX,64.68,67.5,61.71,67.01,1790400.08
Avalanche,29/01/2022,AVAX,67.02,73.58,66.86,71.89,1662626.47
Avalanche,30/01/2022,AVAX,71.91,72.39,66.85,67.96,1307594.65
Avalanche,31/01/2022,AVAX,67.94,70.65,64.25,69.87,1747136.27
Avalanche,01/02/2022,AVAX,69.9,73.87,68.47,73.33,1951093.27
Avalanche,02/02/2022,AVAX,73.32,74.86,67.43,67.79,2238866.41
Avalanche,03/02/2022,AVAX,67.79,69.31,64.85,68.44,1792227.65
Avalanche,04/02/2022,AVAX,68.44,77.95,67.43,77.77,2263149.96
Avalanche,05/02/2022,AVAX,77.8,80.93,74.94,77.01,1700729.64
Avalanche,06/02/2022,AVAX,77.01,79.15,74.1,78.93,1113858.87
Avalanche,07/02/2022,AVAX,78.91,85.42,77.44,83.2,1879396.49
Avalanche,08/02/2022,AVAX,83.23,95.5,81.65,86.34,5245827.4
Avalanche,09/02/2022,AVAX,86.35,92.03,84.34,90.05,1774621.17
Avalanche,10/02/2022,AVAX,90.05,95,84.93,91.16,2654551.53
Avalanche,11/02/2022,AVAX,91.18,92.66,80,81.75,2422691.49
Avalanche,12/02/2022,AVAX,81.76,84.8,78.65,81.31,2173440.39
Avalanche,13/02/2022,AVAX,81.29,83.28,77.49,77.91,1168439.44
Avalanche,14/02/2022,AVAX,77.93,82.6,76.14,81.86,1524047.88
Avalanche,15/02/2022,AVAX,81.84,93.68,81.41,92.97,2301376.54
Avalanche,16/02/2022,AVAX,92.96,97.35,91.44,95.32,2885648.71
Avalanche,17/02/2022,AVAX,95.33,98.77,86.32,88.24,3177570.87
Avalanche,18/02/2022,AVAX,88.24,89.99,82.35,83.67,2364097.49
Avalanche,19/02/2022,AVAX,83.69,86.34,80.82,85.01,1584310.2
Avalanche,20/02/2022,AVAX,85.01,85.73,76.56,77.37,1851608.12
Avalanche,21/02/2022,AVAX,77.34,82.7,69.38,70.04,3597142.77
Avalanche,22/02/2022,AVAX,70.03,74.94,67.2,74.42,3024268.59
Avalanche,23/02/2022,AVAX,74.42,82.5,73.28,73.47,3483406.5
Avalanche,24/02/2022,AVAX,73.46,79.98,64.45,76.39,7820713.29
Avalanche,25/02/2022,AVAX,76.39,81.99,72.68,80.98,3877124.6
Avalanche,26/02/2022,AVAX,80.98,84.95,78.02,81.81,2805070.69
Avalanche,27/02/2022,AVAX,81.81,83.07,73.02,75.07,3334479.25
Avalanche,28/02/2022,AVAX,75.06,85.88,71.76,84.54,3896436.49
Avalanche,01/03/2022,AVAX,84.54,90.8,83.48,86.89,4517499.99
Avalanche,02/03/2022,AVAX,86.89,89.94,82.29,83.36,3048063.73
Avalanche,03/03/2022,AVAX,83.35,84.33,77.02,78.5,2971518.96
Avalanche,04/03/2022,AVAX,78.5,82.24,74.92,75.79,3853710.64
Avalanche,05/03/2022,AVAX,75.78,78.74,73.27,76.68,1992002.84
Avalanche,06/03/2022,AVAX,76.69,77.1,72.09,72.51,1936414.77
Avalanche,07/03/2022,AVAX,72.51,76.53,70.35,71.69,2451038.1
Avalanche,08/03/2022,AVAX,71.67,76.62,71.19,73,3043774.1
Avalanche,09/03/2022,AVAX,73.02,80.44,72.34,77.63,3319070.88
Avalanche,10/03/2022,AVAX,77.6,79,71.5,73.93,2525259.61
Avalanche,11/03/2022,AVAX,73.93,76.97,70.79,71.22,3182516.66
Avalanche,12/03/2022,AVAX,71.23,73.62,70.67,70.94,1178080.64
Avalanche,13/03/2022,AVAX,70.93,71.99,67.21,67.94,1213188.75
Avalanche,14/03/2022,AVAX,67.92,71.5,65.55,68.97,2929390.22
Avalanche,15/03/2022,AVAX,68.97,72.24,66.04,69.82,2272701.89
Avalanche,16/03/2022,AVAX,69.82,74.72,68.07,74.08,2655390.64
Avalanche,17/03/2022,AVAX,74.07,81.73,73.16,79.4,3601064.66
Avalanche,18/03/2022,AVAX,79.4,86.95,76.48,85.71,3592188.77
Avalanche,19/03/2022,AVAX,85.72,92.39,85.58,89.53,3285297.07
Avalanche,20/03/2022,AVAX,89.54,89.98,84.26,84.84,2817986.41
Avalanche,21/03/2022,AVAX,84.87,92.5,83.02,86.25,4199445.72
Avalanche,22/03/2022,AVAX,86.24,89.89,83.7,83.98,3258174.08
Avalanche,23/03/2022,AVAX,83.97,87.3,82.21,86,2633332.52
Avalanche,24/03/2022,AVAX,85.99,88.3,83.63,87.56,2936844.44
Avalanche,25/03/2022,AVAX,87.57,87.8,82.25,83.54,2533187.45
Avalanche,26/03/2022,AVAX,83.54,86.74,82.46,85.86,1350476.61
Avalanche,27/03/2022,AVAX,85.87,89.99,84.4,89.88,1651306.21
Avalanche,28/03/2022,AVAX,89.88,96.23,88.58,89.58,3900950.93
Avalanche,29/03/2022,AVAX,89.57,96.46,89.27,92.74,2945036.4
Avalanche,30/03/2022,AVAX,92.73,100.48,89.5,95.58,3528529.66
Avalanche,31/03/2022,AVAX,95.57,101.98,93.68,97.41,4416636.71
Avalanche,01/04/2022,AVAX,97.43,99.8,90.26,96.83,3360841.07
Avalanche,02/04/2022,AVAX,96.81,103.62,95.73,96.25,3326092.55
Avalanche,03/04/2022,AVAX,96.25,100.09,94.41,98.05,2729825.05
Avalanche,04/04/2022,AVAX,98.02,98.08,90.81,96.16,2600693.06
Avalanche,05/04/2022,AVAX,96.16,97.7,90.6,91.06,2436266.33
Avalanche,06/04/2022,AVAX,91.07,91.11,82.63,82.94,3526547.24
Avalanche,07/04/2022,AVAX,82.94,88.66,81.34,87.55,3392547.98
Avalanche,08/04/2022,AVAX,87.56,90.56,82.69,83.66,3189742.2
Avalanche,09/04/2022,AVAX,83.66,85.56,81.88,84.55,1368929.8
Avalanche,10/04/2022,AVAX,84.57,85.66,80.67,81.01,1119413.47
Avalanche,11/04/2022,AVAX,81,81.54,72.73,74.35,3030700.6
Avalanche,12/04/2022,AVAX,74.35,79.5,73.88,76.31,2146833.6
Avalanche,13/04/2022,AVAX,76.32,80.65,75.8,80.2,1680567.89
Avalanche,14/04/2022,AVAX,80.2,81.87,76.16,76.81,1741713.69
Avalanche,15/04/2022,AVAX,76.8,78.53,74.75,77.43,1318038.23
Avalanche,16/04/2022,AVAX,77.44,78.26,76.5,77.74,616267.4
Avalanche,17/04/2022,AVAX,77.74,78.68,75.08,75.42,776597.8
Avalanche,18/04/2022,AVAX,75.41,77.95,71.5,77.73,1812465.17
Avalanche,19/04/2022,AVAX,77.73,81.1,76.8,80.28,1467897.35
Avalanche,20/04/2022,AVAX,80.27,81.31,77.46,78.21,1497709.36
Avalanche,21/04/2022,AVAX,78.22,80.21,74.13,75.02,1363115.38
Avalanche,22/04/2022,AVAX,75.01,77.22,73.33,74.03,1261738.35
Avalanche,23/04/2022,AVAX,74.04,74.42,72.35,72.83,865209.06
Avalanche,24/04/2022,AVAX,72.84,73.49,71,71.51,671237.21
Avalanche,25/04/2022,AVAX,71.5,72.99,67.36,72.88,2017379.58
Avalanche,26/04/2022,AVAX,72.9,73.18,67.5,68.7,1568050
Avalanche,27/04/2022,AVAX,68.7,71.98,68.32,69.86,1173322.27
Avalanche,28/04/2022,AVAX,69.86,70.76,66.65,67.26,1530116.95
Avalanche,29/04/2022,AVAX,67.26,67.99,62.2,63.4,1419116.89
Avalanche,30/04/2022,AVAX,63.4,64.65,55.05,56.98,2393352.67
Avalanche,01/05/2022,AVAX,56.98,61.14,56.27,58.77,2344079.85
Avalanche,02/05/2022,AVAX,58.74,62.46,56.74,60.34,2855611.45
Avalanche,03/05/2022,AVAX,60.34,62.55,58.12,59.63,1686585.01
Avalanche,04/05/2022,AVAX,59.63,67.64,59.3,67.27,2409142.35
Avalanche,05/05/2022,AVAX,67.28,69.52,56.51,59.04,4442154.36
Avalanche,06/05/2022,AVAX,59.04,59.4,55,57,2822758.39
Avalanche,07/05/2022,AVAX,57,57.53,53.24,55.04,1898625.35
Avalanche,08/05/2022,AVAX,55.05,55.47,50.63,51.62,3163317.55
Avalanche,09/05/2022,AVAX,51.62,53.06,41.15,41.2,5783146.8
Avalanche,10/05/2022,AVAX,41.2,50.32,40,44.58,6887935.36
Avalanche,11/05/2022,AVAX,44.58,46.25,26.11,31.17,12956731.61
Avalanche,12/05/2022,AVAX,31.17,33.94,23.51,30.32,11602675.67
Avalanche,13/05/2022,AVAX,30.31,37.99,29.55,32.21,7405352.03
Avalanche,14/05/2022,AVAX,32.2,34.32,29.27,33.93,4033165.08
Avalanche,15/05/2022,AVAX,33.93,37.07,31.87,36.57,3611773.82
Avalanche,16/05/2022,AVAX,36.56,36.56,31.4,32.56,4737925.3
Avalanche,17/05/2022,AVAX,32.56,35.77,32.2,34.39,3323237.18
Avalanche,18/05/2022,AVAX,34.4,35.16,29.37,29.58,3400565.86
Avalanche,19/05/2022,AVAX,29.59,31.89,27.51,30.39,4763307.53
Avalanche,20/05/2022,AVAX,30.39,31.93,27.83,28.8,4866371.46
Avalanche,21/05/2022,AVAX,28.8,30.61,28.19,29.89,2170197.88
Avalanche,22/05/2022,AVAX,29.89,32.7,29.01,31.71,3775539.16
Avalanche,23/05/2022,AVAX,31.71,33.08,28.54,29.06,4621612.58
Avalanche,24/05/2022,AVAX,29.06,29.66,26.87,29.08,4251299.31
Avalanche,25/05/2022,AVAX,29.07,29.68,27.11,27.25,3491521.18
Avalanche,26/05/2022,AVAX,27.25,28.03,22.84,23.43,7355985.5
Avalanche,27/05/2022,AVAX,23.42,23.88,21.35,22.58,7882719.859
Avalanche,28/05/2022,AVAX,22.57,25.73,22.17,24.76,5080017.44
Avalanche,29/05/2022,AVAX,24.76,27,23.72,26.16,5201437.75
Avalanche,30/05/2022,AVAX,26.16,28.48,25.32,27.71,6453169.48
Avalanche,31/05/2022,AVAX,27.71,29.11,25.55,26.42,6372299.65
Avalanche,01/06/2022,AVAX,26.43,27.03,23.2,23.68,5323660.08
Avalanche,02/06/2022,AVAX,23.68,24.9,22.5,24.63,4487201.1
Avalanche,03/06/2022,AVAX,24.64,24.7,22.5,23,3150778.48
Avalanche,04/06/2022,AVAX,23,24.67,22.14,24.57,2472290.13
Avalanche,05/06/2022,AVAX,24.58,25.2,23.93,24.18,2624339.66
Avalanche,06/06/2022,AVAX,24.18,27.79,24.05,25.99,5560470.13
Avalanche,07/06/2022,AVAX,26,26.21,23.12,24.6,7021609.51
Avalanche,08/06/2022,AVAX,24.6,25.45,23.72,24.5,3467088.16
Avalanche,09/06/2022,AVAX,24.51,25.38,23.72,24.41,3066998.4
Avalanche,10/06/2022,AVAX,24.42,24.87,21.91,22.08,3881414.9
Avalanche,11/06/2022,AVAX,22.07,23.02,19.67,19.9,4541127.87
Avalanche,12/06/2022,AVAX,19.91,20.16,17.21,17.29,8238012.468
Avalanche,13/06/2022,AVAX,17.29,17.5,14.58,16.11,14886625.66
Avalanche,14/06/2022,AVAX,16.11,17.3,14.67,16.55,9763946.74
Avalanche,15/06/2022,AVAX,16.55,18.48,14.55,18.31,10721989.07
Avalanche,16/06/2022,AVAX,18.31,18.72,15.5,15.79,6686483
Avalanche,17/06/2022,AVAX,15.8,16.74,15.5,15.99,3480673.4
Avalanche,18/06/2022,AVAX,16,16.3,13.78,14.83,5914211.73
Avalanche,19/06/2022,AVAX,14.83,16.42,13.71,16.16,5183939.46
Avalanche,20/06/2022,AVAX,16.17,17.87,15.32,17.1,5578156.93
Avalanche,21/06/2022,AVAX,17.1,18.49,16.62,16.9,4574348.39
Avalanche,22/06/2022,AVAX,16.91,17.41,15.97,16.09,4115611.37
Avalanche,23/06/2022,AVAX,16.08,18.4,16.03,18.29,4695733
Avalanche,24/06/2022,AVAX,18.29,20.95,17.98,20.47,5577636.08
Avalanche,25/06/2022,AVAX,20.47,21.68,19.86,21.36,3710311.2
Avalanche,26/06/2022,AVAX,21.37,22.05,19.6,19.73,3449424.73
Avalanche,27/06/2022,AVAX,19.73,21.39,19.18,19.32,3808707.61
Avalanche,28/06/2022,AVAX,19.33,20.53,17.99,18.12,4832850.59
Avalanche,29/06/2022,AVAX,18.11,18.68,17.18,17.79,3932196.54
Avalanche,30/06/2022,AVAX,17.79,17.81,15.79,16.99,3831530.37
Avalanche,01/07/2022,AVAX,16.98,17.68,15.8,16.12,4908972.09
Avalanche,02/07/2022,AVAX,16.12,16.61,15.96,16.33,1937632.45
Avalanche,03/07/2022,AVAX,16.33,16.9,15.83,16.65,2285393.04
Avalanche,04/07/2022,AVAX,16.65,18.06,16.31,17.92,3950488.78
Avalanche,05/07/2022,AVAX,17.92,18.65,16.66,18.03,4832782.93
Avalanche,06/07/2022,AVAX,18.03,19.47,17.79,19.17,4491727.98
Avalanche,07/07/2022,AVAX,19.17,20.6,18.86,20.18,3901523.31
Avalanche,08/07/2022,AVAX,20.18,21.12,19.42,19.72,4363644.25
Avalanche,09/07/2022,AVAX,19.72,20.27,19.49,19.89,1907418.34
Avalanche,10/07/2022,AVAX,19.9,19.99,18.76,19.16,1946346.67
Avalanche,11/07/2022,AVAX,19.17,19.17,17.32,17.35,2340215.74
Avalanche,12/07/2022,AVAX,17.34,18.07,16.71,16.75,2847335.47
Avalanche,13/07/2022,AVAX,16.75,18.92,16.37,18.83,5090897.41
Avalanche,14/07/2022,AVAX,18.82,19.98,17.78,19.76,4727801.64
Avalanche,15/07/2022,AVAX,19.76,20.28,19.09,19.35,3455357.97
Avalanche,16/07/2022,AVAX,19.36,21.5,18.67,21.25,3961722.82
Avalanche,17/07/2022,AVAX,21.25,22.12,20.57,20.63,3026561.51
Avalanche,18/07/2022,AVAX,20.62,24.33,20.59,23.95,6122739.72
Avalanche,19/07/2022,AVAX,23.95,26.29,23.03,24.72,6902992.92
Avalanche,20/07/2022,AVAX,24.71,26.38,23.35,23.59,6483006.16
Avalanche,21/07/2022,AVAX,23.59,25.46,22.64,24.99,4561440.24
Avalanche,22/07/2022,AVAX,24.99,25.55,23.59,23.63,3744683.03
Avalanche,23/07/2022,AVAX,23.64,24.66,22.83,23.6,2404591.64
Avalanche,24/07/2022,AVAX,23.59,24.47,23.23,23.79,2196886.66
Avalanche,25/07/2022,AVAX,23.79,23.85,20.89,20.92,3848762.01
Avalanche,26/07/2022,AVAX,20.93,20.99,19.55,20.71,2582466.15
Avalanche,27/07/2022,AVAX,20.72,23.49,20.21,23.39,4294616.47
Avalanche,28/07/2022,AVAX,23.38,24.69,22.42,24.2,5656707.22
Avalanche,29/07/2022,AVAX,24.21,25.37,23.46,24.49,4714786.88
Avalanche,30/07/2022,AVAX,24.49,25.83,23.91,24.23,3897237.98
Avalanche,31/07/2022,AVAX,24.24,25.22,23.53,23.72,2308947.34
Avalanche,01/08/2022,AVAX,23.72,24.33,22.96,23.57,2662595.41
Avalanche,02/08/2022,AVAX,23.58,24,22.24,22.85,2826174.06
Avalanche,03/08/2022,AVAX,22.85,24.19,22.28,23.04,2493366.49
Avalanche,04/08/2022,AVAX,23.04,24,22.88,23.36,1991779.1
Avalanche,05/08/2022,AVAX,23.36,24.98,23.11,24.95,2970807.41
Avalanche,06/08/2022,AVAX,24.95,26.94,24.71,26.63,3517848.23
Avalanche,07/08/2022,AVAX,26.64,28.5,25.82,27.9,3666990.33
Avalanche,08/08/2022,AVAX,27.89,30.89,27.57,27.91,5280186.71
Avalanche,09/08/2022,AVAX,27.9,28.81,26.96,27.42,3737879.06
Avalanche,10/08/2022,AVAX,27.41,30.2,26.6,29.18,4778667.33
Avalanche,11/08/2022,AVAX,29.17,30.09,28.31,28.53,3518091.35
Avalanche,12/08/2022,AVAX,28.53,29.45,28.07,29.34,2021882.17
Avalanche,13/08/2022,AVAX,29.33,30.35,28.87,29.16,2359927.97
Avalanche,14/08/2022,AVAX,29.16,29.85,27.84,28.18,2248073.33
Avalanche,15/08/2022,AVAX,28.19,29.3,27.03,27.88,2302258.65
Avalanche,16/08/2022,AVAX,27.87,28.41,26.93,27.1,1936702.68
Avalanche,17/08/2022,AVAX,27.11,28.23,25.26,25.55,2779421.89
Avalanche,18/08/2022,AVAX,25.56,26.29,23.95,24.21,1882128.59
Avalanche,19/08/2022,AVAX,24.2,24.43,21.32,22.44,4153725.4
Avalanche,20/08/2022,AVAX,22.44,23.09,21.63,22.3,2536233.27
Avalanche,21/08/2022,AVAX,22.3,23.55,22.15,22.97,2347004.68
Avalanche,22/08/2022,AVAX,22.98,23,21.61,22.55,2133704.42
Avalanche,23/08/2022,AVAX,22.56,23.74,21.83,23.5,2722607.74
Avalanche,24/08/2022,AVAX,23.52,23.64,22.81,23.01,1854532.2
Avalanche,25/08/2022,AVAX,23.02,23.65,22.67,22.99,1649374.38
Avalanche,26/08/2022,AVAX,22.99,23.23,20.34,20.66,3844695.98
Avalanche,27/08/2022,AVAX,20.65,20.91,19.79,20.03,2352564.36
Avalanche,28/08/2022,AVAX,20.04,20.47,18.05,18.53,2506950.07
Avalanche,29/08/2022,AVAX,18.53,19.47,17.48,19.32,5227679.45
Avalanche,30/08/2022,AVAX,19.32,20.66,18.87,19.39,4781627.02
Avalanche,31/08/2022,AVAX,19.4,20.07,18.99,19.14,2920043.96
Avalanche,01/09/2022,AVAX,19.14,19.47,18.33,19.33,2037932.03
Avalanche,02/09/2022,AVAX,19.32,19.66,18.68,18.86,2012974.14
Avalanche,03/09/2022,AVAX,18.86,19.01,18.57,18.89,869692.47
Avalanche,04/09/2022,AVAX,18.89,19.15,18.73,19.01,1137571.79
Avalanche,05/09/2022,AVAX,19.02,19.49,18.44,19.44,1355494.58
Avalanche,06/09/2022,AVAX,19.45,20.49,18.15,18.21,3455459.74
Avalanche,07/09/2022,AVAX,18.21,19.31,17.84,19.01,1888919.24
Avalanche,08/09/2022,AVAX,19,19.16,18.4,19.13,1853702.72
Avalanche,09/09/2022,AVAX,19.13,20.81,19.1,20.38,2646242.57
Avalanche,10/09/2022,AVAX,20.39,21.17,20.04,20.44,2316069.87
Avalanche,11/09/2022,AVAX,20.44,20.95,19.95,20.68,1721338.28
Avalanche,12/09/2022,AVAX,20.67,21.91,20.06,21.38,4690982.41
Avalanche,13/09/2022,AVAX,21.38,21.8,18.76,18.87,4534638.7
Avalanche,14/09/2022,AVAX,18.87,19.31,18.44,19.12,2492314.62
Avalanche,15/09/2022,AVAX,19.12,19.37,18.09,18.21,2502262.69
Avalanche,16/09/2022,AVAX,18.21,18.31,17.56,18.05,2145273.72
Avalanche,17/09/2022,AVAX,18.05,18.59,18.04,18.48,1309153.1
Avalanche,18/09/2022,AVAX,18.48,18.78,16.29,16.7,3634544.44
Avalanche,19/09/2022,AVAX,16.7,17.38,16.39,17.28,2420422.85
Avalanche,20/09/2022,AVAX,17.28,17.43,16.58,16.65,1816611.71
Avalanche,21/09/2022,AVAX,16.65,17.94,16.19,16.55,3111286.16
Avalanche,22/09/2022,AVAX,16.54,17.88,16.39,17.68,2032595.22
Avalanche,23/09/2022,AVAX,17.68,18.24,17.15,17.97,1946185.89
Avalanche,24/09/2022,AVAX,17.97,18.19,17.54,17.6,1139374.01
Avalanche,25/09/2022,AVAX,17.6,17.88,17.13,17.32,854961.36
Avalanche,26/09/2022,AVAX,17.32,17.59,16.97,17.57,1339230.13
Avalanche,27/09/2022,AVAX,17.57,18.5,16.99,17.3,3034663.42
Avalanche,28/09/2022,AVAX,17.3,17.45,16.73,17.26,1969129.47
Avalanche,29/09/2022,AVAX,17.26,17.39,16.88,17.35,1200459.71
Avalanche,30/09/2022,AVAX,17.35,17.74,17.01,17.2,1992313.11
Avalanche,01/10/2022,AVAX,17.21,17.3,16.86,16.95,614626.35
Avalanche,02/10/2022,AVAX,16.96,17.18,16.47,16.53,1072930.57
Avalanche,03/10/2022,AVAX,16.54,17.32,16.34,17.14,1488274.32
Avalanche,04/10/2022,AVAX,17.15,17.55,17.07,17.44,1156113.08
Avalanche,05/10/2022,AVAX,17.45,17.49,16.94,17.39,1304224.29
Avalanche,06/10/2022,AVAX,17.39,17.67,16.98,17.04,1151476.36
Avalanche,07/10/2022,AVAX,17.04,17.17,16.72,16.9,1022147.52
Avalanche,08/10/2022,AVAX,16.9,16.99,16.62,16.79,338134.43
Avalanche,09/10/2022,AVAX,16.79,16.99,16.7,16.9,412498.93
Avalanche,10/10/2022,AVAX,16.9,17.24,16.17,16.21,1180161.9
Avalanche,11/10/2022,AVAX,16.21,16.32,15.59,15.95,1530642.33
Avalanche,12/10/2022,AVAX,15.95,16.17,15.83,15.96,695088.15
Avalanche,13/10/2022,AVAX,15.95,15.99,14.42,15.66,3240864.9
Avalanche,14/10/2022,AVAX,15.65,16.4,15.54,15.67,1482124.17
Avalanche,15/10/2022,AVAX,15.67,15.78,15.36,15.43,578141.35
Avalanche,16/10/2022,AVAX,15.42,15.88,15.41,15.75,853653.89
Avalanche,17/10/2022,AVAX,15.75,16.27,15.65,16.18,1239751.09
Avalanche,18/10/2022,AVAX,16.17,16.36,15.54,15.88,1504483.22
Avalanche,19/10/2022,AVAX,15.87,15.92,15.01,15.06,1799942.85
Avalanche,20/10/2022,AVAX,15.06,15.48,14.87,15.14,1584061.75
Avalanche,21/10/2022,AVAX,15.15,15.75,14.58,15.69,1889118.85
Avalanche,22/10/2022,AVAX,15.69,15.93,15.52,15.69,690851.93
Avalanche,23/10/2022,AVAX,15.69,16.42,15.59,16.31,1416439.93
Avalanche,24/10/2022,AVAX,16.31,16.49,15.63,15.75,1061043.2
Avalanche,25/10/2022,AVAX,15.75,17.05,15.59,16.64,2100542.67
Avalanche,26/10/2022,AVAX,16.63,17.34,16.63,17,2023800.42
Avalanche,27/10/2022,AVAX,17,17.51,16.82,16.88,2138708.14
Avalanche,28/10/2022,AVAX,16.89,18.4,16.73,18.33,2746152.29
Avalanche,29/10/2022,AVAX,18.33,18.9,18.16,18.29,2028623.81
Avalanche,30/10/2022,AVAX,18.29,18.83,17.92,18.26,1629726.62
Avalanche,31/10/2022,AVAX,18.25,19.83,18.18,19.28,3179542.03
Avalanche,01/11/2022,AVAX,19.28,19.53,18.57,18.62,1699673.61
Avalanche,02/11/2022,AVAX,18.63,18.77,17.43,17.91,2488654.37
Avalanche,03/11/2022,AVAX,17.92,18.87,17.8,18.03,1411887.43
Avalanche,04/11/2022,AVAX,18.03,19.69,17.88,19.38,2208518.7
Avalanche,05/11/2022,AVAX,19.39,20.63,19.18,19.61,2448681.6
Avalanche,06/11/2022,AVAX,19.6,19.75,18.17,18.23,1243880.65
Avalanche,07/11/2022,AVAX,18.23,18.87,17.73,18.08,1903927.05
Avalanche,08/11/2022,AVAX,18.08,18.16,14.82,16.02,7033866
Avalanche,09/11/2022,AVAX,16.02,16.16,12.03,12.91,6217665.583
Avalanche,10/11/2022,AVAX,12.92,15.94,12.68,15.42,4437282.29
Avalanche,11/11/2022,AVAX,15.41,15.46,13.58,14.13,3576037.51
Avalanche,12/11/2022,AVAX,14.13,14.15,12.89,13.09,1559675.2
Avalanche,13/11/2022,AVAX,13.1,13.36,12.7,13.02,1769291.13
Avalanche,14/11/2022,AVAX,13.03,13.61,12.06,13.14,2870740.18
Avalanche,15/11/2022,AVAX,13.14,14.01,13.02,13.51,1631061.03
Avalanche,16/11/2022,AVAX,13.52,13.75,12.81,13.07,1270112.16
Avalanche,17/11/2022,AVAX,13.07,13.36,12.64,12.87,1670047.32
Avalanche,18/11/2022,AVAX,12.86,13.32,12.85,13,1339374.3
Avalanche,19/11/2022,AVAX,13,13,12.49,12.89,699870.16
Avalanche,20/11/2022,AVAX,12.9,13.14,12.07,12.19,1130084.38
Avalanche,21/11/2022,AVAX,12.19,12.2,11.57,11.82,1802036.274
Avalanche,22/11/2022,AVAX,11.82,12.38,11.44,12.36,2051456.21
Avalanche,23/11/2022,AVAX,12.36,13.07,12.35,13.06,1871100.38
Avalanche,24/11/2022,AVAX,13.07,13.4,12.75,12.95,1358354.49
Avalanche,25/11/2022,AVAX,12.95,13.04,12.52,12.82,915142.46
Avalanche,26/11/2022,AVAX,12.82,13.25,12.62,12.78,903394.4
Avalanche,27/11/2022,AVAX,12.77,13.26,12.69,12.86,893001.06
Avalanche,28/11/2022,AVAX,12.86,12.99,11.99,12.45,1800437.67
Avalanche,29/11/2022,AVAX,12.46,12.72,12.28,12.47,1718397.88
Avalanche,30/11/2022,AVAX,12.47,13.2,12.46,13.15,1761126.78
Avalanche,01/12/2022,AVAX,13.15,13.32,12.79,12.9,1309898.35
Avalanche,02/12/2022,AVAX,12.9,13.66,12.79,13.58,1771717.38
Avalanche,03/12/2022,AVAX,13.59,13.9,13.28,13.4,1661995.09
Avalanche,04/12/2022,AVAX,13.4,13.95,13.4,13.93,1096735.8
Avalanche,05/12/2022,AVAX,13.93,14.35,13.38,13.6,1432042.28
Avalanche,06/12/2022,AVAX,13.6,13.69,13.45,13.67,800288.63
Avalanche,07/12/2022,AVAX,13.68,13.7,13,13.28,1097954.06
Avalanche,08/12/2022,AVAX,13.28,13.55,13.06,13.42,894124.36
Avalanche,09/12/2022,AVAX,13.41,13.63,13.36,13.46,726329.12
Avalanche,10/12/2022,AVAX,13.46,14.06,13.34,13.49,507889.21
Avalanche,11/12/2022,AVAX,13.49,13.5,12.92,12.98,611673.63
Avalanche,12/12/2022,AVAX,12.98,13.06,12.52,13,1072315.11
Avalanche,13/12/2022,AVAX,13.01,14.4,12.55,13.76,3034773.16
Avalanche,14/12/2022,AVAX,13.76,14.19,13.56,13.71,1646728.29
Avalanche,15/12/2022,AVAX,13.71,13.89,13.06,13.17,1230073.86
Avalanche,16/12/2022,AVAX,13.17,13.29,11.59,11.84,1740839.24
Avalanche,17/12/2022,AVAX,11.84,11.99,11.52,11.95,853841.63
Avalanche,18/12/2022,AVAX,11.96,12.03,11.79,11.93,640622.87
Avalanche,19/12/2022,AVAX,11.93,12.1,11.15,11.39,991190.79
Avalanche,20/12/2022,AVAX,11.4,12.05,11.34,11.95,1211409.88
Avalanche,21/12/2022,AVAX,11.95,11.98,11.62,11.71,551520.66
Avalanche,22/12/2022,AVAX,11.71,11.87,11.45,11.85,624119.17
Avalanche,23/12/2022,AVAX,11.85,11.89,11.67,11.79,503382.85
Avalanche,24/12/2022,AVAX,11.79,11.83,11.64,11.67,345957.08
Avalanche,25/12/2022,AVAX,11.68,11.74,11.51,11.68,630940.44
Avalanche,26/12/2022,AVAX,11.69,11.78,11.57,11.71,656385.55
Avalanche,27/12/2022,AVAX,11.72,11.8,11.53,11.64,843496.11
Avalanche,28/12/2022,AVAX,11.64,11.68,11.09,11.21,964246.13
Avalanche,29/12/2022,AVAX,11.22,11.22,10.61,10.98,1028379.841
Avalanche,30/12/2022,AVAX,10.98,10.99,10.54,10.87,1037690.22
Avalanche,31/12/2022,AVAX,10.87,11.08,10.84,10.9,444155.56
Avalanche,01/01/2023,AVAX,10.9,10.94,10.64,10.87,855821.06
Avalanche,02/01/2023,AVAX,10.87,11.27,10.7,11.16,989618.96
Avalanche,03/01/2023,AVAX,11.16,11.56,11.06,11.38,1149421.99
Avalanche,04/01/2023,AVAX,11.38,12.3,11.34,12.08,1889080.62
Avalanche,05/01/2023,AVAX,12.09,12.17,11.67,11.74,1194570.76
Avalanche,06/01/2023,AVAX,11.74,11.82,11.36,11.78,1216666.03
Avalanche,07/01/2023,AVAX,11.79,11.87,11.65,11.75,508959.94
Avalanche,08/01/2023,AVAX,11.75,12.16,11.58,12.09,981816.74
Avalanche,09/01/2023,AVAX,12.09,12.65,12.08,12.19,2600007.21
Avalanche,10/01/2023,AVAX,12.19,12.95,12.02,12.73,1873010.99
Avalanche,11/01/2023,AVAX,12.73,16.04,12.25,15.86,9296759.42
Avalanche,12/01/2023,AVAX,15.86,16.5,14.65,15.43,8264385.87
Avalanche,13/01/2023,AVAX,15.44,16.6,14.95,15.96,5273534.1
Avalanche,14/01/2023,AVAX,15.97,18.54,15.79,16.94,10287102.04
Avalanche,15/01/2023,AVAX,16.93,17.2,16,16.8,4678970.49
Avalanche,16/01/2023,AVAX,16.79,17.34,16.06,16.74,3928124.39
Avalanche,17/01/2023,AVAX,16.74,18.21,16.53,17.12,4359330.19
Avalanche,18/01/2023,AVAX,17.13,17.41,15.5,15.82,4109688.2
Avalanche,19/01/2023,AVAX,15.81,16.3,15.7,16.19,2010163.26
Avalanche,20/01/2023,AVAX,16.19,17.57,15.86,17.48,3086123.26
Avalanche,21/01/2023,AVAX,17.49,17.76,16.83,16.88,3798234.96
Avalanche,22/01/2023,AVAX,16.87,18.45,16.79,17.34,4196670.88
Avalanche,23/01/2023,AVAX,17.34,18.32,17.21,17.97,3276110.41
Avalanche,24/01/2023,AVAX,17.97,18.97,16.75,17,3499087.1
Avalanche,25/01/2023,AVAX,16.99,18.27,16.52,17.79,2663219.54
Avalanche,26/01/2023,AVAX,17.8,18.8,17.78,18.08,3441891.58
Avalanche,27/01/2023,AVAX,18.09,21.67,17.45,21.2,4903029.78
Avalanche,28/01/2023,AVAX,21.19,21.81,20.05,20.54,4474456.15
Avalanche,29/01/2023,AVAX,20.54,21.17,20.08,20.99,2599913.75
Avalanche,30/01/2023,AVAX,20.99,21.31,19.25,19.74,4917486.44
Avalanche,31/01/2023,AVAX,19.73,20.19,19.31,19.8,2564633.38
Avalanche,01/02/2023,AVAX,19.8,21.06,18.69,20.95,4614268.07
Avalanche,02/02/2023,AVAX,20.95,22.79,20.82,21.21,6298959.25
Avalanche,03/02/2023,AVAX,21.21,21.96,20.68,21.36,3283902.72
Avalanche,04/02/2023,AVAX,21.35,21.69,20.84,21.04,2173964.82
Avalanche,05/02/2023,AVAX,21.03,21.15,19.71,20.08,2975611.73
Avalanche,06/02/2023,AVAX,20.09,20.43,19.42,19.58,1856607.05
Avalanche,07/02/2023,AVAX,19.58,21,19.51,20.83,2538688.73
Avalanche,08/02/2023,AVAX,20.83,21.02,19.62,20.11,1760631.93
Avalanche,09/02/2023,AVAX,20.11,20.24,17.44,17.9,3124670.9
Avalanche,10/02/2023,AVAX,17.9,18.24,17.49,17.79,1666736.69
Avalanche,11/02/2023,AVAX,17.78,18.11,17.66,18.01,937640.27
Avalanche,12/02/2023,AVAX,18.02,18.49,17.52,17.78,2661843.26
Avalanche,13/02/2023,AVAX,17.78,17.86,16.84,17.63,1833234.74
Avalanche,14/02/2023,AVAX,17.63,18.29,17.11,18.14,2085039.59
Avalanche,15/02/2023,AVAX,18.15,19.96,17.91,19.94,2162105.31
Avalanche,16/02/2023,AVAX,19.94,20.39,18.55,18.59,3100356.46
Avalanche,17/02/2023,AVAX,18.59,19.65,18.48,19.45,1832312.79
Avalanche,18/02/2023,AVAX,19.46,20.11,19.29,19.54,2371957.08
Avalanche,19/02/2023,AVAX,19.55,20.42,19.26,19.81,2282135.36
Avalanche,20/02/2023,AVAX,19.8,21.38,19.02,20.82,3948087.09
Avalanche,21/02/2023,AVAX,20.82,21.66,19.9,20.98,4109262.76
Avalanche,22/02/2023,AVAX,20.98,21.56,19.58,20.32,5077444.91
Avalanche,23/02/2023,AVAX,20.31,20.73,19.52,19.71,2303332.47
Avalanche,24/02/2023,AVAX,19.72,19.82,18.03,18.39,2530031.98
Avalanche,25/02/2023,AVAX,18.39,18.62,17.44,17.94,2202952.2
Avalanche,26/02/2023,AVAX,17.95,18.57,17.82,18.43,1010025.02
Avalanche,27/02/2023,AVAX,18.44,18.65,17.71,17.93,1411212.86
Avalanche,28/02/2023,AVAX,17.93,17.94,16.93,17.09,1522776.6
Avalanche,01/03/2023,AVAX,17.1,17.83,16.98,17.77,1103389.17
Avalanche,02/03/2023,AVAX,17.76,17.86,17.11,17.47,877078.59
Avalanche,03/03/2023,AVAX,17.47,17.48,15.81,16.66,2000407.8
Avalanche,04/03/2023,AVAX,16.66,16.9,15.74,16.14,1088928.35
Avalanche,05/03/2023,AVAX,16.14,16.52,16.06,16.14,745976.87
Avalanche,06/03/2023,AVAX,16.14,16.7,15.82,16.52,1348393.86
Avalanche,07/03/2023,AVAX,16.51,16.73,15.85,16.17,1448118.8
Avalanche,08/03/2023,AVAX,16.17,16.26,15,15.12,1623242.29
Avalanche,09/03/2023,AVAX,15.11,15.69,14.2,14.41,2487752.3
Avalanche,10/03/2023,AVAX,14.42,15.28,13.88,14.8,3176465.15
Avalanche,11/03/2023,AVAX,14.79,15.19,13.93,14.51,2626062.79
Avalanche,12/03/2023,AVAX,14.51,16.29,14.2,16.18,2935250.36
Avalanche,13/03/2023,AVAX,16.17,16.78,15.45,16.47,3653015.82
Avalanche,14/03/2023,AVAX,16.47,17.91,16.07,17.15,4819447.82
Avalanche,15/03/2023,AVAX,17.15,17.42,15.33,15.55,3381885.34
Avalanche,16/03/2023,AVAX,15.55,16.09,15.24,15.83,2101663.41
Avalanche,17/03/2023,AVAX,15.83,17.77,15.63,17.64,2625807.19
Avalanche,18/03/2023,AVAX,17.64,18.25,16.85,16.98,2990812.4
Avalanche,19/03/2023,AVAX,16.99,18.08,16.96,17.53,1927204.31
Avalanche,20/03/2023,AVAX,17.53,17.78,16.52,16.64,2421215.7
Avalanche,21/03/2023,AVAX,16.64,17.55,16.33,17.44,2044599.43
Avalanche,22/03/2023,AVAX,17.43,17.93,16.26,16.74,3533834.3
Avalanche,23/03/2023,AVAX,16.75,17.9,16.57,17.54,2132767.64
Avalanche,24/03/2023,AVAX,17.54,17.65,16.66,16.95,1168422.63
Avalanche,25/03/2023,AVAX,16.96,17.15,16.38,16.89,1012240.42
Avalanche,26/03/2023,AVAX,16.89,17.29,16.86,17.12,842868.94
Avalanche,27/03/2023,AVAX,17.12,17.15,16,16.49,1496965.41
Avalanche,28/03/2023,AVAX,16.48,16.85,16.3,16.71,1416651.25
Avalanche,29/03/2023,AVAX,16.72,17.41,16.65,17.31,1647283.13
Avalanche,30/03/2023,AVAX,17.32,17.57,16.91,17.23,1878919.84
Avalanche,31/03/2023,AVAX,17.23,17.84,17.08,17.7,1573547.04
Avalanche,01/04/2023,AVAX,17.7,17.89,17.54,17.8,864902.81
Avalanche,02/04/2023,AVAX,17.79,17.85,17.06,17.25,918449.47
Avalanche,03/04/2023,AVAX,17.24,17.45,16.65,17.11,1669238.44
Avalanche,04/04/2023,AVAX,17.1,17.67,16.97,17.65,1290395.25
Avalanche,05/04/2023,AVAX,17.65,18.38,17.44,18,2189499.57
Avalanche,06/04/2023,AVAX,17.99,18.35,17.63,17.97,1494645.37
Avalanche,07/04/2023,AVAX,17.98,18.14,17.42,17.6,1023361.07
Avalanche,08/04/2023,AVAX,17.6,17.74,17.33,17.45,565313.8
Avalanche,09/04/2023,AVAX,17.45,17.65,17.25,17.54,627757.54
Avalanche,10/04/2023,AVAX,17.54,17.97,17.37,17.94,1022190.46
Avalanche,11/04/2023,AVAX,17.93,18.62,17.87,18.14,1487121.23
Avalanche,12/04/2023,AVAX,18.13,19.21,17.68,18.26,3554063.45
Avalanche,13/04/2023,AVAX,18.26,19.08,18.11,18.84,2456777.92
Avalanche,14/04/2023,AVAX,18.83,19.32,18.46,19.22,2348398.47
Avalanche,15/04/2023,AVAX,19.22,19.52,18.99,19.07,1527045.96
Avalanche,16/04/2023,AVAX,19.07,20.55,18.84,20.17,2486851.7
Avalanche,17/04/2023,AVAX,20.17,21.28,19.96,20.51,4308383.8
Avalanche,18/04/2023,AVAX,20.52,21.56,20.26,21.2,2400684.58
Avalanche,19/04/2023,AVAX,21.2,21.22,18.55,18.98,3606353.32
Avalanche,20/04/2023,AVAX,18.98,19.43,18.13,18.3,2533024.6
Avalanche,21/04/2023,AVAX,18.3,18.52,16.72,16.94,2949411.14
Avalanche,22/04/2023,AVAX,16.94,17.36,16.81,17.21,1163505.95
Avalanche,23/04/2023,AVAX,17.22,17.25,16.49,16.84,1071665.53
Avalanche,24/04/2023,AVAX,16.85,17.26,16.54,16.92,1229193.95
Avalanche,25/04/2023,AVAX,16.93,17.77,16.75,17.63,1680320.99
Avalanche,26/04/2023,AVAX,17.62,18.24,16.27,17.18,2820375.37
Avalanche,27/04/2023,AVAX,17.18,17.93,17.11,17.72,1574922.98
Avalanche,28/04/2023,AVAX,17.72,17.81,17.21,17.55,915809.55
Avalanche,29/04/2023,AVAX,17.56,17.72,17.33,17.49,596818.68
Avalanche,30/04/2023,AVAX,17.49,17.85,17.07,17.1,893876.28
Avalanche,01/05/2023,AVAX,17.1,17.21,16.51,16.65,1160711.97
Avalanche,02/05/2023,AVAX,16.64,16.97,16.49,16.84,781092.7
Avalanche,03/05/2023,AVAX,16.84,17.37,16.39,17.21,1404905.59
Avalanche,04/05/2023,AVAX,17.22,17.27,16.78,16.93,913527.62
Avalanche,05/05/2023,AVAX,16.93,17.73,16.73,17.38,1637028.01
Avalanche,06/05/2023,AVAX,17.38,17.51,16.43,16.58,1231115.03
Avalanche,07/05/2023,AVAX,16.58,16.73,16.31,16.41,783994.9
Avalanche,08/05/2023,AVAX,16.41,16.5,14.8,15.42,2627129.13
Avalanche,09/05/2023,AVAX,15.42,15.58,15.21,15.31,965502.37
Avalanche,10/05/2023,AVAX,15.32,15.74,14.66,15.52,2652746.29
Avalanche,11/05/2023,AVAX,15.52,15.53,14.76,14.95,1333686.77
Avalanche,12/05/2023,AVAX,14.96,15.22,14.52,15.19,1520092.84
Avalanche,13/05/2023,AVAX,15.19,15.21,14.9,14.91,588938.52
Avalanche,14/05/2023,AVAX,14.91,15.14,14.79,15.03,651517.07
Avalanche,15/05/2023,AVAX,15.02,15.35,14.8,15.08,1309248.51
Avalanche,16/05/2023,AVAX,15.08,15.16,14.73,14.9,1044669.55
Avalanche,17/05/2023,AVAX,14.91,15.3,14.61,15.17,1366340.39
Avalanche,18/05/2023,AVAX,15.18,15.19,14.42,14.68,1392832.43
Avalanche,19/05/2023,AVAX,14.68,14.84,14.56,14.68,850528.6
Avalanche,20/05/2023,AVAX,14.68,14.71,14.53,14.63,449868.14
Avalanche,21/05/2023,AVAX,14.63,14.7,14.17,14.31,799580.25
Avalanche,22/05/2023,AVAX,14.31,14.79,14.08,14.68,1338597.29
Avalanche,23/05/2023,AVAX,14.68,14.97,14.6,14.71,1082049.27
Avalanche,24/05/2023,AVAX,14.71,14.72,14,14.14,1527725.49
Avalanche,25/05/2023,AVAX,14.14,14.25,13.71,14.08,1411087.75
Avalanche,26/05/2023,AVAX,14.08,14.39,13.96,14.33,1159336.18
Avalanche,27/05/2023,AVAX,14.33,14.62,14.26,14.56,866210.61
Avalanche,28/05/2023,AVAX,14.56,15.06,14.24,14.89,1663810.9
Avalanche,29/05/2023,AVAX,14.9,14.98,14.35,14.48,1345784.55
Avalanche,30/05/2023,AVAX,14.48,14.73,14.37,14.45,1193651.11
Avalanche,31/05/2023,AVAX,14.44,14.46,13.96,14.11,1145769.56
Avalanche,01/06/2023,AVAX,14.1,14.3,13.83,14.09,1037684.09
Avalanche,02/06/2023,AVAX,14.09,14.57,13.96,14.49,1166756.42
Avalanche,03/06/2023,AVAX,14.49,14.6,14.39,14.58,728715.16
Avalanche,04/06/2023,AVAX,14.57,14.93,14.52,14.79,1070607.7
Avalanche,05/06/2023,AVAX,14.79,14.9,13.48,13.87,2829208.26
Avalanche,06/06/2023,AVAX,13.87,14.67,13.81,14.62,1992149.85
Avalanche,07/06/2023,AVAX,14.63,14.7,13.95,14.02,1702244.4
Avalanche,08/06/2023,AVAX,14.01,14.11,13.79,13.93,920454.95
Avalanche,09/06/2023,AVAX,13.93,14.25,13.7,13.75,1330825.25
Avalanche,10/06/2023,AVAX,13.76,13.76,10,11.65,7634205.663
Avalanche,11/06/2023,AVAX,11.65,11.81,11.44,11.58,1692031.53
Avalanche,12/06/2023,AVAX,11.58,11.61,11.16,11.52,1987087.75
Avalanche,13/06/2023,AVAX,11.52,12.08,11.43,11.8,1946941.54
Avalanche,14/06/2023,AVAX,11.8,11.96,11.16,11.38,2059036.04
Avalanche,15/06/2023,AVAX,11.39,11.57,11.02,11.41,2323911.7
Avalanche,16/06/2023,AVAX,11.4,11.73,11.22,11.55,1210256.45
Avalanche,17/06/2023,AVAX,11.54,11.85,11.47,11.62,1144774.1
Avalanche,18/06/2023,AVAX,11.63,11.63,11.25,11.34,1329941.71
Avalanche,19/06/2023,AVAX,11.34,11.52,11.17,11.47,1123434.72
Avalanche,20/06/2023,AVAX,11.48,12.13,11.17,12.12,1626750.24
Avalanche,21/06/2023,AVAX,12.12,13.04,12.06,12.9,2738855.15
Avalanche,22/06/2023,AVAX,12.9,13.24,12.58,12.65,2240979.03
Avalanche,23/06/2023,AVAX,12.66,13.51,12.62,13.29,2283130.73
Avalanche,24/06/2023,AVAX,13.28,13.4,12.73,13.01,1396657.31
Avalanche,25/06/2023,AVAX,13.01,13.68,12.97,13.44,1464082.61
Avalanche,26/06/2023,AVAX,13.44,13.69,12.96,13.15,2115880.03
Avalanche,27/06/2023,AVAX,13.15,13.47,13.09,13.2,1323233.27
Avalanche,28/06/2023,AVAX,13.2,13.21,12.08,12.34,2629569.82
Avalanche,29/06/2023,AVAX,12.34,12.96,12.27,12.67,1769980.72
Avalanche,30/06/2023,AVAX,12.68,13.34,12.12,13.03,3869609.02
Avalanche,01/07/2023,AVAX,13.03,13.16,12.83,12.99,1571688.38
Avalanche,02/07/2023,AVAX,13,13.22,12.71,13.13,2019538.49
Avalanche,03/07/2023,AVAX,13.13,13.49,13.07,13.25,2397430.98
Avalanche,04/07/2023,AVAX,13.25,13.4,13,13.04,2120178.89
Avalanche,05/07/2023,AVAX,13.04,13.16,12.5,12.67,1996286.11
Avalanche,06/07/2023,AVAX,12.67,13.12,12.24,12.37,2295716.98
Avalanche,07/07/2023,AVAX,12.37,12.75,12.25,12.74,1501124.31
Avalanche,08/07/2023,AVAX,12.74,13.89,12.72,13.64,4132298.8
Avalanche,09/07/2023,AVAX,13.64,14.21,13.57,13.58,2882299.75
Avalanche,10/07/2023,AVAX,13.58,13.85,13.16,13.39,2544390.52
Avalanche,11/07/2023,AVAX,13.38,13.69,13.15,13.27,2000014.47
Avalanche,12/07/2023,AVAX,13.26,13.38,12.85,13.01,1755979.45
Avalanche,13/07/2023,AVAX,13.01,14.2,12.89,14.11,4270359.34
Avalanche,14/07/2023,AVAX,14.11,15.97,14.02,14.64,8887780
Avalanche,15/07/2023,AVAX,14.63,15.35,14.41,14.84,2332639.5
Avalanche,16/07/2023,AVAX,14.84,14.93,14.16,14.29,1645509.68
Avalanche,17/07/2023,AVAX,14.29,14.62,13.8,14.4,1862297.69
Avalanche,18/07/2023,AVAX,14.4,14.59,13.61,13.8,1504811.26
Avalanche,19/07/2023,AVAX,13.8,14.27,13.76,13.99,1249131.35
Avalanche,20/07/2023,AVAX,13.99,14.42,13.68,13.88,1776280.27
Avalanche,21/07/2023,AVAX,13.87,14.07,13.72,13.98,920020.15
Avalanche,22/07/2023,AVAX,13.98,14.05,13.29,13.53,911581.17
Avalanche,23/07/2023,AVAX,13.52,13.75,13.39,13.54,798875.26
Avalanche,24/07/2023,AVAX,13.54,13.6,12.77,13.11,1501733.4
Avalanche,25/07/2023,AVAX,13.11,13.55,13.04,13.33,1578349.7
Avalanche,26/07/2023,AVAX,13.34,13.47,13.08,13.27,1381301.05
Avalanche,27/07/2023,AVAX,13.27,13.43,13.02,13.15,898069.06
Avalanche,28/07/2023,AVAX,13.15,13.3,13.01,13.22,669907.99
Avalanche,29/07/2023,AVAX,13.23,13.3,13.15,13.23,306523.52
Avalanche,30/07/2023,AVAX,13.24,13.41,12.92,13.12,898388.07
Avalanche,31/07/2023,AVAX,13.12,13.42,12.69,12.82,1110757.24
Avalanche,01/08/2023,AVAX,12.81,12.9,12.4,12.89,1385072.75
Avalanche,02/08/2023,AVAX,12.89,12.96,12.42,12.55,1017575.22
Avalanche,03/08/2023,AVAX,12.54,12.64,12.36,12.44,956470.45
Avalanche,04/08/2023,AVAX,12.45,12.61,12.25,12.41,699345.21
Avalanche,05/08/2023,AVAX,12.41,12.45,12.29,12.45,412492.25
Avalanche,06/08/2023,AVAX,12.45,12.67,12.42,12.59,562034.72
Avalanche,07/08/2023,AVAX,12.6,12.77,12.2,12.47,1011365.55
Avalanche,08/08/2023,AVAX,12.46,12.81,12.38,12.68,1262794.87
Avalanche,09/08/2023,AVAX,12.69,12.81,12.5,12.62,824323.31
Avalanche,10/08/2023,AVAX,12.63,12.67,12.47,12.48,902127.87
Avalanche,11/08/2023,AVAX,12.49,12.55,12.35,12.44,499834.93
Avalanche,12/08/2023,AVAX,12.44,12.49,12.35,12.39,316232.47
Avalanche,13/08/2023,AVAX,12.4,12.43,12.2,12.27,504796.73
Avalanche,14/08/2023,AVAX,12.27,12.46,12.15,12.37,698660.88
Avalanche,15/08/2023,AVAX,12.37,12.38,11.29,11.83,1220493.22
Avalanche,16/08/2023,AVAX,11.83,11.87,11.07,11.38,1453581.04
Avalanche,17/08/2023,AVAX,11.39,11.51,9.99,10.57,2153968.62
Avalanche,18/08/2023,AVAX,10.58,11,10.53,10.81,1456015.19
Avalanche,19/08/2023,AVAX,10.8,10.89,10.56,10.81,867573.99
Avalanche,20/08/2023,AVAX,10.81,10.93,10.74,10.86,444700.39
Avalanche,21/08/2023,AVAX,10.87,10.87,10.15,10.36,1327961.76
Avalanche,22/08/2023,AVAX,10.36,10.38,9.71,10.15,1950280.84
Avalanche,23/08/2023,AVAX,10.15,10.47,10.06,10.33,1041985.33
Avalanche,24/08/2023,AVAX,10.34,10.36,9.98,10.12,907479.29
Avalanche,25/08/2023,AVAX,10.12,10.13,9.89,10.04,1276333.67
Avalanche,26/08/2023,AVAX,10.05,10.13,10.01,10.09,400362.23
Avalanche,27/08/2023,AVAX,10.1,10.28,10.07,10.2,542549.14
Avalanche,28/08/2023,AVAX,10.21,10.45,9.91,10.37,1100627.11
Avalanche,29/08/2023,AVAX,10.37,11.21,10.33,10.81,2530985.01
Avalanche,30/08/2023,AVAX,10.81,10.83,10.33,10.41,1031201.84
Avalanche,31/08/2023,AVAX,10.4,10.55,9.82,9.98,1826854.02
Avalanche,01/09/2023,AVAX,9.98,10.07,9.75,9.92,947344.83
Avalanche,02/09/2023,AVAX,9.92,9.97,9.76,9.92,504146.54
Avalanche,03/09/2023,AVAX,9.92,9.99,9.83,9.88,412221.11
Avalanche,04/09/2023,AVAX,9.88,10.05,9.68,9.81,769303.74
Avalanche,05/09/2023,AVAX,9.81,9.97,9.65,9.91,726190.8
Avalanche,06/09/2023,AVAX,9.91,10.05,9.76,9.95,806313.46
Avalanche,07/09/2023,AVAX,9.94,10.14,9.83,10.1,675529.11
Avalanche,08/09/2023,AVAX,10.09,10.15,9.84,9.93,689024.96
Avalanche,09/09/2023,AVAX,9.92,9.93,9.83,9.84,320699.91
Avalanche,10/09/2023,AVAX,9.83,9.84,9.22,9.47,1644037.72
Avalanche,11/09/2023,AVAX,9.46,9.51,9.05,9.23,1436614.67
Avalanche,12/09/2023,AVAX,9.24,9.6,9.19,9.22,1493579.6
Avalanche,13/09/2023,AVAX,9.22,9.46,9.1,9.29,1166588.89
Avalanche,14/09/2023,AVAX,9.29,9.48,9.25,9.4,846740.43
Avalanche,15/09/2023,AVAX,9.4,9.52,9.18,9.43,1025374.07
Avalanche,16/09/2023,AVAX,9.42,9.61,9.36,9.38,874568.63
Avalanche,17/09/2023,AVAX,9.38,9.38,9,9.1,1030936.69
Avalanche,18/09/2023,AVAX,9.09,9.31,8.81,9.11,1649478.75
Avalanche,19/09/2023,AVAX,9.11,9.31,9.04,9.21,1104724.32
Avalanche,20/09/2023,AVAX,9.21,9.24,8.86,9.05,1653192.29
Avalanche,21/09/2023,AVAX,9.05,9.11,8.77,8.83,1429451.17
Avalanche,22/09/2023,AVAX,8.82,8.92,8.72,8.87,897556.95
Avalanche,23/09/2023,AVAX,8.86,8.99,8.83,8.9,639062.46
Avalanche,24/09/2023,AVAX,8.9,9.05,8.73,8.78,1047017.16
Avalanche,25/09/2023,AVAX,8.78,8.96,8.61,8.95,974057.28
Avalanche,26/09/2023,AVAX,8.95,9.07,8.85,9.04,934956.91
Avalanche,27/09/2023,AVAX,9.05,9.19,8.81,8.92,1223697.83
Avalanche,28/09/2023,AVAX,8.93,9.36,8.91,9.27,1399102.7
Avalanche,29/09/2023,AVAX,9.28,9.37,9.07,9.17,1405080.87
Avalanche,30/09/2023,AVAX,9.17,9.3,9.11,9.24,805999.91
Avalanche,01/10/2023,AVAX,9.23,9.83,9.21,9.75,1684642.75
Avalanche,02/10/2023,AVAX,9.75,9.84,9.15,9.31,1934866.84
Avalanche,03/10/2023,AVAX,9.32,9.48,9.23,9.42,1282164.09
Avalanche,04/10/2023,AVAX,9.42,10.3,9.11,10.1,3916501.71
Avalanche,05/10/2023,AVAX,10.1,10.35,9.81,10.14,3629799.18
Avalanche,06/10/2023,AVAX,10.14,10.83,10.12,10.66,3037211.24
Avalanche,07/10/2023,AVAX,10.66,11.88,10.24,10.35,5342085.38
Avalanche,08/10/2023,AVAX,10.34,10.54,9.95,10.09,1875461.06
Avalanche,09/10/2023,AVAX,10.08,10.09,9.28,9.54,2374413.48
Avalanche,10/10/2023,AVAX,9.54,9.86,9.42,9.53,1854748.33
Avalanche,11/10/2023,AVAX,9.52,9.57,9.2,9.3,1815554.11
Avalanche,12/10/2023,AVAX,9.31,9.32,8.88,9.12,2057336.14
Avalanche,13/10/2023,AVAX,9.11,9.35,9,9.15,1415530.31
Avalanche,14/10/2023,AVAX,9.15,9.25,9.11,9.15,469812.77
Avalanche,15/10/2023,AVAX,9.15,9.27,9.07,9.17,998932.66
Avalanche,16/10/2023,AVAX,9.18,9.83,9.17,9.4,2396526.73
Avalanche,17/10/2023,AVAX,9.4,9.42,9.01,9.1,2216404.32
Avalanche,18/10/2023,AVAX,9.11,9.21,8.84,8.91,1617532.29
Avalanche,19/10/2023,AVAX,8.9,9.12,8.65,9.06,1655127.66
Avalanche,20/10/2023,AVAX,9.06,9.39,9.02,9.22,1958799.09
Avalanche,21/10/2023,AVAX,9.22,9.81,9.17,9.63,2742101.15
Avalanche,22/10/2023,AVAX,9.64,10.09,9.53,10.09,3289863.42
Avalanche,23/10/2023,AVAX,10.09,10.68,9.86,10.58,5134792.1
Avalanche,24/10/2023,AVAX,10.59,10.8,10.06,10.32,4867065.26
Avalanche,25/10/2023,AVAX,10.33,10.64,10.17,10.52,2884290.26
Avalanche,26/10/2023,AVAX,10.52,11.47,10.37,11.05,6154843.18
Avalanche,27/10/2023,AVAX,11.05,11.07,10.38,10.59,2529788.17
Avalanche,28/10/2023,AVAX,10.6,11.09,10.55,10.97,2619953.67
Avalanche,29/10/2023,AVAX,10.97,11.44,10.77,11.37,2022533.88
Avalanche,30/10/2023,AVAX,11.38,11.69,11.06,11.46,2156521.47
Avalanche,31/10/2023,AVAX,11.46,11.76,11,11.33,3346450.77
Avalanche,01/11/2023,AVAX,11.32,12.33,10.88,12.23,4822225.84
Avalanche,02/11/2023,AVAX,12.23,12.55,11.43,11.88,4220621.92
Avalanche,03/11/2023,AVAX,11.88,12.19,11.43,12.11,2411690.33
Avalanche,04/11/2023,AVAX,12.12,12.33,11.92,12.22,1471832.59
Avalanche,05/11/2023,AVAX,12.21,12.67,12.1,12.35,2559244.68
Avalanche,06/11/2023,AVAX,12.34,13.17,12.24,13.08,2999305.97
Avalanche,07/11/2023,AVAX,13.07,13.1,12.29,12.81,2677547.02
Avalanche,08/11/2023,AVAX,12.8,13.15,12.66,12.99,2037125.6
Avalanche,09/11/2023,AVAX,12.98,13.96,11.9,12.96,6349228.52
Avalanche,10/11/2023,AVAX,12.97,14.85,12.88,14.74,7715255.48
Avalanche,11/11/2023,AVAX,14.75,17,13.99,16.79,10333477.54
Avalanche,12/11/2023,AVAX,16.8,19.73,15.87,18.98,12880795.74
Avalanche,13/11/2023,AVAX,18.98,19.75,16.1,16.12,9459851.54
Avalanche,14/11/2023,AVAX,16.12,18.1,15.56,17.05,10623733.95
Avalanche,15/11/2023,AVAX,17.05,20.95,17.01,20.7,14801379.2
Avalanche,16/11/2023,AVAX,20.69,24.07,20.23,21.71,17186161.77
Avalanche,17/11/2023,AVAX,21.71,24.69,20,21.94,15838526.82
Avalanche,18/11/2023,AVAX,21.94,22.69,20.17,21.99,6017391.55
Avalanche,19/11/2023,AVAX,22,23.04,20.75,22.85,5314132.45
Avalanche,20/11/2023,AVAX,22.84,23.25,20.71,20.85,5827146.19
Avalanche,21/11/2023,AVAX,20.86,22.29,18.9,19.02,11207307.49
Avalanche,22/11/2023,AVAX,19.02,21.25,18.96,20.78,6214364.77
Avalanche,23/11/2023,AVAX,20.79,21.49,20.42,20.64,3128091.29
Avalanche,24/11/2023,AVAX,20.64,21.88,20.45,20.89,3692026.02
Avalanche,25/11/2023,AVAX,20.89,21.48,20.63,21.36,2069224.51
Avalanche,26/11/2023,AVAX,21.36,21.52,20.1,21.06,2825385.24
Avalanche,27/11/2023,AVAX,21.07,21.3,19.82,20.35,2994013.72
Avalanche,28/11/2023,AVAX,20.36,20.86,19.47,20.68,3188388.54
Avalanche,29/11/2023,AVAX,20.69,21.56,20.55,21.12,3710793.82
Avalanche,30/11/2023,AVAX,21.12,21.5,20.81,21.39,2759264.75
Avalanche,01/12/2023,AVAX,21.4,22.64,21.1,21.87,4149300.78
Avalanche,02/12/2023,AVAX,21.86,22.45,21.75,22.24,2115296.06
Avalanche,03/12/2023,AVAX,22.24,22.74,21.59,21.94,2457069.2
Avalanche,04/12/2023,AVAX,21.94,23.2,20.56,22.68,5307454.35
Avalanche,05/12/2023,AVAX,22.67,24.83,21.81,24.54,6173878.71
Avalanche,06/12/2023,AVAX,24.54,27.68,24.45,26.2,10747936.78
Avalanche,07/12/2023,AVAX,26.2,27.9,25.71,26.28,7035602.62
Avalanche,08/12/2023,AVAX,26.28,30.8,26.03,30.44,8000503.43
Avalanche,09/12/2023,AVAX,30.44,34.26,30.44,31.91,10263975.2
Avalanche,10/12/2023,AVAX,31.91,37.99,31.52,37.14,9029970.15
Avalanche,11/12/2023,AVAX,37.14,39.39,31.6,38.04,17625128.99
Avalanche,12/12/2023,AVAX,38.04,42.89,36,37.49,12429466.44
Avalanche,13/12/2023,AVAX,37.49,41.47,34.02,38.99,11810098.4
Avalanche,14/12/2023,AVAX,38.98,40.34,36.51,39.3,7164273.35
Avalanche,15/12/2023,AVAX,39.29,42.27,38.52,39.71,8958206.04
Avalanche,16/12/2023,AVAX,39.72,45.33,38.5,42.22,8705680.65
Avalanche,17/12/2023,AVAX,42.23,44.06,40.28,40.62,4937788.07
Avalanche,18/12/2023,AVAX,40.62,41.44,36.5,41.16,6850358.5
Avalanche,19/12/2023,AVAX,41.15,42.17,38.73,39.74,4755734.07
Avalanche,20/12/2023,AVAX,39.73,44.49,39.08,43.46,6459700.84
Avalanche,21/12/2023,AVAX,43.46,47.38,43.06,45.97,7253794.87
Avalanche,22/12/2023,AVAX,45.96,48.88,43.66,45.35,6546935.03
Avalanche,23/12/2023,AVAX,45.35,48.27,43.34,48.05,4660235.64
Avalanche,24/12/2023,AVAX,48.04,49.96,46.32,47.68,6410094.86
Avalanche,25/12/2023,AVAX,47.68,48.9,45.94,48.18,4146186.27
Avalanche,26/12/2023,AVAX,48.18,48.35,40.53,44.41,4773394.73
Avalanche,27/12/2023,AVAX,44.41,44.95,41.87,42.39,4199478.73
Avalanche,28/12/2023,AVAX,42.4,43.39,39.23,39.8,5049991.19
Avalanche,29/12/2023,AVAX,39.8,42.15,38.5,40.18,5054515.59
Avalanche,30/12/2023,AVAX,40.18,40.36,38.15,39.33,2217519.52
Avalanche,31/12/2023,AVAX,39.33,40.55,37.51,38.55,2208181.77
Avalanche,01/01/2024,AVAX,38.57,42,38,41.94,2734126.31
Avalanche,02/01/2024,AVAX,41.95,43.44,40.31,40.61,3642001.26
Avalanche,03/01/2024,AVAX,40.61,41.43,33.06,36.8,6289630.67
Avalanche,04/01/2024,AVAX,36.79,39.45,36.07,38.72,3541865.71
Avalanche,05/01/2024,AVAX,38.72,38.91,35,36.46,3385914.09
Avalanche,06/01/2024,AVAX,36.46,36.51,33.42,34.61,2367153.87
Avalanche,07/01/2024,AVAX,34.62,35.78,33.08,33.64,2727132.92
Avalanche,08/01/2024,AVAX,33.65,36.46,31.12,36.08,5416852.99
Avalanche,09/01/2024,AVAX,36.08,37.6,33.78,34.65,4305952.25
Avalanche,10/01/2024,AVAX,34.64,39.55,33.32,38.53,4360929.64
Avalanche,11/01/2024,AVAX,38.54,41.85,37.54,39.29,5071643.06
Avalanche,12/01/2024,AVAX,39.29,39.59,34.34,35.93,3189656.48
Avalanche,13/01/2024,AVAX,35.93,36.63,34.7,36.49,1741500.31
Avalanche,14/01/2024,AVAX,36.48,37.86,35.28,35.29,2179493.62
Avalanche,15/01/2024,AVAX,35.28,36.81,35.16,35.61,1568139.13
Avalanche,16/01/2024,AVAX,35.6,36.54,34.74,35.57,1813027.08
Avalanche,17/01/2024,AVAX,35.58,36.51,35.25,36.06,2106057.31
Avalanche,18/01/2024,AVAX,36.07,36.19,32.72,33.59,2528256.1
Avalanche,19/01/2024,AVAX,33.59,33.75,31.18,32.73,2406347.38
Avalanche,20/01/2024,AVAX,32.74,32.99,32.03,32.89,1224130.01
Avalanche,21/01/2024,AVAX,32.87,33.5,32.45,32.54,1038127.76
Avalanche,22/01/2024,AVAX,32.54,32.74,29.32,29.53,3467720.04
Avalanche,23/01/2024,AVAX,29.53,30.88,27.24,30.63,4731522.21
Avalanche,24/01/2024,AVAX,30.64,31.91,29.49,31.2,3391798.91
Avalanche,25/01/2024,AVAX,31.19,31.36,29.61,30.51,2064388.45
Avalanche,26/01/2024,AVAX,30.51,33.11,30.12,32.26,2655940.67
Avalanche,27/01/2024,AVAX,32.26,33.32,31.85,33.28,1194938.73
Avalanche,28/01/2024,AVAX,33.29,36.72,33.19,34.82,4440497
Avalanche,29/01/2024,AVAX,34.83,36.55,34.34,36.06,3030189.03
Avalanche,30/01/2024,AVAX,36.07,37.15,35,35.22,2959029.15
Avalanche,31/01/2024,AVAX,35.23,35.5,33.13,33.17,2629653.91
Avalanche,01/02/2024,AVAX,33.18,33.97,32.3,33.85,2100203.11
Avalanche,02/02/2024,AVAX,33.87,36.94,33.76,36.76,3620321.22
Avalanche,03/02/2024,AVAX,36.76,37.6,35.4,35.95,1968125.41
Avalanche,04/02/2024,AVAX,35.96,36.53,34.68,34.87,1546090.99
Avalanche,05/02/2024,AVAX,34.86,35.92,34.11,34.55,2069405.65
Avalanche,06/02/2024,AVAX,34.55,34.75,33.72,34.16,1814138.17
Avalanche,07/02/2024,AVAX,34.16,35.5,33.65,35.28,2098188.17
Avalanche,08/02/2024,AVAX,35.28,36.15,35.08,35.42,2450459.44
Avalanche,09/02/2024,AVAX,35.43,38.61,35.41,38,4106859.37
Avalanche,10/02/2024,AVAX,38,41.24,38,40.2,3494637.43
Avalanche,11/02/2024,AVAX,40.2,41.2,39.33,39.72,2087708.31
Avalanche,12/02/2024,AVAX,39.73,41.18,38.38,40.97,4287581.66
